customer_id,age,tenure_months,monthly_charges,total_charges,num_support_calls,churn
1,56,24,76.29312315051159,1911.7028082922754,0,1
2,69,65,55.207647980909854,1744.0561940765638,7,1
3,46,18,80.60646961849177,4403.829331693595,9,0
4,32,44,28.91366797454578,6752.155012697075,5,0
5,60,57,20.95860177414676,6021.077801535767,9,1
6,25,28,21.709352012035538,5815.941788838124,0,0
7,38,71,60.75429379342162,2332.800235101834,2,0
8,56,23,42.807759410306325,277.88253095555774,8,0
9,36,34,35.733770580004766,1377.811492139594,8,1
10,40,11,81.53260156181705,2860.839078999463,5,1
11,28,35,119.50950426131811,7776.3016295045845,2,0
12,28,42,37.77532036155364,7366.241917993649,7,0
13,41,28,74.64214242139388,1685.092239402184,5,0
14,53,24,31.972751399989377,5832.417576079096,0,0
15,57,8,113.4236441072139,4674.233169536714,5,0
16,41,53,49.175516857058504,493.75693569303746,4,0
17,20,4,107.83398200433784,3036.4743292588587,7,1
18,39,5,48.30764392503768,3939.9825488906304,1,0
19,19,49,100.60524801867194,5373.835574465804,6,1
20,41,30,40.93813334457727,2429.7504165141036,5,1
21,61,63,49.27894301534444,7477.167169530409,0,0
22,47,47,39.2475365403634,3669.8445479589896,7,0
23,55,26,46.425987784965564,2063.384030524024,5,1
24,19,57,103.48657553333153,2599.781889253257,2,0
25,38,37,83.90324975466974,6039.894886089817,4,1
26,50,7,60.5879668837224,5158.254403839051,6,1
27,29,40,117.15210270821562,5963.206369421662,8,1
28,39,39,66.48615271295738,2409.5004200351086,3,0
29,61,62,116.97599712588514,2682.1040861780007,1,0
30,42,53,39.65869229108602,3234.0810207512022,2,0
31,66,4,110.46384271149493,1589.8846881105314,6,1
32,44,25,21.38222040974947,5559.25190499636,7,1
33,59,7,74.53032023657575,2701.8611612150044,4,0
34,45,28,62.30523942920148,2677.2661707213365,2,0
35,33,69,72.50878454719793,2227.983262108405,0,0
36,32,67,75.34448319476991,3677.3396571412604,9,1
37,64,20,58.90313540677109,6198.611025950264,0,0
38,68,11,119.81978468860952,6701.30877312036,1,1
39,61,67,117.65071903006259,6455.612233697491,4,1
40,69,7,116.17453767045951,5007.429263133907,2,1
41,20,23,117.90850473765879,2315.377526960398,6,1
42,54,61,99.30123987693986,5905.356125886184,1,0
43,68,71,118.8590479026332,410.95933976281674,1,1
44,24,34,109.2360225275142,6405.404017752542,2,1
45,38,19,61.59326370324211,6263.7977561259395,0,0
46,26,58,98.47771083834077,5393.008794094176,1,0
47,56,9,111.20678451256258,873.611054886064,4,1
48,35,48,91.26060735870925,7978.996550673552,2,1
49,21,41,62.27823405656039,6075.632619967862,9,1
50,42,48,26.579024201642525,5904.973964962354,5,1
51,31,45,100.96969370605876,605.662034981561,1,0
52,67,25,115.27428731264703,3249.770499925899,7,0
53,26,25,56.24632602299263,780.7666972111534,3,0
54,43,19,35.19060509889396,2952.1923537914217,2,0
55,19,39,52.65038394705557,4606.835879421749,4,0
56,37,27,78.26223581782463,7043.090288017261,7,1
57,45,63,51.692900328223615,2335.208090656525,8,1
58,64,68,81.0618730196354,5024.975754609969,0,0
59,24,19,116.68522322446306,1400.7501865239644,3,1
60,61,28,87.07344933076826,2896.3144698435704,5,0
61,25,33,56.265936628562166,7583.176054367029,5,0
62,64,10,113.57529714715349,6006.36323310358,8,1
63,52,30,76.56352687011439,4411.865537078656,0,1
64,31,22,32.83723985325666,2088.4047133336767,4,0
65,34,3,69.89810051937616,3099.671258886721,9,1
66,53,48,85.36364449100499,1337.8773374348646,0,1
67,67,2,103.82543658167386,2892.390825466781,5,1
68,57,54,113.64767867076473,1289.9993276688194,8,1
69,21,6,51.74161337163852,6382.925560787803,3,1
70,19,40,35.55123640790368,737.9968105440768,9,1
71,23,2,27.382864219388242,1596.3032904761303,9,1
72,59,2,93.83546027082828,5560.217165267955,8,1
73,21,55,99.51582527154319,7229.882028122573,2,1
74,46,60,60.93731269281668,7720.273717164054,6,1
75,35,6,59.5925407173629,6704.581042252136,4,1
76,43,19,115.4237031654632,1770.627033293177,9,1
77,61,27,111.66813250803274,2357.119158073193,0,1
78,51,1,43.32659019170432,6978.943588688568,6,1
79,27,33,98.08076477498072,7125.730421478475,7,1
80,53,40,82.27003962329401,5161.160009978888,5,0
81,31,32,35.42227391196399,2577.764683576273,0,0
82,48,69,55.67710470865604,1870.047638063216,8,0
83,65,17,37.747294130748244,6833.033324175696,6,0
84,32,8,49.51560388218386,1721.5144877530709,5,1
85,25,57,81.53011757733516,5328.254370391095,3,0
86,31,42,57.52654710434397,7746.831407599644,2,0
87,40,9,59.405951983585716,5671.802000748376,3,0
88,57,35,73.96472926171899,2135.595474000321,0,1
89,38,71,28.722413884172276,2331.7966200681144,8,1
90,33,53,93.87972898494148,833.8687258251528,1,0
91,62,54,60.170953341334005,5521.276170690416,1,0
92,35,25,68.03970882023202,4195.641883564015,2,0
93,64,67,117.42997288546317,1731.1264263357198,0,0
94,41,62,54.4366888318254,1898.5795743404979,9,1
95,43,55,84.82189359739255,171.2939826607466,2,0
96,42,46,59.25043172958107,7829.513252942505,3,0
97,62,24,109.42827186836782,6641.343665773358,8,0
98,58,46,104.67562669950395,3213.942609172963,4,1
99,46,22,44.16242717623843,7574.109821273324,5,0
100,32,11,89.17457126109005,5449.2475193197715,0,1
101,62,48,26.5171995897207,6036.554031459727,2,0
102,18,8,116.318538952989,5471.648449002549,6,1
103,42,39,54.899010801415756,6079.105772438896,6,0
104,24,35,103.1842772584767,1450.4175322710555,9,1
105,26,49,51.84313660773099,4542.944180524904,0,0
106,41,46,83.2770741196872,6810.0725755688145,8,0
107,18,38,118.35907919843318,254.38641336346112,0,1
108,61,8,107.67498631316303,1075.1993317694744,6,1
109,25,54,36.03659099049074,2040.554496322604,1,0
110,41,37,74.74884331494712,2428.340904148648,8,1
111,28,40,54.853178211469015,1543.3605460668066,8,0
112,68,34,63.43388516482918,5032.210080455423,8,1
113,34,17,53.518312921876856,2422.7506624305734,3,1
114,25,33,53.595924819551314,1348.9887653373733,5,1
115,52,47,74.25532437766114,7256.0268392757225,1,0
116,52,52,39.19640091231526,5590.772799223903,2,0
117,50,9,73.73954252333647,2043.8640979434854,5,1
118,22,33,47.89654371983009,2951.533703158257,0,1
119,59,60,48.89829042417996,5952.205946820719,6,1
120,56,21,93.87480290356227,6348.189581206783,1,0
121,58,58,22.959360355993578,1493.84570681981,7,1
122,45,69,58.09457626738071,7498.951064182481,4,0
123,24,10,60.75343801536451,6303.648318021097,6,0
124,26,6,68.51101397181728,6868.834053357445,7,1
125,25,13,86.90110247295387,1236.4845750100646,2,0
126,29,65,56.968678273708655,1232.6005024857259,5,1
127,51,20,41.31371043064551,2512.413869380403,8,0
128,50,57,108.48728405463086,610.7067150372865,3,1
129,65,46,118.1038626681212,819.4318821605901,9,1
130,40,8,22.00146931729328,1231.336528607504,6,1
131,41,10,74.64668510006979,5728.194888211083,0,0
132,54,67,54.17023791091982,338.81930396547347,6,1
133,52,11,47.698957538720926,757.6337728119446,8,0
134,61,12,53.570639086993545,7559.049935866883,9,1
135,57,10,83.88777564262006,760.8877852115182,7,0
136,39,25,39.07160102297949,4345.952725125114,3,0
137,44,49,111.28607116579502,5176.328218875667,2,0
138,52,49,66.61145249394758,7672.888758350831,6,0
139,18,11,52.55768331493284,7208.441471501987,0,0
140,52,62,96.5531331547599,3581.393860774156,7,0
141,54,36,21.634666523619266,7543.0960844003885,0,0
142,64,39,63.18528657380368,3514.900410903553,6,1
143,31,53,55.53036010012299,5392.357852217994,5,1
144,20,56,53.82099099897344,2150.9037586737286,9,0
145,18,1,53.70713620905832,5129.491754527391,7,0
146,22,56,23.12713777472674,4351.692662408457,5,1
147,43,4,35.21164030088398,4893.965237758538,4,1
148,31,30,34.18851593124144,5492.944490535926,8,1
149,56,12,118.8610504819522,1470.2968708068863,3,0
150,44,35,22.216575589061176,2479.976127707729,6,1
151,26,52,36.70736563519982,5916.306956711672,5,0
152,32,31,117.41745086586968,1394.209491538391,9,1
153,32,68,82.82565938100043,2819.497095879712,5,1
154,43,52,65.06671206067313,5365.181659635434,4,1
155,59,7,27.87609330463699,7507.442783014222,1,0
156,30,22,86.96611616328767,694.8716337165561,3,1
157,68,56,33.780298768126784,4180.830312816295,0,0
158,49,58,87.11861221591816,747.0521799782557,8,1
159,56,64,117.91764972000584,3095.1424125171707,8,1
160,66,12,73.19726586169527,1485.5533822900284,7,1
161,69,7,41.40846545026608,5230.563538370256,3,1
162,49,55,82.52837508795982,6086.877160442081,4,0
163,21,62,71.29296877912829,2054.0113318151807,0,0
164,47,55,73.3140263610646,5731.8084775166935,3,1
165,54,36,67.81069461199968,3629.8696090677695,3,0
166,40,24,87.37405742435558,2340.2822400736536,4,1
167,56,44,77.1945362407002,4234.873182625203,1,0
168,62,17,118.69950774543729,3099.2361361856283,1,1
169,32,2,102.58634210423187,1916.9704109864492,1,0
170,60,13,46.46983777110066,6079.073889426875,7,1
171,46,31,92.57565219049737,6400.440776588893,1,0
172,53,28,41.430034938473455,6422.466701964528,5,1
173,30,60,98.23464080813912,3118.928088681987,1,0
174,49,27,34.75576399773422,1439.2747661340459,7,0
175,24,15,67.35538335472381,6739.24912390908,0,0
176,68,33,99.06061983060746,2701.1846242410857,1,0
177,39,20,48.011270230656535,6009.727737790954,4,0
178,45,42,103.71191251316631,6557.859432248506,5,1
179,19,12,84.4150709033972,6168.404731061787,8,0
180,59,23,59.75223291072159,3179.4676424573804,5,0
181,62,14,62.34167093062718,7510.332140055236,7,1
182,23,25,112.59915339198554,5315.283092744088,6,0
183,45,31,41.77910000123793,4648.395646138453,0,0
184,45,54,89.33626151747102,5613.481906392609,1,1
185,61,5,90.72942057415355,453.3442737965816,3,1
186,61,13,112.24496931836367,3185.06828495124,0,1
187,37,28,91.31642687573407,7061.615515385065,7,1
188,47,43,78.4467418058375,1372.5296418161417,3,0
189,28,47,110.25225390162929,3373.7651171170046,6,0
190,45,71,102.91320296483981,3301.45913025857,6,0
191,42,38,91.67764548342262,2912.7295145538933,7,1
192,56,67,23.25783823921745,4542.575497985942,8,1
193,50,62,57.35204182403614,7969.964591726987,8,0
194,18,39,83.18896722018543,2121.2059054143747,6,0
195,44,37,72.2250524356765,5669.161268342433,8,1
196,69,8,51.93183264978438,6088.160482427798,4,1
197,30,52,34.44239155097765,4717.537989469332,9,1
198,58,33,75.29965826889216,870.0579344193299,3,1
199,20,42,48.5917575862213,4621.750629027849,2,1
200,56,27,43.30004898089963,7632.3693578126495,5,1
201,23,8,59.89582270549336,2802.2751406705206,9,1
202,25,23,98.54914332142687,5153.5361983974835,8,1
203,44,64,68.78535023663122,7679.242086159461,3,0
204,26,20,41.649221049866995,6404.1232217545,1,0
205,54,16,31.690314228004837,5537.631064606639,2,0
206,50,17,69.89872637748,7772.076142269681,2,0
207,68,19,99.43663984222346,1447.6053468605214,1,1
208,59,8,85.28180236539404,6204.715429148725,8,1
209,61,38,43.21488801432496,3314.00256184991,3,0
210,41,38,63.67065856894923,2947.4103326759837,2,1
211,32,53,105.52303633440688,4213.312863775487,9,1
212,49,31,37.76559078528389,366.63336434191984,5,0
213,49,44,73.2080570682897,2568.984005334066,7,1
214,41,60,55.62315087608415,1413.102406734954,7,0
215,58,17,32.41797548295194,1195.6581053967072,9,0
216,69,39,24.990392091089824,2764.990029158775,5,1
217,66,42,75.58713846457952,6437.888428284603,4,1
218,66,48,22.074887374037893,1688.777436055043,6,1
219,69,12,30.344611669293492,4298.184697016037,2,0
220,29,18,54.75642811617412,6014.383932877724,9,1
221,56,6,24.352018535576274,2003.6751257504368,1,0
222,19,43,60.044522645188486,7401.206036470598,7,1
223,20,35,33.0365024176891,6945.333436319667,8,1
224,66,54,54.98730907001539,2084.3078726973563,5,0
225,54,62,99.11596870900682,7918.140732189771,3,1
226,66,69,82.6364344476658,5386.451643508629,5,0
227,34,16,64.54010777875091,2360.190295621163,6,0
228,66,8,29.18333078551604,5480.195896913988,7,1
229,19,31,81.9149659314733,5363.3613361860025,2,0
230,19,10,36.37096525090504,4888.929635401199,5,0
231,45,56,27.658634386161488,5722.399277519951,9,0
232,40,70,86.39960174596078,2219.6939539643963,5,0
233,54,20,111.20598978210074,7833.985336157323,9,1
234,49,5,66.05934367705224,6877.376482473749,6,1
235,50,23,24.099591060811402,5991.356685771636,3,0
236,18,9,108.0297717418541,307.809449465668,5,1
237,36,58,26.69737661235741,4764.04444867993,1,0
238,19,59,106.75132427015872,5681.223506324806,7,1
239,61,54,59.1819373222931,6847.388634152277,2,1
240,43,46,56.53945386230897,7574.641262132646,8,0
241,49,22,74.27973794564518,7335.239489539845,7,1
242,23,64,115.70848174442187,3307.7549666132372,5,0
243,49,8,109.87405450859782,7182.359384994227,9,1
244,21,20,67.03300883047672,105.91559279748243,1,0
245,28,51,89.58232310238185,2876.654170911513,7,1
246,34,39,78.04292523434124,999.6604469201098,5,1
247,55,37,89.34615790631675,7076.234830396599,0,0
248,41,50,102.9327460062097,7431.057052925325,5,1
249,22,34,23.449382886859386,2122.4665033867673,4,1
250,69,33,52.575985392789754,3001.7525401911603,5,0
251,51,31,115.93291082338672,7872.63319339503,0,0
252,23,54,114.93363085249241,4571.9013634622315,3,1
253,39,44,21.12208899774625,4026.7411630309525,6,0
254,28,34,40.144012992236625,4053.43985763096,4,0
255,65,71,119.37700423443627,5599.886616254983,5,1
256,33,62,69.2825075899486,7640.889974698909,1,1
257,50,23,77.28660039668526,2996.317195043745,7,1
258,26,46,36.642018552245254,1463.9977745774393,9,0
259,23,56,109.43356087585296,1561.6018480086245,3,1
260,33,7,43.12642996491129,260.8364008707628,5,1
261,46,61,38.964763001953656,4487.742919342424,2,0
262,20,3,42.812240332032815,7440.026029076561,8,1
263,37,38,111.96217026410088,5733.307473493688,7,0
264,53,34,90.28467071768492,7944.419759922519,5,0
265,36,44,96.85963944902751,7285.2665186611,8,0
266,43,30,57.703635818425276,3985.675619784351,9,1
267,20,17,110.91770149305614,3943.740106670465,8,1
268,36,59,98.94079523393897,5064.022115645689,1,1
269,37,10,95.05973625073213,976.3912194782574,8,1
270,49,18,117.09402836729517,4900.705499565031,7,1
271,24,45,56.61968307933486,3766.1847565133635,1,0
272,69,59,81.09736467958811,5177.64937071363,8,1
273,58,62,110.99296989772162,4565.15874945302,4,0
274,50,59,99.08889431859525,2552.127296247697,8,1
275,57,49,76.3378958225615,4901.3196658454135,2,1
276,56,63,27.621368478019885,2991.51338767047,3,0
277,35,32,85.27234395556732,1637.5070111177613,0,1
278,57,10,72.65555568678522,5433.05969728845,4,1
279,18,11,38.41804614846264,2520.1420348467836,6,0
280,28,70,108.22531233425974,7123.295760941685,6,1
281,45,62,54.32485948987433,1674.7264317422878,5,1
282,42,47,58.74798935172969,4841.13790361686,5,0
283,67,34,87.24015487964105,4615.235321309101,7,1
284,40,17,68.87987420412409,1662.1602263290972,9,1
285,48,54,28.92810762791494,3575.106027029865,8,0
286,47,40,58.74416173552348,5436.756295188075,3,1
287,59,19,29.446611793823312,2616.364915470796,3,0
288,52,67,39.07504031233812,999.2621935189736,7,0
289,24,53,20.717443835045383,4960.401648167257,4,0
290,33,64,38.13130814846622,1870.563027858077,9,0
291,43,47,53.04473539983609,5483.652339389743,8,1
292,65,6,73.82184337322946,6731.790063014922,5,1
293,69,16,111.92772111827323,1074.507434453385,8,1
294,66,18,74.03268672420552,3557.111907548277,3,1
295,19,52,90.56035413643416,3614.8859278555415,0,1
296,18,48,55.767709130577416,5097.033757368924,3,1
297,65,43,95.16307935672674,2741.822637500787,8,0
298,29,39,82.04687460514774,3406.6963291513634,6,1
299,22,49,65.97940132748613,194.73082782321643,5,0
300,54,12,39.37687948912258,1067.1646983477485,1,0
301,49,10,50.354090799729896,4601.910586484532,3,0
302,26,71,82.09460873757551,1805.5768223307218,0,0
303,58,55,62.6056324364573,1242.157429391363,2,1
304,52,1,108.93865567490519,2662.8608669168893,1,1
305,36,49,43.48402715355853,1391.9319899716754,3,0
306,65,36,27.30726522532723,571.0172481770132,3,1
307,33,21,78.93485765054845,2342.4801682389852,8,1
308,20,37,108.60508401900759,1398.4316867878538,6,1
309,37,24,56.473902943978864,6415.226364445207,2,1
310,41,55,84.77113348681651,594.9900387522388,6,0
311,50,25,43.14126221771487,6004.801570456868,7,1
312,41,7,75.84719216726883,3124.091145117294,6,0
313,69,71,98.67921008626531,5435.038343860221,7,1
314,28,71,106.70315987766838,516.2465470337745,8,0
315,66,24,30.511912985239668,7373.56155883761,0,0
316,25,11,55.637451629324545,6162.268008287714,9,1
317,53,12,83.96444419358703,1207.1302678063864,5,1
318,55,35,23.472286809365222,1828.396531116147,3,0
319,57,63,89.0615200150827,5187.570237851938,0,1
320,37,68,72.8033882803827,7380.3445739253675,1,0
321,52,57,48.856627922002644,3622.075888949245,9,1
322,65,13,101.46544505940506,3936.499080672265,3,1
323,42,23,49.00507122957752,1978.6220649733343,0,0
324,52,39,119.14150462038035,3125.7859174069445,5,0
325,42,12,101.63701891133404,2359.539852359415,0,1
326,46,34,90.79805013830877,2869.5120821387236,8,1
327,35,71,26.134755796264603,262.72123556724296,9,0
328,63,31,110.43103719872735,424.3798829106782,2,1
329,35,62,99.0055305737551,5477.423617880333,0,0
330,19,13,42.902507929180224,5486.181992488767,5,1
331,52,31,59.224818132688895,2708.821742653096,5,1
332,33,2,46.863155161914285,7095.152934355311,6,1
333,58,15,118.44160341810665,2202.2857179793946,6,1
334,53,57,105.41964448055595,3226.69977759376,9,1
335,50,34,113.02253026951026,5877.867431836933,3,1
336,21,68,98.87742363754299,5974.188130546531,4,0
337,50,29,65.63482410702476,6903.209525370951,2,1
338,31,66,40.543424981468505,329.56643105710316,5,1
339,38,16,40.80801569097338,1551.6935810151517,6,1
340,65,39,35.1682848366677,5160.516988293481,8,1
341,37,37,74.6649550303397,2771.7781769675894,8,1
342,25,21,111.99665228636425,444.1372003538584,4,0
343,24,44,119.17980700457663,4733.086723862839,3,1
344,20,19,48.72998000367648,3205.2782678720114,6,0
345,34,71,89.73145402967293,2976.3493824977345,2,1
346,50,8,79.70980156103778,2188.4778490180242,3,1
347,65,66,68.89361168763111,147.38335562400485,8,1
348,29,41,86.57686438120413,1540.6441340679523,4,1
349,68,70,57.1363018980069,3846.4588527669803,9,1
350,39,61,114.44847750934495,2278.317979393674,6,0
351,39,26,90.5448867706337,7007.670566181295,1,1
352,63,71,95.42010919924448,1229.6973310352944,8,1
353,47,70,44.242209500607395,7015.1882675859915,4,1
354,55,29,36.858200349761944,3298.123887116087,4,0
355,55,66,59.4340793094323,2279.138473242842,3,1
356,62,19,96.66724853361539,2503.9056822672324,7,1
357,68,68,113.87959097528575,2707.559263349038,3,1
358,25,58,62.732982597400785,4101.855478990787,1,0
359,44,70,97.41567924971659,2895.6702589840556,4,0
360,44,57,67.04076194668096,5212.9301416016815,2,0
361,51,37,49.522824955546376,3458.914155955156,3,0
362,38,61,93.92651507258476,5405.985306493385,2,0
363,47,30,99.82021339813272,4874.968704977656,6,0
364,50,71,40.284079408068024,2031.1863821911647,5,0
365,45,25,50.51695020453307,6520.908974015698,1,1
366,64,65,69.47768434736622,6411.953595406095,7,1
367,50,6,38.65218297668767,7912.945689429366,4,0
368,22,18,112.88342987537925,1482.8960620243056,5,1
369,65,10,79.13339125607484,6797.921932262115,7,1
370,36,11,32.12032773716927,6988.64928808666,6,0
371,21,65,38.402986468246205,5173.0969161587245,2,1
372,52,65,115.43553453248444,4100.439744483254,1,0
373,66,52,93.81685856966183,7662.350493735364,2,0
374,34,67,93.44050845049861,7784.266230223002,7,1
375,61,31,27.249859400505454,5169.409905103389,3,0
376,45,17,109.5298837708947,2940.5228776008835,7,1
377,47,55,64.37353625586046,6555.604949380957,3,0
378,46,36,85.97173226399262,805.1181909978912,6,1
379,63,26,115.9689219114014,2395.705587835313,5,0
380,23,53,30.00123803565569,7885.878928705516,9,0
381,52,17,68.22764594865787,6533.233758935059,0,0
382,58,25,24.96127366619318,7522.701525396078,7,1
383,54,2,69.95454233237155,4798.87711394748,5,1
384,41,5,45.22594104875711,3320.6124193701157,1,0
385,46,4,111.10655292738706,7839.5518167892,4,1
386,66,36,59.849249427308685,2544.4621282715225,1,0
387,63,6,83.38724460520791,6083.572803380494,9,1
388,48,21,106.0287264814549,4509.834967411645,6,1
389,52,26,118.36918584171765,1905.2064495642765,9,1
390,50,55,70.3819370328546,238.117970527487,5,0
391,69,39,65.57577028614558,3131.736314982259,6,0
392,38,33,27.57396452964587,4426.714603730738,5,1
393,49,14,21.273894333721504,1547.2041675323862,9,1
394,40,56,80.88020924984961,3374.983598303691,0,0
395,50,21,26.5464352147646,4960.000452205783,2,1
396,20,46,58.037893703847324,5747.892698726883,9,1
397,35,16,20.36064361064615,516.6659862616453,1,0
398,42,16,81.52274989656708,5347.028492238651,0,1
399,59,29,62.54151604404962,547.671740133987,0,1
400,48,8,32.70207697862878,322.6654133388159,3,0
401,20,3,49.636760684082205,1304.0550046929952,0,1
402,57,19,76.96606989719245,5263.788051971366,1,1
403,63,66,85.67133680099771,517.2893987872077,0,0
404,41,22,66.23358796634469,265.08007642403567,5,1
405,67,46,100.39591160909458,1031.8801396456759,3,0
406,49,13,31.24404117029857,7602.795826613511,7,0
407,64,33,28.454572261240777,7267.4942244250105,4,1
408,39,5,24.42442690178083,783.0812032872669,9,1
409,40,27,73.58278394494423,2501.704149780848,4,1
410,19,24,90.62317042344579,7583.610268473407,7,1
411,44,67,33.05213994225297,871.7326203063595,9,0
412,59,63,83.89456218553924,847.3082576501706,5,1
413,19,48,67.69477661895347,779.4307921043586,5,1
414,43,63,118.73445001511152,7814.162288879539,2,0
415,34,12,91.74736092664115,5970.557254931217,5,0
416,57,28,85.74733351916258,1794.4265021384576,9,0
417,50,44,77.04497348723446,462.9833642423733,6,1
418,26,43,119.73661815497039,7725.407920401114,1,1
419,60,17,118.04591708545773,3461.3634299015603,2,1
420,65,40,73.81151254945216,4827.165567530299,5,1
421,56,49,65.51833473342617,2305.6502446351906,9,0
422,46,57,66.21149227017524,6091.046546098368,8,0
423,59,64,62.83423903233656,1654.7385325627301,8,1
424,43,57,73.13983069963221,6316.604273666564,7,1
425,52,70,47.358426781437075,1921.764042346774,7,0
426,67,43,112.67887831144266,873.5065829047335,8,1
427,42,23,69.02300814619352,3882.6981807933485,8,1
428,41,27,104.20078118386091,6524.4127744756415,9,1
429,30,58,67.530367466762,3140.4311020511373,8,0
430,24,37,91.8290273910243,328.10184028731237,4,1
431,53,6,53.688196447658,4471.146727156283,5,0
432,62,65,82.48068577332604,5475.723972495867,4,0
433,37,6,69.83714454509195,5951.490068154453,0,1
434,18,50,56.71142565336098,3275.2071390433434,3,1
435,25,22,108.1556261068001,866.4550887899644,0,1
436,63,25,31.271168274890897,4716.178832260753,0,0
437,33,51,68.69231483191103,2703.428293381636,2,0
438,31,48,39.43690732661367,7580.411109971338,6,0
439,29,70,106.10550912175916,4071.425653684489,0,0
440,68,65,45.34693447156634,3830.9017697119316,6,1
441,40,60,83.34303401118217,2542.7553053150186,9,1
442,32,46,36.55635150853541,2776.4133925300284,9,0
443,45,36,60.49136694708366,4150.762794231305,0,0
444,51,58,109.93571956493642,2522.651882988459,8,1
445,19,38,36.606444440194046,7149.208586510456,4,0
446,49,11,86.31958253483397,3568.241666189959,5,1
447,40,12,40.45103705559548,2406.974463702892,8,1
448,39,42,61.574905253216585,1327.6191849750799,2,0
449,68,39,74.06168843745994,5411.570737772829,2,0
450,42,71,77.73064181897479,303.7168519561141,4,0
451,39,11,80.25113375531554,3654.966718642529,6,0
452,39,36,84.01314153909222,4445.962380901069,2,0
453,66,52,47.17686976737975,2784.2984259546197,3,1
454,69,31,60.136748571715906,6023.560203472545,1,0
455,59,33,23.73186635750644,5437.717925019717,8,1
456,23,13,96.87569765313751,7774.052001802697,9,1
457,32,18,103.70995017889024,4119.257714388487,8,1
458,60,41,39.92367634855455,4348.717680572126,1,0
459,54,58,40.14439646296818,2042.1306216311953,4,1
460,50,56,24.20364021904207,3145.322736772692,0,0
461,25,24,117.03838227924875,312.19867015060134,7,1
462,61,31,100.71865681172291,5545.2708299217475,5,1
463,61,55,56.070320290603206,2561.8201174999663,9,1
464,22,10,68.19082714698253,4368.899376366913,9,1
465,56,60,49.196696065086854,2114.4399316464974,1,0
466,21,2,79.72439683220844,5006.185982683303,1,0
467,23,15,91.73084123335083,3635.9016943369506,9,1
468,62,3,64.7368477991872,3906.699153851724,4,0
469,49,43,107.35941932916235,7546.5964045410765,6,0
470,69,31,71.70258622188099,5678.666552678495,8,1
471,47,70,34.42532690778108,2169.0079112405842,8,0
472,64,67,82.22913758376416,4080.9823601572607,5,0
473,52,56,66.22309659078026,3786.7152705106287,1,0
474,57,63,113.56718630817258,6380.915594339073,5,1
475,69,15,59.189392093591344,6683.50540136,0,0
476,33,10,60.28657391501041,2339.1982996596307,1,1
477,30,38,85.07733897816102,6587.096485859267,2,1
478,67,47,72.6986218326428,1518.0611017989115,4,0
479,59,57,57.444987753843485,6125.887380847794,9,1
480,47,50,118.97744156800896,2065.3978960307495,0,0
481,36,71,50.218550999941684,2453.6561435650374,9,1
482,34,15,47.75287919850285,6834.495937493052,4,1
483,36,18,106.44276285221034,3418.5914339447463,4,0
484,45,2,20.33729435505555,7925.470016364739,3,0
485,43,43,40.12531609049076,1300.3499362687849,2,0
486,54,26,79.04466882619761,3760.457400513499,6,1
487,43,71,36.24505278446649,5886.357614180596,6,0
488,40,38,118.58039227235882,142.39975803020886,0,0
489,26,42,66.41956224216311,1299.6566977248372,6,0
490,29,5,79.7364074960551,260.8183203467445,2,1
491,18,11,36.03734651051931,7943.735136523755,2,0
492,18,65,48.93781008719279,6108.934833129617,5,0
493,64,34,81.46247826794155,3051.1168721981417,5,1
494,51,1,74.95533732863976,1334.6509841045283,3,1
495,49,2,98.43639454411661,814.0276181472603,4,0
496,65,20,46.92331785743162,4302.066884352204,2,0
497,42,61,85.3542146706534,7809.541413773671,2,1
498,57,21,49.09755057488654,5429.426462796335,8,1
499,62,68,78.67526197461204,2984.5931092439628,4,0
500,18,12,80.50309676852086,4056.7226885761575,0,1
501,33,22,32.18391113544888,7991.33660672167,8,1
502,56,20,74.86331106862661,4198.253208187159,9,1
503,22,1,21.19382999541825,7717.19173763321,5,1
504,39,30,70.12107513746915,229.2575786608254,8,1
505,46,24,89.7521888608075,5795.608713049963,6,1
506,20,14,27.28327289899887,5054.575448783621,9,0
507,29,36,113.87108164170272,5514.105881812841,9,1
508,43,69,65.87555319894543,4607.480005133877,6,1
509,33,24,113.84162756240619,448.9965323090811,4,1
510,68,60,30.73984236911325,1281.5550903854246,6,1
511,54,55,114.99025944195347,7385.785035648195,9,1
512,39,24,30.919709942534674,1940.1075661002212,3,1
513,46,24,66.1495798451336,7944.204427682839,5,1
514,31,54,113.79920667268657,5468.7490267174735,1,1
515,45,26,43.27082003888715,3610.400471996858,9,1
516,22,66,23.478498085873404,7368.385965844716,2,0
517,64,38,99.31106750282208,6380.390897977898,1,0
518,66,65,79.58836376690098,3488.824128720726,9,0
519,47,51,71.39211929014407,641.8844809121128,1,0
520,63,35,23.434338435321838,6959.606138822556,6,0
521,69,43,85.32312688068451,6143.815457730895,4,1
522,22,29,37.16233518845648,6346.805214596646,5,1
523,29,37,113.11966802046953,5984.3839885318885,2,0
524,33,58,88.57269510756821,2278.460466086855,9,1
525,43,54,90.70338880338365,6884.881185387767,4,0
526,43,39,43.25802726112804,117.63716983845913,4,0
527,65,42,108.07538380567183,1974.482599231646,3,0
528,38,28,73.7732570783201,467.82083071114596,9,0
529,56,29,105.70841778142305,973.7120076847841,3,1
530,53,43,47.0947474832276,4305.795186388293,7,1
531,50,3,95.5461713098246,394.32390053417186,5,1
532,47,10,77.45669036600475,1532.9102768329985,1,1
533,54,59,24.84193058105816,1938.6471643875389,1,0
534,40,14,60.53423237732869,5277.176560584051,1,1
535,27,47,38.391046512346485,3803.6821431410317,5,0
536,22,42,55.91735878787561,3721.458932138121,0,1
537,53,32,58.33516342652224,6170.617178635233,2,1
538,51,32,67.49283530283847,3708.0991553872477,0,0
539,69,42,80.0290442728463,2853.061069052566,3,0
540,48,32,77.09776524981991,7703.363260274229,0,0
541,27,26,23.899140470499507,165.5171445590703,8,0
542,36,1,95.06892184887218,2512.6047005955324,5,1
543,49,56,114.91838844727683,4914.202459399812,7,0
544,18,2,54.868128898496664,6284.192964817162,1,0
545,22,30,37.97469013382585,6549.662342592657,5,1
546,62,71,74.00015631153853,463.9777416558626,3,1
547,21,52,90.49129282441442,5702.143238904944,6,0
548,33,9,87.89048945276632,5790.003783427354,7,1
549,41,22,81.21095775008583,1791.227429504518,5,0
550,33,34,34.623225212820856,990.9227249137269,0,0
551,19,49,103.68248944029983,6022.520645792887,7,1
552,66,1,62.56215624188153,2071.050049274497,0,1
553,45,53,42.146858303187,113.22305226105014,8,0
554,49,40,28.62661410630965,1866.2235682572023,1,0
555,44,45,61.671911497304905,345.4372696488692,9,1
556,37,68,81.79730468473073,2068.5748248836157,5,0
557,41,9,86.53777091515077,2746.6547004213853,7,1
558,29,22,116.27369113972567,2244.0612603498166,4,1
559,67,18,35.31480836637574,7367.502830716032,1,0
560,52,43,118.5773665197552,1937.0102843437485,4,0
561,50,39,85.4675880572228,3793.5250999470004,0,1
562,50,6,65.42290577072015,7663.677991367971,7,0
563,68,48,108.81942258481594,7045.675981824755,7,0
564,60,7,89.44797419533928,2543.1419488088145,1,1
565,54,69,54.87172148570152,2679.273330164003,5,1
566,29,16,108.40856965764617,4787.302279824653,7,1
567,20,1,86.66154568195348,7351.116520958416,9,1
568,18,37,89.88373557942195,178.9983841008462,7,0
569,50,37,109.63898880860262,3205.6463582629317,6,1
570,57,64,64.84162079690552,6813.226342261569,2,0
571,27,62,85.69041059597566,3342.7128292555294,3,0
572,60,61,94.46890216377804,5788.433514237519,0,0
573,61,33,65.39400581307815,5566.206729056398,8,1
574,46,66,28.345211573779345,1723.1238060799014,9,0
575,30,30,97.14397690943608,3651.7965844991677,9,0
576,29,20,24.781635274336182,4572.875031220108,1,0
577,48,60,91.79144017227382,5752.157188428309,9,0
578,63,24,111.0875208524553,6596.878089443174,6,1
579,19,4,54.69689983700185,6103.472368238997,7,1
580,68,37,30.20617851378268,323.6605923433183,3,1
581,67,4,43.28639897908411,5398.038948653157,9,1
582,52,18,76.22815641253925,4028.7921644598177,0,1
583,40,66,114.26597431060864,4633.507713243335,4,1
584,34,48,71.22827298861168,3046.4330806924277,9,0
585,43,33,31.273728819669625,5740.807095236552,9,1
586,25,58,82.77831737163379,5423.719245741153,5,0
587,46,28,93.28449367879414,4677.943203505288,6,1
588,43,35,59.3283669992791,6906.683707455585,0,0
589,27,10,92.15140643454146,905.0101966439513,3,0
590,43,65,52.48228151391898,2478.083879770241,4,0
591,51,42,98.90901515964134,4011.53028010234,4,1
592,68,9,54.1072159570069,7672.97800926633,6,0
593,58,60,45.6107091600626,668.5107516263716,3,1
594,24,15,107.9181405891575,2762.912170880213,9,1
595,21,57,74.84734211753963,7414.535374435004,6,0
596,67,69,48.51562887416848,7193.78578284839,7,0
597,62,22,113.50868896470674,6935.440008590059,1,1
598,28,64,89.08511754660492,2536.284602410933,0,0
599,46,41,42.07003996555672,6790.002660032943,9,1
600,53,71,81.46423545927806,4092.1813539777577,9,0
601,42,56,107.03588312890246,4996.252867934663,0,0
602,38,23,89.61531425400574,1986.7167531408659,0,1
603,53,25,44.475915076013045,5682.723722460899,8,0
604,27,6,84.88483286945149,2688.80712361955,3,1
605,54,34,81.91593727202009,2816.6553663531467,8,0
606,26,63,102.08436635786886,5130.855691139246,6,0
607,41,9,37.813259699669985,1994.6721851751602,6,1
608,52,60,89.963466700136,1873.065913641951,1,0
609,66,49,22.7370692133702,3016.3872465090126,1,0
610,52,51,89.61753006357677,6246.702637967945,4,1
611,65,60,116.0437303938557,1874.9881875988792,9,0
612,53,70,37.43882662496175,6319.815285373859,0,0
613,35,37,51.12997728190089,5595.281689601525,6,1
614,66,31,78.28715720285513,5464.731055714181,6,0
615,56,41,93.23950458572557,3850.569822335943,7,1
616,49,62,54.43713904045344,5992.513883538874,6,0
617,41,58,86.42589771401376,206.80420882064428,7,0
618,40,14,109.92787925363331,2514.297339506833,2,0
619,49,36,92.6558787224262,5465.1859642081345,2,0
620,54,36,91.10227176022441,7899.633851695733,7,1
621,29,8,58.19706584166159,119.86329456578001,8,0
622,66,26,111.14293088382009,4128.780893766292,9,0
623,30,36,47.73229419610777,7398.307789392492,3,0
624,40,48,40.528035661970065,6921.961140051722,7,0
625,42,28,56.42239337265038,282.77593855992916,0,0
626,52,68,85.0156220738494,4283.509206070413,1,0
627,58,62,106.16779861945068,133.86810119377512,9,0
628,47,51,33.20787823473171,6337.6420910357665,9,1
629,34,42,101.3802177260163,2540.1112525058315,9,1
630,66,29,101.28233946689951,6148.166229130779,8,1
631,37,10,78.6919356590086,7563.867399458218,1,0
632,65,39,96.06479395780256,7811.071927825672,1,0
633,42,1,38.188069815158734,7163.478328937302,7,0
634,39,39,36.95860008207134,1712.7332800822328,4,0
635,30,21,106.2800034128727,1637.3413424311755,4,1
636,36,65,69.81484372345669,5043.665419801199,5,1
637,66,15,44.59372142528491,4398.024089759008,7,1
638,53,4,88.87303576063238,175.3234016306559,7,1
639,29,60,109.1875166934221,3194.6460740955004,8,0
640,58,61,83.23226459442498,7262.858943585685,9,1
641,36,20,54.734504294001724,7197.036249466909,2,0
642,29,10,68.32377652930145,1710.8643843586754,8,1
643,26,34,95.22694609453396,3117.50824634236,2,1
644,24,48,26.750122887238753,4526.891486869053,0,0
645,45,33,41.71645159564422,6836.995694228573,4,0
646,31,61,66.25831866494472,4302.7560700066515,6,0
647,48,10,80.42409640970988,7748.778518457975,2,1
648,69,54,53.91655910423245,6412.511890104315,8,1
649,36,65,49.83909218698807,7629.4257965311135,0,0
650,64,1,24.13841956997213,5878.788525173111,5,0
651,33,5,23.260177205144753,7033.230700963986,5,1
652,22,15,47.86948543028256,6664.929959785011,7,0
653,52,28,73.05061000895431,2105.324005754911,2,1
654,29,23,75.63714964454115,1913.337745288723,4,0
655,42,17,69.40274928668688,6928.6290611081795,9,1
656,69,13,60.98806840028343,768.9541264105511,4,0
657,38,14,45.22915892613208,3327.6524771278814,7,1
658,53,11,60.069443159278215,6583.1963852559165,6,1
659,40,28,33.87599653855135,6524.590721545272,2,0
660,33,42,31.525922902603682,1196.3842043741295,6,1
661,56,61,49.99432568137914,3952.9074267719543,9,1
662,62,64,119.53487964272196,3890.6759815285336,7,1
663,59,31,52.64969475163985,2657.399474269826,4,0
664,56,10,113.64563903551051,7345.73104600826,4,0
665,31,8,59.2262145767694,5259.629134845281,0,1
666,48,21,63.900999119960936,7843.481169770527,7,1
667,22,59,99.70628832022295,627.4530655313947,5,1
668,52,50,29.36383274474567,3215.366365996361,5,0
669,40,69,38.23133235936395,6697.586740580604,4,1
670,46,70,117.38402649752148,3439.2167867760577,4,1
671,60,30,70.59173399606946,2168.836413642261,2,1
672,28,17,24.43096822086303,7982.679600105146,2,0
673,35,20,24.73807330560505,6997.686628648279,1,0
674,64,48,110.72406837773927,4417.141924265643,8,0
675,29,2,107.33650895587176,4537.502966348199,7,0
676,26,37,65.83991069451001,154.21738864246055,2,0
677,27,1,36.32220859445987,7849.8571889765835,4,1
678,61,4,103.02846063624797,6469.731779069184,9,1
679,34,54,52.46001072796505,390.161940402568,4,0
680,55,25,61.905839866309535,1493.008518057336,7,1
681,24,3,88.2476379049318,6586.1467193496555,5,1
682,63,9,55.33983534076545,786.2378313484894,6,1
683,30,34,82.8669926698293,7540.10724732558,4,1
684,57,43,108.52827104425843,7999.139390989939,0,1
685,59,22,99.73732687744774,7102.819195684308,7,1
686,26,70,58.16110738671604,5937.341515924382,3,1
687,67,2,48.79365547037348,3949.530574233308,4,1
688,44,66,48.5510448739559,751.1936531442512,0,0
689,19,32,54.859115037658306,5870.525231553395,2,0
690,22,16,69.35169867247723,3235.234716820303,1,0
691,46,1,61.65974806939431,4604.806186058728,1,0
692,54,48,33.30040209876579,2417.7847615188625,0,0
693,55,50,36.34558583339083,2013.0324751664577,5,0
694,36,13,54.29296093981834,2661.945973306599,7,1
695,25,15,76.20641000588573,6529.241384968333,2,0
696,65,53,79.26639501334947,3469.2831672605234,0,0
697,62,44,68.62070648966301,2562.492504504131,9,0
698,18,8,93.87758812075145,3520.4661384718743,1,0
699,39,46,93.72487887567367,355.0701909770996,2,1
700,69,69,62.762747168738855,7135.773834241527,5,0
701,34,19,32.44408107609443,4458.916317418339,2,0
702,24,38,73.01747697671232,928.1271942532546,8,1
703,42,11,58.14690639938326,2378.4147623981685,0,0
704,62,43,33.79229897637033,7870.066716134419,6,0
705,21,20,118.18172099648392,4785.153668590992,9,1
706,53,20,56.975538928010224,2402.098606508779,7,0
707,23,21,82.57978396212309,3468.1307247913537,8,1
708,48,57,69.01288613365966,2141.950757539146,7,1
709,36,50,34.28282792167661,351.25363124436285,4,0
710,61,26,25.554362337257057,6752.037254001227,0,0
711,56,30,82.57694150819589,2410.5812694931683,0,0
712,44,31,44.70218703478856,6723.444836954594,7,0
713,27,42,44.3653999613715,3880.600827039995,6,0
714,43,68,115.69761897103106,1544.867631886255,4,0
715,36,61,66.17733043112914,6434.762676316803,9,1
716,56,61,22.942606650068925,3079.1807003407766,2,0
717,20,70,53.984271514980676,5691.060583672302,8,1
718,62,68,78.44915422522267,6714.114385326986,3,0
719,30,17,52.85674185171208,7707.586685116444,5,0
720,67,19,22.68519540341423,777.9348074313114,3,1
721,45,51,64.43112654667354,166.25320653945494,8,1
722,37,70,30.590633617477785,4432.557354027334,3,0
723,45,63,81.91600246627044,2187.503598812501,7,0
724,25,30,81.9587100222688,3805.904138974253,2,1
725,58,25,23.77591395984007,674.003628533249,7,1
726,56,71,49.06662615993773,4062.5534687195413,2,0
727,18,26,61.36862637390038,1086.359660107309,4,1
728,20,56,75.02640978591779,6724.843289772504,0,0
729,30,22,49.60634297081951,6099.945740828009,5,0
730,45,19,48.774651255139815,685.181267916213,1,0
731,66,31,118.30151562502594,6707.16780235068,2,1
732,42,26,24.18627957208999,2667.1720901545186,0,1
733,50,42,118.90454140911518,2887.5919687309142,5,0
734,55,41,24.775194107839653,1520.4482365083363,4,0
735,23,23,48.834142779468586,6698.902559790577,9,0
736,61,47,69.369085496935,3297.175534402556,1,0
737,62,13,34.32983430143252,485.8033783744782,7,1
738,49,66,33.48463625187238,7733.372059826687,8,1
739,62,66,45.631271326094584,2121.5089902908117,2,1
740,64,16,117.35071835735695,7495.800495461129,5,0
741,38,28,58.011685887456416,2479.783064909408,5,1
742,33,35,76.59948382691918,6668.270098115101,9,1
743,38,41,90.42914023816463,5347.333990427607,5,0
744,28,31,94.22218355242104,6904.139112717561,7,0
745,54,32,88.80409663453548,7811.332094952889,4,0
746,53,54,53.692819319172486,6984.72109930724,9,0
747,52,59,31.172782735606248,3288.954775850162,9,0
748,36,41,48.171647533321085,6534.577503811785,7,1
749,37,66,41.02952267695066,5722.041401426035,2,0
750,35,54,33.627730486931675,586.6689995700619,6,0
751,64,40,22.44967317516187,7445.104772127231,0,0
752,58,28,113.57258490584141,3781.0926238519664,3,1
753,66,37,112.10343865453382,1162.1594690004217,4,1
754,31,65,25.041700563016928,3460.4869678653536,6,0
755,32,55,37.30845728204018,4864.815836459672,5,0
756,48,4,33.95004714627937,4626.274388162886,5,1
757,18,10,48.12229344215174,4640.869809611793,1,0
758,20,47,40.406887047874115,2121.130336898696,1,0
759,33,14,114.5853537397855,5098.349350427393,1,0
760,40,38,28.417043656020383,7268.577186843536,9,1
761,28,12,41.16708270045032,3170.4688777576457,7,0
762,29,45,28.072330458291443,5081.584232698868,6,1
763,27,17,118.03853486444363,2027.497355357245,0,1
764,49,35,111.84135090970051,481.4200594907445,8,0
765,33,66,91.6631589765411,4727.2777749633005,7,0
766,25,41,62.59730322199133,475.64343726328434,8,1
767,55,67,39.017813552399254,5816.318299871739,3,0
768,29,29,42.14897250201424,5395.786312633936,4,0
769,41,18,64.30400085560115,3017.667649320392,4,0
770,45,20,96.82226713364815,3349.1918662190565,8,0
771,25,14,46.47294959989589,7350.311398170668,7,1
772,45,34,51.079191253464664,203.75564163219565,9,0
773,53,49,79.99442914044705,4550.096708501637,5,1
774,43,54,43.77293622782536,7394.552893302261,9,1
775,25,31,78.42186212928036,7320.4992573798145,9,1
776,67,58,58.71308932722846,4718.780534215071,0,0
777,45,42,23.436820590134804,3111.716991385824,6,1
778,45,58,60.270128623196385,881.3378580257545,8,1
779,54,30,111.95252795191449,1472.895210117569,3,0
780,58,25,49.31118791334606,5469.419506108926,3,0
781,53,63,52.2832389436469,231.40926209716585,4,0
782,44,19,26.59408880592869,7079.536053623062,7,0
783,34,8,81.50474485692942,4744.68231415248,4,0
784,26,3,104.92423642983388,456.65863189163684,3,0
785,50,67,55.29228930931016,1994.1626195138972,7,1
786,37,17,44.02455575199885,4794.187193484472,4,0
787,30,14,115.66118541638586,381.2499971325395,7,1
788,45,9,94.50726145914885,6261.900475466322,0,0
789,65,62,76.71635592832645,7367.384327961765,2,0
790,46,21,50.55311663448841,7693.641107085305,6,0
791,30,37,42.07980179764009,5895.908050514149,0,0
792,63,11,91.57440390004672,6868.921219632185,4,0
793,52,20,72.17888171373441,4924.588952404917,5,0
794,23,35,72.05998168029811,3722.494949878438,0,0
795,35,53,27.37098186722438,5733.764551640437,6,0
796,68,47,71.2194476759606,1871.0272476752905,8,1
797,22,52,102.27440310394937,967.2961769448468,8,1
798,64,8,114.6799277795759,6118.622711418299,2,0
799,42,4,30.668239748173512,7669.675664588364,3,0
800,19,27,83.11652106990708,4662.086725391386,0,1
801,27,44,76.8347250798247,3912.0847308830967,3,0
802,47,40,109.03124909481419,4321.793427050257,4,0
803,67,47,95.12440301848716,3879.867056640177,6,0
804,62,44,116.52618691653132,3593.3822213001818,4,1
805,22,48,116.00325375819962,7581.581983755081,7,0
806,50,52,42.568509334522076,3890.1292099131624,6,0
807,18,68,92.53508719004222,740.7092840104307,0,1
808,35,11,73.05230913648944,6147.5817646548685,1,0
809,49,4,41.46019952153054,3193.336666922526,6,1
810,64,48,39.48690822174007,5714.479011416181,2,0
811,66,26,28.10843412662865,4678.597940637813,1,1
812,28,39,99.5545276418689,5734.122514731219,8,1
813,38,58,52.450478062000954,589.7522605818685,9,0
814,43,19,105.69688353289665,367.59924907580216,7,0
815,42,58,80.83153660232145,3090.4788363240154,7,0
816,39,28,87.36333548384607,5576.0124887933325,2,1
817,44,66,49.16737496101967,1867.0919625573533,9,1
818,66,10,65.72942793956835,3523.8656719043192,8,1
819,30,58,61.23175780831249,7848.401085386498,7,0
820,50,14,43.56886639246012,1797.5089806870294,1,0
821,51,15,103.25121685267925,6798.753347993772,6,1
822,58,33,82.20845058066212,6621.140990008454,7,1
823,52,17,23.743197745307015,7141.682263783008,6,0
824,18,24,101.99170193786884,7329.619774667419,8,1
825,38,30,30.603775602859145,4107.829519945244,6,1
826,65,62,60.369643353255924,5487.276887245049,6,0
827,23,13,77.12569016303779,4989.238204923985,0,1
828,45,62,20.7651245661218,2540.6934688879,1,0
829,34,47,85.2908105442936,2310.321930622188,4,0
830,22,16,85.9702939560257,2798.4027590586215,0,0
831,48,66,85.25263171326468,1825.816082860768,9,1
832,22,43,36.346793810627716,6083.3300488930845,6,1
833,55,8,45.57323267735494,7720.125660569474,4,0
834,20,3,44.737581953274024,6955.396760520818,4,1
835,40,12,116.0066983179637,1821.7291922982065,7,1
836,54,16,26.752818722587726,510.13221862622066,8,1
837,54,59,62.8761507703504,6081.041865870183,9,1
838,27,49,107.1253905820194,3182.6890666780682,0,0
839,27,63,96.9465994447716,6614.439667717048,9,1
840,36,62,102.24421246489267,6255.962793032972,3,1
841,34,49,117.2293584122333,5040.740990792161,1,1
842,38,51,58.72618122731889,2117.1807415972235,8,0
843,31,33,50.96552743804612,921.8825658581613,8,1
844,26,30,23.065949015019733,2095.921775843468,0,0
845,63,59,35.001936178986206,4127.10159322919,2,0
846,18,15,76.20146545430241,7837.757507574818,9,1
847,68,23,35.766059505334006,603.1291975828334,7,0
848,62,45,93.63050159809107,1680.5688064458611,1,0
849,30,62,23.72326049159375,5055.507715770159,1,0
850,21,71,45.948802323788186,2504.4787178695187,1,0
851,18,15,89.54531233884886,6882.1839655750855,4,1
852,66,46,45.55028242390638,1201.3941978182006,8,1
853,57,64,92.87604642244641,7708.944436313137,6,1
854,49,46,119.58638754307019,7307.761642980562,6,1
855,51,56,99.70839554491036,7111.479542484697,1,0
856,45,44,54.183545876100254,1467.245429930987,1,0
857,48,29,110.05919006282612,2703.01938159589,4,0
858,25,62,25.117973566820943,6452.365053644867,6,0
859,56,52,92.50068244473121,6481.6837179235745,6,0
860,43,54,22.332233156267506,5670.885780136346,8,1
861,51,57,37.455549535696505,3639.6019641166386,2,0
862,20,66,118.75857415385745,2561.555238320153,0,0
863,67,22,56.088491249430696,7707.367695835644,8,0
864,29,20,102.04993781642388,1200.1719321179335,0,1
865,18,33,57.6086712835602,445.65708159945325,7,1
866,61,25,104.00284507978157,172.131107919903,4,1
867,22,46,116.54395601267743,6222.712586106139,7,0
868,47,57,63.55362434191665,547.9706531372419,6,0
869,47,5,75.93491918482793,4355.284475328105,8,1
870,34,55,82.86394899635678,3001.6102844316893,1,1
871,65,61,113.48348021752354,1260.572331570435,8,0
872,64,8,45.67440874345579,5950.704346408905,9,0
873,40,16,81.12493728337267,534.5539652470829,4,1
874,32,48,52.47202282231425,2615.3113248250734,4,0
875,54,61,41.693318018241946,4541.310680818719,0,0
876,38,15,28.492033902321417,3279.0842145143924,5,0
877,31,65,82.07108637359488,2147.270769407681,9,0
878,19,22,108.20854788715684,7415.407937177769,9,1
879,28,3,55.13928888445126,7454.666069139446,9,1
880,68,54,75.26685361929773,3387.1468629128885,9,0
881,56,14,84.21337952941157,3210.5808924152175,2,0
882,55,36,61.465017779520394,2528.341875144937,9,1
883,51,67,110.33478503660581,6860.473924007648,2,0
884,55,10,56.27551612011766,4586.5307593597445,2,0
885,67,49,32.50108200898437,807.2254819293962,3,0
886,51,65,34.40203580516995,6841.233554635103,8,0
887,35,57,109.08576145077127,4325.601532660306,7,1
888,47,27,118.80080428479597,3383.1752524366766,5,1
889,32,5,48.8937850571717,2769.1330547841076,7,1
890,44,71,34.36027256547114,885.4700634722645,7,0
891,68,57,68.22122817562095,7657.947035566868,0,0
892,51,15,90.9528063576598,5955.8237880311835,8,1
893,69,30,81.24029081029721,1141.0427484819475,0,0
894,55,20,115.11081820826126,4139.023671165191,1,0
895,50,37,101.77778839716281,4489.044062511667,8,1
896,41,3,106.89721650640021,1426.3211805429708,6,0
897,32,41,74.16671588490702,3475.050078012201,9,1
898,47,39,52.727519333145004,5201.3943120866625,0,0
899,59,26,90.17360104605791,2343.683517336605,2,1
900,68,2,63.90530399513951,2719.710743630592,0,0
901,34,23,48.77542405623246,1064.0249688135639,4,0
902,22,23,35.22706856722975,3364.6010901734735,3,0
903,46,16,72.78742078895624,4712.472549195528,7,1
904,21,9,79.42535671999187,1020.5517715246041,8,1
905,27,13,76.8785682654175,4956.796434796781,3,0
906,34,28,31.654836343355402,3242.5663965472177,2,0
907,27,27,76.99873195387431,5457.6398096873845,3,0
908,34,51,36.8414106805141,2587.212106582925,2,0
909,37,64,86.3714165451469,4591.143982503672,5,0
910,41,52,62.93839966655334,4941.1425012524305,0,0
911,22,38,104.87885877391554,5555.0084532545425,1,1
912,51,65,97.82657447937787,6079.817969944665,7,1
913,23,18,92.43820515166337,1177.1785082092729,2,1
914,19,63,90.07370993343022,7725.417663382192,3,1
915,30,51,76.0488039478102,6764.798783664718,0,0
916,60,9,26.111357612834432,4542.318382529076,2,0
917,60,13,85.5489623533001,7133.8350791490275,0,0
918,65,40,66.69221775637152,3121.2204470479196,9,1
919,28,55,66.9554713993533,370.8637576884544,4,0
920,68,43,57.90221954662697,5843.54790885675,0,0
921,64,44,112.90709148417106,7552.418779907344,8,0
922,40,68,44.94512669524324,1378.6518422448883,6,1
923,33,33,51.65944534097797,5186.60418142905,7,0
924,48,24,116.30407827356227,6526.061929153303,8,1
925,28,36,101.0153735276698,7250.029707940856,9,1
926,33,10,21.408641216287,2284.5692970099694,7,1
927,25,20,110.61075998618739,1116.9970941393792,2,1
928,21,12,42.66472988330703,2058.015899619885,6,0
929,57,62,90.59325391660634,4664.000964051171,6,0
930,21,18,75.30731073672155,7357.953226314699,6,1
931,42,63,73.6811883602784,4702.032908468199,7,1
932,20,25,91.79213233927192,7365.008276604372,3,1
933,49,12,40.71814718944397,6183.292487160631,5,1
934,20,21,35.902513076642656,4827.276766925693,1,1
935,44,25,85.19126067329519,272.20822318030383,6,1
936,46,11,49.05792289046622,2731.2985662215156,8,1
937,49,64,117.39502076577608,553.9305020767595,4,0
938,67,50,65.15118390746734,2645.714567164824,3,1
939,68,62,31.159702000696527,592.4346354516823,1,0
940,36,49,88.58151661720446,1425.7453054554933,6,1
941,38,14,50.61592924661313,3344.41873831503,1,0
942,22,1,34.85874276214022,4167.589488920547,1,1
943,35,25,62.2823362889921,1815.4193375135533,8,1
944,45,59,116.42222780872781,5887.361296138112,1,0
945,59,69,61.143057638712996,4763.880512749456,9,0
946,39,5,54.73337657310635,5564.908193029894,2,0
947,38,19,64.45089620693041,5888.848880637965,2,0
948,23,23,21.211570559964837,5842.670674790086,1,1
949,18,9,33.31015385986141,7496.247819455138,9,1
950,22,50,104.96746181346077,1974.0406379258693,2,0
951,58,16,117.80344120945136,2234.2295499270185,8,1
952,29,33,35.794148560368136,844.1884372169902,2,0
953,43,2,73.55178183869084,4781.432223705715,4,1
954,63,14,116.63334338056437,3221.965510339137,6,1
955,51,1,35.65813761789639,4019.9711572753267,0,0
956,66,58,38.63096175024502,1441.5895159417046,0,0
957,31,16,112.68163539283984,5227.5759795139265,9,1
958,43,47,90.56876464523825,4990.2529490516645,1,1
959,62,44,35.19666868421608,2191.7969727629543,0,0
960,44,14,59.349267111860975,3776.791854365985,0,0
961,26,24,25.626994421471053,7164.97741104751,9,0
962,43,55,63.26715339176942,6210.642371173809,3,0
963,64,15,97.7901494487037,1892.8566264303206,9,0
964,39,34,75.39720545861272,7042.953334746867,2,1
965,64,2,84.74421218162031,631.7724900301886,0,1
966,47,27,52.68201322002092,3370.035671837757,2,1
967,60,23,36.1395917744793,732.9339975454288,0,0
968,65,68,21.31166757734844,7401.292134073258,2,0
969,34,14,102.13123443293455,421.54929037834245,3,0
970,43,63,83.66545593457879,1294.7983392525048,7,0
971,53,65,42.93212412876884,7328.815556308754,2,0
972,18,68,61.84339600772948,4699.045394714971,2,1
973,25,63,100.14432687281142,6381.985003260501,8,0
974,66,64,73.87001860913857,229.61340606818135,8,1
975,52,32,50.01598764459783,3410.851057387006,5,0
976,69,13,46.71845171706855,7877.278479166817,9,1
977,32,66,41.76140244488256,4680.570621638231,3,1
978,64,19,102.37298801341699,6812.494029939358,9,1
979,39,24,78.18603506846625,7712.119867485342,4,0
980,31,11,90.91571657014643,5511.8200212770125,8,1
981,43,59,106.01204413974133,2688.280647376128,0,0
982,45,15,118.68617025302161,2537.994780741957,6,1
983,40,10,44.948358653078195,663.0915222240969,6,1
984,31,41,38.09024874579129,3479.399605848186,9,1
985,41,27,66.19983427939485,7331.576383412856,0,0
986,19,60,23.50712794785325,3876.6931700924483,0,0
987,62,52,99.17178815635283,7296.859790001569,8,1
988,43,28,108.37599988343821,6555.4212725030875,6,0
989,31,65,88.60396987480284,7875.078194990579,3,0
990,68,17,46.79950245636093,7586.792726947298,8,1
991,24,44,32.315547398879055,5681.217825518618,4,0
992,20,10,58.214418791988834,6982.616566320202,2,1
993,64,63,103.33356205052533,6009.813842895767,1,0
994,40,47,54.78278037861146,5656.81666567352,8,0
995,63,38,23.425457362663998,5752.920665392638,3,1
996,60,70,47.42803762251319,5796.2450353279,6,0
997,64,53,118.99456100757233,3097.410193706233,0,0
998,62,44,87.66687556658833,3446.143086815415,8,1
999,35,54,110.08548299771279,2423.16215746705,8,1
1000,55,20,97.48652675011076,1271.2585478035026,9,1
1001,52,31,73.97055153266307,3721.7028626401197,5,0
1002,68,7,34.86888723949803,7209.599385251033,5,0
1003,32,58,54.86444783557177,5244.991182280848,5,0
1004,42,10,78.37402252742223,543.8248417730784,4,1
1005,54,10,107.0632348731992,6508.479562060751,0,0
1006,45,39,46.867504586489964,7489.672065018253,3,0
1007,27,28,32.12268693402295,6652.437275895488,9,1
1008,56,30,75.88323175548175,5847.5771718304,0,0
1009,34,37,37.65012225180557,1285.9511269252398,4,1
1010,56,67,81.03617693219067,2857.099148795446,3,0
1011,39,43,46.3521442483732,4565.7664179494395,7,0
1012,43,52,43.09630043006246,707.2001570892774,0,0
1013,61,56,59.91807649888911,939.5346916727003,7,0
1014,42,68,79.31917575579459,7480.605983888084,7,0
1015,34,9,74.5317672949313,5651.260426880271,0,0
1016,30,23,44.473447723498055,2273.1876638050767,8,0
1017,37,63,109.11166744533762,2686.1464471146473,8,1
1018,42,61,30.988196973520104,3136.9915038133386,5,0
1019,21,40,23.94675630743353,693.0632113718636,0,0
1020,27,44,80.27062694061975,5939.498289843982,6,1
1021,20,24,32.34071680654765,1496.9886955205245,6,0
1022,58,51,70.48908142789611,6460.44819608361,8,0
1023,62,58,115.17732844096327,6782.392195237775,0,0
1024,35,33,89.85802714527901,5143.6300016769665,7,1
1025,64,16,81.74565803977605,6181.854052851414,7,0
1026,53,22,77.48052248722807,1457.4978168197426,6,1
1027,64,57,37.953925219959274,4649.917963098031,5,1
1028,39,62,63.26478246281044,5446.714584124437,0,0
1029,51,71,54.25235073667625,5326.328588748795,9,0
1030,64,70,115.30743222220627,1026.590033381128,7,0
1031,25,30,44.2320231370725,2820.6214535923013,4,0
1032,57,23,67.15163713960514,2667.796419710459,3,1
1033,66,32,113.80793632762501,4622.962293515576,4,0
1034,61,57,98.9180652439315,6145.37331805525,4,1
1035,36,9,116.45152392844231,4607.663892744688,9,1
1036,59,31,80.8330255146991,6063.136765348068,2,0
1037,58,71,53.378685474593404,881.8440139221641,3,0
1038,54,9,102.66497754640591,7037.295657851491,3,1
1039,23,13,49.14562713733706,4339.274847977652,7,1
1040,69,58,36.47728019118859,396.2394176906657,4,1
1041,43,3,90.62888140390073,5181.382723877168,5,1
1042,51,35,83.89556635343594,4187.042780168296,9,1
1043,62,21,107.89489025953954,1840.919593903663,1,0
1044,23,64,116.19247578160507,6138.961123029702,8,1
1045,54,52,105.71975872245541,7475.189184543042,7,0
1046,50,34,26.002179758827076,2649.199285363696,7,1
1047,39,35,86.45134329822682,4001.933894249315,9,0
1048,38,15,98.47324128640457,1112.5824897175896,4,1
1049,23,6,118.19287243501765,7445.417817268048,4,0
1050,23,32,57.46612995126337,2618.4888709919405,2,0
1051,65,52,36.98815872711479,1638.7990012262542,1,0
1052,21,28,105.29330617972212,3879.586546478698,8,1
1053,47,64,51.746674363255536,441.9316670593279,5,0
1054,28,19,79.82018957938588,2097.4109666885984,7,1
1055,47,15,58.98947642129998,634.4961182821455,3,1
1056,48,6,60.23262567586612,1106.2321205041783,4,1
1057,41,38,93.24644791774516,986.0446518403579,9,0
1058,26,26,56.14751253399386,6992.117644641862,4,0
1059,20,51,89.30751129704869,7450.435299473561,9,1
1060,68,53,21.43284554523021,3848.725109663154,3,1
1061,48,56,52.464739000387596,5080.294994041427,1,0
1062,57,59,51.904403135366266,5597.624988377688,5,0
1063,54,70,94.8835285896717,3191.3752664892754,3,0
1064,53,58,51.455711602562786,3024.662689638814,3,0
1065,41,13,83.3327132365083,5436.99525186699,9,1
1066,48,43,88.85244021078648,3076.044670437384,2,1
1067,23,51,85.84255441971152,4689.975204446399,7,0
1068,19,19,80.32936810486646,4170.023205410516,5,0
1069,37,21,61.36168493493947,4243.2387471177535,8,1
1070,45,24,57.33049776838104,6651.935016723963,4,0
1071,28,26,76.45840583758897,5662.051160299703,5,0
1072,21,45,26.37031024843263,7689.392966900934,8,1
1073,32,28,107.58198420515261,6348.715355287479,3,0
1074,23,29,102.53151430303431,1251.7608653391762,9,1
1075,66,17,54.63847170371896,5934.018093698758,6,1
1076,47,68,76.68191233856312,5358.61567634037,9,1
1077,55,44,113.22276981844632,5203.747438139653,9,1
1078,68,61,47.16367974120967,3897.8825469168287,5,0
1079,19,68,94.24552676948534,593.4649665462928,5,0
1080,32,25,28.273180732100517,7616.729663329552,5,1
1081,28,67,72.33721474709711,6830.205088322854,3,1
1082,25,2,108.39691294472976,3945.7834955536778,9,1
1083,43,49,75.17092841490735,1352.7896442833865,5,0
1084,68,70,81.62528268371014,6613.333997060493,6,0
1085,62,26,110.76392933095441,3502.3056827325677,1,0
1086,61,27,91.53606400498028,3181.8999957002393,8,0
1087,22,18,89.58696802242656,5356.519632268341,6,1
1088,23,54,78.63840220928984,6093.5356484079475,2,1
1089,43,1,83.29886141924183,596.4418193016188,9,1
1090,21,61,100.37054240166172,6163.695690219752,9,1
1091,36,3,117.92330832972443,5898.129960677862,6,1
1092,37,68,99.53253540081879,4754.755923124144,9,1
1093,50,41,90.75368316269962,2773.509423429261,9,1
1094,37,37,33.554488361151485,1401.9369633210401,4,0
1095,66,51,101.70803874416931,910.9584565525196,8,1
1096,29,15,93.5994367398703,109.35118037668695,5,1
1097,64,8,97.04321954012339,1731.0353879675336,6,1
1098,18,38,43.10964782433119,3349.562063394786,3,1
1099,43,56,110.34436965409277,2024.7902180606663,1,0
1100,31,47,29.728136834686218,2540.934523479578,3,1
1101,55,10,45.36120556919465,3184.5740813518223,8,0
1102,54,49,86.30234383244017,2535.272236876906,2,1
1103,28,41,87.37144638310151,5824.506205403973,6,0
1104,53,30,51.33245663008248,3984.6416344032623,3,0
1105,30,5,90.15197771118147,252.6844672411215,2,1
1106,60,71,58.79305376548721,1890.679027762197,4,0
1107,20,31,20.01755158579233,5706.300132612793,1,0
1108,50,52,36.26061322873835,2477.351133965608,9,1
1109,23,23,108.26182752181744,7369.119996422486,3,0
1110,67,48,42.26940117294188,5730.045974834623,6,1
1111,27,40,31.291033885887593,2390.4231094491665,1,1
1112,22,6,88.22006059331946,4179.637784770209,9,0
1113,40,38,64.0706442409736,5371.188338423341,5,0
1114,27,41,99.65909363976444,1627.590336163053,4,1
1115,61,27,106.14449345657881,2044.8809963062122,2,1
1116,19,69,104.59888773872315,4106.277592311826,4,1
1117,30,57,51.30092191968933,7406.668307673308,9,1
1118,57,17,70.55459379681642,2817.6818981751603,6,1
1119,19,71,85.01417346469641,3276.8295919955813,2,0
1120,37,47,52.19830872841239,1605.8996643839573,7,1
1121,18,13,24.109931535301815,4786.348692657565,6,0
1122,54,11,69.56643822969191,5947.190903282887,3,1
1123,26,24,21.28183334655937,3581.0739038460015,4,0
1124,34,4,115.06456247259472,6026.970099312565,9,1
1125,26,46,99.66836460730265,2490.5773146068636,3,0
1126,28,18,39.200977652359455,5685.176902425162,1,1
1127,32,43,48.75717488919284,2140.9218120465875,8,1
1128,41,33,118.28385480194383,6267.131379995404,0,0
1129,55,10,57.35485541413044,6662.068468563755,7,1
1130,52,59,98.37223574338923,6402.016980042332,3,0
1131,47,31,64.68154684192544,1802.2335862199454,8,0
1132,48,28,106.40959241006102,5584.570559362116,2,1
1133,66,60,90.3753508161509,4354.469060273159,6,0
1134,22,3,22.291005989115934,7889.692220913476,2,1
1135,61,55,49.43898859392372,2956.456885734606,9,1
1136,67,14,75.79923148934525,6192.88568742842,6,0
1137,31,58,112.61740440697538,3023.617124752804,1,0
1138,28,15,30.202989464149038,3235.174045816931,2,1
1139,26,2,80.1162537711067,976.8382568002694,7,1
1140,51,24,50.217673141265756,1993.3233680269116,6,1
1141,29,64,108.93277820194403,1399.4258639214618,2,0
1142,52,71,96.51696096585133,1357.684432247024,7,1
1143,52,24,56.970272200928534,171.23056844966337,8,1
1144,18,27,36.710316390861365,6370.868078834822,1,1
1145,57,37,21.14979723972978,3796.6566217234786,1,0
1146,39,39,82.11344506719487,6452.923786889988,6,0
1147,46,63,60.61238076312438,4939.148232670558,7,1
1148,25,26,51.475649286076916,6667.567533596025,4,0
1149,28,65,118.55022916368355,4079.7435255757846,1,0
1150,58,4,66.61421355603152,842.9240669967926,9,1
1151,54,29,94.98392836454242,4972.432781548131,4,1
1152,31,1,37.74124172512362,5454.342411875647,2,1
1153,47,50,21.34552577418138,5049.382929578335,8,1
1154,52,11,61.7562619448016,6430.55689028998,1,0
1155,38,59,86.56648349426617,5878.844027649085,8,1
1156,54,62,70.65986961834594,3517.796348671066,1,0
1157,22,36,109.0466257624391,6570.918878096423,0,0
1158,36,56,63.39793511871648,5565.113682927235,9,1
1159,31,21,51.10028131530912,1050.897234268587,5,0
1160,43,13,111.60486762076435,4364.996032053576,5,1
1161,21,9,60.68022786343809,5855.590869216513,3,0
1162,42,11,46.964786163961165,4470.976793574415,1,0
1163,62,70,29.76610768100804,7597.326342517621,9,1
1164,59,1,99.33097732158208,901.7810188492792,2,0
1165,42,70,102.50914607978432,5806.341373742738,5,1
1166,35,56,23.3297783565172,6613.161410293054,3,0
1167,57,31,55.864559840152474,5650.960239750861,4,0
1168,25,37,94.98764545979597,3146.12154000881,8,0
1169,56,47,114.63818474880539,3145.2944743062753,4,1
1170,57,47,57.7818283844905,4733.8832900926,9,1
1171,31,69,107.20534313794936,3237.07448720076,7,1
1172,49,58,59.37204065321951,7077.145679190065,1,0
1173,68,36,37.949462724264805,968.4518845261581,5,0
1174,55,32,20.34461437768697,5149.343048984744,5,0
1175,50,64,53.018102315287976,1159.508190111738,4,1
1176,40,71,57.84750507273715,4367.26243974243,5,1
1177,32,42,114.51175288873361,5753.091499044491,4,0
1178,50,48,40.607025242062285,1407.5362408259668,1,1
1179,42,30,58.22307080175047,5661.862449768262,4,1
1180,34,21,22.515412982311314,1205.8422465676183,0,0
1181,50,60,96.35397350913864,5002.374590470198,2,1
1182,64,13,111.51412362549867,4093.868931650796,6,1
1183,19,1,43.782064727649185,2454.792135093167,3,1
1184,31,65,62.89951106401645,981.2349737568896,7,0
1185,57,33,32.2112621365994,5913.24770284724,2,0
1186,57,38,65.68354303128908,3116.260553678347,6,1
1187,68,25,33.33424636440954,783.5931404580933,1,0
1188,56,26,72.33484944191521,6205.035772354589,7,0
1189,68,59,93.46220404322331,1939.8679995221835,2,1
1190,23,33,75.33427748141682,5917.971224273611,5,1
1191,23,41,44.5219578387376,4562.69961893182,1,0
1192,20,30,55.37959854689051,1636.7791914745046,6,0
1193,24,57,83.85727377056324,703.6052446808568,3,1
1194,68,49,78.97554177893252,4786.667221680744,5,0
1195,25,48,33.677478812133344,299.1734746914875,1,0
1196,59,49,104.49494735661027,617.1694304264913,2,0
1197,69,47,67.51889122470155,5647.5307475369345,2,1
1198,32,56,36.236922452639305,4357.103347070295,3,0
1199,64,65,32.28265425747293,2677.732598669578,0,0
1200,46,12,116.55517746451302,4359.900747080547,5,1
1201,50,69,48.153511117354604,4774.029687446864,5,1
1202,69,6,110.85935879163759,4565.758343331285,3,0
1203,47,65,61.05852987689389,5176.176690972375,7,1
1204,56,25,58.59214304531903,7528.275991503901,4,1
1205,44,1,90.0928969649432,3171.342408663801,9,1
1206,53,32,20.988328777546144,2479.0961663148514,3,1
1207,46,3,53.80895216303905,403.63579713834076,6,1
1208,55,49,50.264571219180894,1261.8771491684581,9,0
1209,50,19,106.80980942840463,939.3735454610272,9,1
1210,54,60,72.91235390207832,2750.009076292452,7,1
1211,44,29,56.45701572242519,4918.926757638938,1,1
1212,50,50,46.60793102997181,466.037739963209,0,0
1213,21,2,79.05098088106291,5848.553535192011,5,0
1214,39,56,35.167314054336465,3239.72030482414,1,0
1215,19,17,44.62047685087816,7711.685674728792,7,1
1216,27,60,49.361216506474975,4590.241304016316,4,1
1217,22,36,80.7908947606941,6193.762267869062,1,1
1218,27,61,57.32549590164754,6903.331735146561,4,0
1219,50,17,70.57833001200494,7121.885780471666,1,0
1220,55,49,85.04382637665867,4195.847822470477,5,0
1221,30,60,115.62716008076873,3234.266211605541,7,1
1222,48,20,96.48373971027523,4528.068418538672,1,1
1223,64,50,60.52567805721077,3276.3561727776805,5,1
1224,53,3,94.82753743972567,2001.6482573376081,5,0
1225,62,43,114.96941809192126,2658.9666346166728,0,0
1226,41,57,69.93805456541249,1938.8818642849315,8,1
1227,69,50,61.04969331228897,2228.557281699407,7,0
1228,32,68,27.801869900073655,839.5011241621908,3,0
1229,46,50,109.23703706508623,3469.0554937188467,6,1
1230,25,37,44.643428079365556,1958.7428621654676,3,1
1231,22,46,26.395789681913953,3642.095763916361,7,1
1232,46,42,73.72034865910831,6358.366049992716,9,1
1233,64,15,104.58996459615251,3641.6675906211,1,0
1234,21,33,60.66350556230525,7641.433778606752,1,0
1235,29,11,98.30674701590162,1267.9114667713648,2,1
1236,62,20,103.63960072839957,6817.09342761921,3,1
1237,19,24,65.44035588198638,2061.2391011766013,5,0
1238,44,64,79.09550659404736,7478.074261754296,4,0
1239,48,65,73.391229853894,1894.468618944371,9,1
1240,68,17,113.91958616345015,6000.998109121964,9,1
1241,68,61,92.55056850917613,590.7314167937642,6,0
1242,53,15,112.5342810770113,5075.526153565404,5,1
1243,53,51,42.000997806197184,1827.526321535932,3,1
1244,43,27,51.02368518326705,5394.363079021065,9,1
1245,60,61,27.09134731800677,5123.051767236291,8,1
1246,44,58,69.99079566958076,7397.197449315281,6,0
1247,22,31,107.39236793859108,5050.743801901541,0,0
1248,37,12,52.68466971307157,3325.1656120342714,7,1
1249,28,46,32.82821069493315,1629.1856583087044,3,0
1250,27,31,26.844625492905298,5293.862967498703,6,0
1251,57,32,64.75002725236546,1019.2961709903767,1,0
1252,55,32,36.40217446287633,6645.282932681966,2,0
1253,23,53,54.61040288851035,2053.942920817023,0,0
1254,25,61,101.99798080824368,4240.855296164965,1,0
1255,40,46,58.404738275752436,4807.9837042022245,4,0
1256,64,7,80.98709182563557,2963.6709241401463,1,0
1257,43,4,70.21600558228148,5344.602842820746,5,1
1258,63,52,91.85332929700363,2076.7139752478274,5,1
1259,60,31,35.616495898756874,373.534132835104,5,0
1260,29,36,112.04410364836187,7678.215115465997,2,0
1261,43,54,84.36327975500353,2628.362067610885,2,0
1262,30,54,47.09537315801073,5736.351653817686,9,1
1263,57,17,32.325370813805904,4109.515494671008,6,1
1264,35,30,34.972556414619035,5385.089549192733,3,0
1265,42,22,98.26629268961081,976.3985278738543,5,1
1266,50,43,78.8110053312958,4198.898213417183,7,1
1267,64,27,58.07582907181833,3198.534472746541,2,1
1268,57,37,53.290084618688,3669.61157798629,8,0
1269,60,46,105.57580044005302,7733.045830259467,8,1
1270,29,35,107.4762523781461,1176.682348211449,2,0
1271,61,4,78.1262038419293,6062.131393650046,5,0
1272,53,26,72.45440656650364,2709.708073968923,4,0
1273,65,19,101.64480420765715,2393.8281022277224,3,1
1274,21,45,94.93351797943753,2239.141427604196,7,0
1275,22,26,60.03251833277884,2855.3742704608385,9,1
1276,54,22,28.2738684750857,2921.224770789488,8,1
1277,25,58,96.85001073627778,2238.901340937574,8,1
1278,59,63,36.87010289402438,5373.19586741046,4,1
1279,66,28,21.637690647847833,477.0036712319701,4,1
1280,45,65,104.33026752039908,2725.121065866485,2,0
1281,48,44,77.82538453367187,2313.624294004948,8,0
1282,26,43,109.16660355357584,6036.202362343974,0,0
1283,68,37,68.4588083197618,1257.3384977544686,2,1
1284,46,66,112.6481100711403,7531.4284225681395,6,1
1285,31,17,55.39717479788638,1447.0970351567241,6,1
1286,57,40,92.45220023342928,3023.2161761020543,4,1
1287,58,38,50.09865092617835,1677.6315281690686,5,1
1288,39,61,20.116366432797843,2364.9137534295155,3,0
1289,28,9,57.974453454895674,6112.095135278187,7,1
1290,40,61,93.77655131092388,3863.597278033044,3,0
1291,18,16,35.00241794465139,1384.348166750975,9,1
1292,63,2,70.4802033207393,468.4155412921324,5,1
1293,54,43,41.2321484850715,1916.3381393451727,4,1
1294,38,42,27.462412141910292,7570.261950355565,9,0
1295,43,57,81.74519819443162,6778.002310685463,5,0
1296,63,67,115.1967622303403,3577.3723557996686,2,0
1297,53,30,51.07042187179171,3907.7622533732656,2,0
1298,40,13,78.06458003599504,7204.99250109406,9,0
1299,18,19,115.36033677507945,4771.628520768309,6,1
1300,68,7,85.04833499946875,7058.059814675231,0,0
1301,57,9,87.31133023099542,3985.5289243834904,0,1
1302,32,54,37.89285115608359,1680.771191038725,0,0
1303,38,61,69.26096788528267,5834.823141543657,5,0
1304,64,2,56.708274708724666,4258.507224674199,3,0
1305,26,50,67.095685239103,5380.6726817509025,5,0
1306,26,31,100.08265764418772,1342.1242419260075,0,0
1307,27,33,66.06989877460983,5216.0542351596705,3,0
1308,69,11,26.285067825783507,3119.831464500452,3,1
1309,43,33,110.5541661150863,2722.7822472084476,1,1
1310,58,7,74.48158874519706,5404.656774473557,0,0
1311,52,31,112.4494358530292,4778.688994761557,7,1
1312,69,48,77.23545120276245,5227.948688599965,5,1
1313,42,47,26.96363159750606,7726.131207428781,3,0
1314,43,53,75.28693935257712,5639.452109598401,1,1
1315,28,19,77.57389324926805,5163.101801955835,4,0
1316,55,6,41.43398793429756,4947.069030547094,8,1
1317,19,49,67.10290841043768,3249.84256989454,6,1
1318,24,50,65.94415118736514,6729.614360023234,3,0
1319,35,12,82.28761490206037,3109.414959795114,4,0
1320,44,23,45.961409867392035,5631.924711171938,7,0
1321,51,54,78.17484179481937,2415.8347932458705,4,1
1322,44,69,44.09520426369428,1267.2758899536682,5,0
1323,34,59,64.64452722039066,1125.1301276541694,9,0
1324,60,36,32.2705699337307,5113.014967857308,5,1
1325,61,3,23.730054786147818,2690.843950788763,7,1
1326,68,58,52.05873059917339,2272.889379879909,4,0
1327,41,55,47.45717506497415,4777.268701916093,0,0
1328,42,57,60.69359120313467,302.791060277465,3,0
1329,24,17,116.19826200003398,2045.1826506789284,2,1
1330,69,39,72.22292947703284,2790.323554004992,1,0
1331,23,68,75.31767061367565,5696.151365796864,6,1
1332,41,55,114.16010387873742,4405.509852593629,6,0
1333,50,45,112.1147137591833,6862.310075298951,7,1
1334,66,1,108.41119539004178,2742.6002676882044,9,1
1335,46,21,29.799474202971304,2441.8838389757834,4,0
1336,60,21,83.42974105203304,362.2595276635831,0,0
1337,39,52,100.80989804935118,7618.56667504299,5,0
1338,43,43,103.55746895770949,4061.78795652104,5,0
1339,45,52,77.79071425018961,4069.938926081138,7,1
1340,67,67,21.74955474861691,7395.145548230226,9,1
1341,38,44,117.3712901641735,2390.3540638357804,1,0
1342,66,32,67.21967027581215,2723.638427361392,8,1
1343,24,10,59.359589527359816,5285.14678572163,5,0
1344,34,64,59.494871367726304,6302.890043705215,0,0
1345,37,69,62.415088005826654,5624.5547309166805,8,1
1346,58,68,44.2180718172753,6330.874431925998,7,1
1347,66,28,52.73336257498298,4643.353510395717,9,0
1348,37,53,118.53576097747391,6916.305513421668,0,0
1349,39,51,56.81680002560942,4445.843167546394,7,1
1350,45,53,72.6725016473789,1911.7909552845517,6,1
1351,57,4,104.82942659752185,4379.438741339084,4,1
1352,66,17,72.74278111088636,5732.263012739942,5,1
1353,24,67,52.44534216181676,5263.2451813778,3,0
1354,18,47,72.37509769185301,2019.832427468813,8,1
1355,49,56,31.408631043909743,424.5180012325364,8,1
1356,30,23,33.00069552327698,2094.598007085737,9,1
1357,47,18,89.41075322306689,7873.932362904385,0,0
1358,40,1,111.74606572597457,1557.2832990845488,8,1
1359,68,35,92.56781334885183,3768.536892078059,2,0
1360,36,64,27.46132406573572,5142.931814924724,1,0
1361,49,58,60.28956110310057,7047.838161891384,3,0
1362,47,59,20.255358826806372,6106.04323648864,3,0
1363,46,1,71.12067433256328,7280.729533928764,8,0
1364,66,3,39.320448488185136,4874.631179270033,3,0
1365,62,67,106.81466487286566,6936.018584209697,4,0
1366,46,37,30.43350528690824,2184.3596773997547,5,0
1367,47,29,20.14333986470304,3501.462253141931,3,0
1368,33,33,65.11460431137604,6765.802547359268,0,1
1369,57,61,35.54333039257392,2671.9529754450505,1,0
1370,36,4,93.79863822751616,6982.65493948332,2,1
1371,35,14,111.9934731781395,2968.6090363178714,3,1
1372,18,33,24.193801430256716,2970.818159414405,4,1
1373,31,22,59.55821119160967,2541.3600268500413,9,1
1374,68,48,119.68149760709497,4420.850360736792,9,1
1375,64,3,93.26719700006686,1119.6430372998875,2,1
1376,67,23,115.31876437058071,389.1609495993521,0,1
1377,19,68,36.40832852161556,7189.562541770826,7,0
1378,45,21,42.13685594919536,7438.612211132956,7,1
1379,66,43,35.48112405968259,701.7482289462067,3,0
1380,67,26,50.236903377593826,4442.610684195792,6,0
1381,47,41,92.43840683290519,4363.489062065932,3,0
1382,55,38,36.49466607581882,3042.2023752991777,2,1
1383,68,11,72.42340378832886,4594.34808198642,6,1
1384,21,29,46.920991911439806,3719.142831251713,5,1
1385,18,60,102.91957791369154,3968.116612215981,0,0
1386,25,67,20.6592405338939,6067.160902389146,8,1
1387,46,65,42.31149585386668,4255.086111939526,1,0
1388,56,61,80.5240757572182,2656.8989331620737,2,0
1389,20,19,29.671050197384258,4693.50328550275,4,0
1390,49,46,66.63122159459895,5161.956576901392,2,0
1391,27,49,63.62072964823697,5332.259617594982,2,0
1392,27,22,105.25230068217637,4984.6225427180825,7,1
1393,36,57,82.53971931668133,5350.36184146812,3,1
1394,63,14,83.97020621591027,2549.7329909713408,9,1
1395,51,44,115.18076017891659,3624.4579133264488,1,1
1396,50,16,118.2360375323375,5382.778737109346,4,0
1397,40,12,85.33947321528386,6059.511478676701,1,0
1398,45,55,72.20014501520542,3529.7544164000064,9,1
1399,49,51,80.79200584648798,2986.129463783866,7,1
1400,67,39,58.244370505416036,5755.472975865581,2,1
1401,24,33,118.74566169600773,1855.1681206991834,1,1
1402,46,33,90.50212594968588,174.98834473438862,2,1
1403,25,29,49.10067943791647,3822.2114193584985,2,1
1404,18,69,25.776629897206842,1469.6479231280928,0,0
1405,20,70,24.472192915196782,3088.4337963871026,2,0
1406,41,31,40.49129805265392,2400.749787080197,2,0
1407,40,31,43.29130542531116,6240.368919261567,3,1
1408,25,46,61.50454939539002,2718.1271452586593,7,1
1409,64,52,41.484601163625385,5161.338751975651,8,0
1410,54,10,83.09104308617447,5423.909513134638,0,1
1411,20,41,41.125473081058175,3705.988855863607,0,1
1412,68,3,38.7876538941146,740.5156906784018,5,1
1413,50,59,67.12369928003699,5632.884179995706,0,0
1414,45,52,108.86685993238189,693.8265259354044,4,1
1415,64,34,66.83054873786342,883.7823816355457,0,0
1416,25,49,61.3848744572167,1648.3792133216218,7,1
1417,51,28,77.80949074597088,2314.9688025264477,4,1
1418,52,13,45.72136787516285,6786.968432536282,5,0
1419,49,69,55.343655449043446,5431.882039125528,3,1
1420,41,67,41.38352556671306,3158.9810284924056,7,1
1421,31,61,77.18099946076836,7831.156864169951,8,1
1422,49,60,89.73875615692154,2024.4600840368519,8,1
1423,63,71,87.36986409905718,4917.53366033561,0,0
1424,60,24,45.48178179647618,6792.991460729352,6,1
1425,33,63,97.9648205747967,6435.978365858601,3,1
1426,21,61,45.595366524993025,813.4312136684512,9,1
1427,69,23,35.0311551267763,5608.466367028889,7,1
1428,54,30,54.98087486871944,2137.123668866266,6,0
1429,38,60,79.7744089170883,2910.294476717187,0,0
1430,31,18,34.2001818804398,3963.036660258207,0,0
1431,48,56,84.80871121084563,6346.926311916609,0,0
1432,65,53,106.3067996253491,1412.9913970854732,1,0
1433,35,7,49.31405102580705,957.5863568129721,9,1
1434,24,69,65.02066161151194,1312.1858358447928,1,1
1435,27,52,42.83104256251781,1823.9659311766668,8,0
1436,24,4,56.12617290703949,570.0646451071301,4,1
1437,50,34,22.19705708025074,7418.216109603612,0,0
1438,40,69,115.3769396212827,2620.758916001112,6,1
1439,38,33,61.58902132121951,1498.1074759447224,9,1
1440,36,69,98.88701098180803,5138.890209088355,1,0
1441,65,38,34.26434373565096,6317.269338256369,2,0
1442,36,26,101.23550441003988,6050.549908251192,3,0
1443,53,1,106.0147310962201,5777.786823018029,2,0
1444,46,4,91.54771286876792,499.18680595994016,2,1
1445,35,39,110.32083249834054,6279.060201841526,8,1
1446,19,54,36.71971294681364,4064.841265889679,3,0
1447,18,33,67.648182878862,5227.7795582489825,7,1
1448,64,33,82.01095320161572,7655.754533859889,0,0
1449,22,20,79.61929706974874,6504.313053945042,5,1
1450,37,16,106.10409345262981,6620.438872885438,0,1
1451,28,21,41.56913679728857,1533.591029137556,4,0
1452,59,45,37.56438325388664,3863.69529795221,6,1
1453,19,62,45.33785948579514,7599.6713315818115,0,0
1454,20,31,109.15500494128707,4703.213491358573,8,1
1455,40,42,114.10270826575747,910.4323211374825,8,0
1456,29,12,76.96301042699973,5881.376616593407,5,1
1457,37,65,70.13719345705198,439.1220921298942,1,0
1458,22,3,80.53856080126565,5964.148409329536,1,0
1459,54,9,81.63076498466941,7050.203754268915,8,0
1460,55,51,37.03047049434958,3459.4761108453454,3,1
1461,47,16,88.64108816231303,3367.5416175821892,5,0
1462,26,3,65.23511023484255,2503.26988031234,9,1
1463,51,24,71.73819588480451,7027.812452319488,1,0
1464,61,13,23.031660433515547,4427.498371982257,3,0
1465,52,2,96.45566325310304,4676.153531013489,1,1
1466,69,71,103.54279612678818,5327.488387714641,2,0
1467,39,21,81.94215539345466,2471.824485746729,1,0
1468,61,19,94.87236352966626,3519.0118596682532,7,1
1469,41,47,72.2706003172102,5958.68552142976,4,1
1470,34,22,81.83533789785555,7885.347051457984,4,0
1471,27,33,59.45716984632386,371.01376650978887,7,0
1472,47,32,99.18742650625126,436.9231337778828,7,0
1473,63,64,66.82709302644926,3481.8516076651326,6,0
1474,40,39,88.02129044188825,5311.012494995945,4,1
1475,49,42,82.14293786195046,3152.280536199003,6,0
1476,34,9,90.23145183857497,7997.145366324917,0,0
1477,67,25,98.52158751252233,1643.3381388804733,2,0
1478,68,2,71.2713481592995,162.61111825867724,2,0
1479,34,19,101.30659492556687,1602.021962270876,1,1
1480,31,20,69.7257237271609,7106.054763300278,5,0
1481,26,70,115.66343228639369,1246.6770436608704,2,1
1482,57,17,95.26717486147942,3883.900764422462,3,1
1483,19,68,37.11416497460642,3412.2818276994403,2,0
1484,62,3,102.95844713634312,5359.230038199918,6,1
1485,42,51,75.15876608066341,531.3051327136783,3,0
1486,56,26,118.44609579738653,5304.126351423186,4,1
1487,26,56,91.88190436735273,2902.5379874604496,6,0
1488,39,64,28.43907465701911,7415.712516751741,3,0
1489,60,8,59.49604276103488,6806.209903728656,5,1
1490,63,37,71.72754026732666,3256.09936297293,8,1
1491,21,27,103.90136031598018,7943.845563791036,5,1
1492,43,45,92.93455343297727,510.3556459843527,4,0
1493,46,4,56.93600706116389,6330.194538507107,0,1
1494,62,37,85.3432687502629,3527.3085398161647,7,1
1495,51,71,77.69109078983793,3523.110642241925,4,0
1496,40,33,32.60526089524069,1444.0570053482072,4,0
1497,54,31,43.48586929986005,4167.551367780861,2,1
1498,28,55,54.11223127143144,769.2761253526735,9,0
1499,23,12,39.54834063635029,4970.959714102981,1,1
1500,35,11,35.013384583002555,2008.5644827457093,0,0
1501,38,32,25.819777013028705,5826.378561578023,8,1
1502,59,57,107.31025656089301,4898.155994226924,4,1
1503,53,38,48.89434179648537,5996.599569136422,9,1
1504,58,60,49.032060393356616,6022.962354850269,3,0
1505,55,19,40.62281374301554,1654.0014572414855,6,0
1506,51,56,67.5397371863883,105.33036294410904,3,0
1507,34,14,71.42419679223724,2989.5139492026274,1,0
1508,54,33,40.828135862508,7360.646804792421,8,0
1509,42,10,80.85703378636505,4665.40513862309,7,1
1510,55,64,92.29999595937491,5847.265844437633,3,0
1511,29,64,57.38400859654519,7048.6056664360685,7,0
1512,40,62,78.54516968574387,7257.860157025108,8,0
1513,59,68,70.23019051644462,4279.298742744475,1,0
1514,39,43,39.55483983561022,4373.442470805236,3,0
1515,38,59,93.00109887745778,6822.416845741619,5,0
1516,44,52,100.14530278240474,6479.134938791109,6,1
1517,48,19,84.87931155871675,5620.982939253019,4,1
1518,23,21,52.38960277710513,4875.267923518822,9,1
1519,44,22,112.67924944093012,4975.999310370626,9,1
1520,57,9,65.53583879951243,2966.999622524743,6,0
1521,51,9,46.58784853850978,6743.25020447336,3,0
1522,29,27,60.82346208219565,4980.459670189361,7,0
1523,62,17,89.20750919082099,1865.8716917080949,2,0
1524,24,44,104.59317856592492,1994.761900225353,2,1
1525,27,45,55.65754992828726,6906.663808808514,4,0
1526,62,8,43.26244460093747,5043.089610529051,5,0
1527,34,18,82.64931318352048,3249.762614580661,2,1
1528,43,33,112.12151001062855,1578.095997958772,9,1
1529,38,1,38.32933635594216,4920.706188637094,1,1
1530,45,6,100.30193822993665,1556.05200215409,4,0
1531,63,41,67.66071814874842,3814.3195466245784,9,1
1532,19,55,99.95125039620918,5452.333220505767,5,1
1533,60,5,70.55411497732909,4566.781931136854,2,1
1534,18,59,57.73277743022193,7384.589210997519,6,0
1535,68,18,89.67410002096508,413.7974946289749,2,0
1536,53,49,110.06272945948973,2310.3795192260823,1,0
1537,68,65,52.02517303701811,550.9801997800505,9,0
1538,43,54,66.07481349943718,1637.373417169846,3,1
1539,46,61,42.94006266965225,1079.4683531796923,2,0
1540,38,8,38.34094636173508,5888.026853459828,6,1
1541,28,3,97.78901423921751,3018.069936225744,7,1
1542,57,25,40.06641166884424,7407.849742503862,2,1
1543,28,69,99.33181713344499,284.6840013673572,5,1
1544,53,55,62.92170518402645,5258.1010610590065,0,1
1545,66,40,119.50487234077158,7767.303922097358,4,1
1546,56,50,39.73414181912892,1489.1258864991473,1,1
1547,57,33,29.2977992512826,3595.2146192560967,0,0
1548,52,18,27.54330696034956,5644.930140245166,6,0
1549,51,57,103.54180047242006,5101.7901946530255,9,1
1550,64,16,63.77763110583434,4571.614331468799,3,0
1551,41,38,20.312434964737164,2681.373403729801,4,0
1552,39,41,107.4771362503336,5852.77963290992,1,1
1553,22,7,107.69210069103045,5260.716688839857,7,1
1554,50,53,100.64166740187909,1386.1222550056366,9,1
1555,53,63,44.83184830248425,7716.316777315,2,0
1556,64,32,57.27527200671731,4489.815980626943,6,1
1557,37,38,94.49262251954836,4251.146648183622,0,1
1558,36,22,68.93531254075853,6801.06975294101,9,0
1559,52,16,35.38265767235525,5159.266733968916,0,1
1560,69,52,44.27982645276724,688.3863641903646,6,0
1561,60,29,117.25895367515574,4102.056052943053,0,0
1562,34,16,35.10131174271062,6266.712293862705,8,0
1563,62,17,92.60807566781885,5629.842949397441,8,1
1564,60,64,67.80183066595389,7769.0729207277,7,1
1565,51,13,94.86016595521598,296.83860951885504,7,1
1566,26,56,86.11132411443931,2163.6297574591745,3,0
1567,43,5,63.916719055432594,4438.336004631161,3,0
1568,19,12,55.39108246830671,4993.9694122639185,4,0
1569,26,41,95.43592543561255,2267.4122886711784,8,1
1570,26,3,52.314120625982646,6631.733164369327,2,0
1571,57,33,98.77714800885684,1398.3475640365016,3,1
1572,34,50,87.9843066332452,106.70796601157328,9,1
1573,18,56,77.76691702331689,7623.892047171424,4,0
1574,42,9,56.88008849022973,3193.298675997788,6,1
1575,60,50,40.508135776637495,7664.169427553139,4,0
1576,57,29,91.04198012406638,2295.65964272727,8,1
1577,59,39,29.134922717058092,601.2442175366846,5,0
1578,42,45,117.05422561557597,6202.904875968883,2,0
1579,56,17,117.87479146154875,6702.974301423016,5,0
1580,52,56,33.022261595813866,3987.486500896324,5,0
1581,20,46,30.393532297230223,683.4176874051306,9,0
1582,67,67,61.27167270830301,5267.659192289369,0,0
1583,54,69,116.36832722605021,1538.9373983537425,6,1
1584,61,14,60.031089923111296,6810.114230434645,2,0
1585,61,67,56.380210843233485,2264.78264438331,0,1
1586,68,23,90.35850589987712,6796.8804834800285,0,0
1587,47,61,37.873123659522705,3472.703880958803,4,1
1588,55,23,56.332348357375146,4812.25393006039,9,1
1589,51,27,49.13074462744878,6337.543882885634,9,1
1590,29,54,80.15346226306262,419.47001956515754,1,1
1591,36,10,36.27528862141639,6587.2114488993,1,1
1592,54,16,74.87012556062363,1195.3195299474312,3,1
1593,61,41,105.75465899368449,2931.505006103593,9,1
1594,66,55,71.4170546707602,3834.9701378773984,6,0
1595,34,61,88.34966170980852,7173.870010982166,7,1
1596,27,49,27.52480176779329,277.2809603751696,9,1
1597,66,52,64.9005579247043,4517.7006055446045,6,0
1598,64,2,29.489316743585196,5175.927750492917,8,1
1599,29,50,79.9461675786657,2601.0002418826803,6,0
1600,33,43,48.10543711738185,2394.845493344732,3,0
1601,41,8,48.726583099174796,3974.706352232694,8,0
1602,36,59,27.676673714498072,1578.0933011309132,8,0
1603,25,65,51.02378614407344,3798.1395438791774,2,1
1604,48,12,70.66771771070974,6143.700055572164,9,1
1605,38,4,78.46601031717614,6778.6244828680665,7,1
1606,34,41,26.66655512758233,3142.7749407013157,0,0
1607,40,7,85.14591857160703,4976.683533835116,1,1
1608,54,69,68.88757607534946,100.16209189107028,7,1
1609,33,69,73.69080079142347,4447.784621004473,7,0
1610,23,30,103.27966737677947,7804.36681260067,5,1
1611,25,6,54.222644530486654,2566.89371457357,7,1
1612,42,19,37.40511113650347,4798.731381253044,7,1
1613,35,66,75.18101757069542,6122.040895400342,1,0
1614,42,10,114.50219175352387,4910.570865818177,2,0
1615,29,16,71.78696191811312,3406.1497666880314,6,1
1616,32,37,103.19121741195065,1305.3470291452982,2,0
1617,43,32,95.70320544610331,3763.2410399200235,1,1
1618,58,47,71.83307870098315,2428.7952525108735,5,1
1619,62,43,84.75547776534225,5597.770281214251,1,1
1620,43,36,60.66801840966585,3591.1108649443654,1,0
1621,64,26,73.06286890971937,6814.05014039784,1,0
1622,49,10,70.72857552906346,1627.2472514560936,3,1
1623,27,31,90.9110362957773,3399.988964223231,6,0
1624,33,29,60.998131935628265,4504.289313518985,5,0
1625,24,5,29.976712262214004,1095.515940623532,4,0
1626,34,1,98.87095228136228,4744.489614892463,3,1
1627,40,3,88.48530033282076,2398.279102087851,1,1
1628,43,67,115.01234554573654,1913.3437231744103,7,1
1629,38,71,62.87161758478628,1221.0948438618236,1,1
1630,39,35,27.820565691109472,2864.067212504738,7,0
1631,24,15,32.161898636324295,7438.9610800342325,9,1
1632,31,67,97.3319543203078,344.946288715362,3,0
1633,32,30,26.775728277860193,6832.034045632719,4,1
1634,24,43,110.78261449292853,3239.1510925026128,0,1
1635,26,60,48.16501112951853,4536.652945938438,1,0
1636,68,40,109.88790405793247,4151.217145710435,7,1
1637,65,65,97.3506848800946,7413.348066697146,0,1
1638,25,29,107.120103629169,6184.021226725137,2,0
1639,67,19,41.403969176996576,7880.105929090799,1,1
1640,40,3,79.56934958135682,6375.996617811409,9,1
1641,46,36,29.35891320724226,2437.5191042328297,4,1
1642,35,43,40.22807675393759,7706.781066938581,3,0
1643,48,15,50.990222733726846,7870.169747382595,3,0
1644,47,41,94.08125915100231,1072.4402585719258,3,0
1645,69,36,22.471437938848332,7218.249051885519,3,1
1646,56,33,110.31172828721364,5347.197244855981,3,0
1647,52,5,27.08035137129217,7383.750783261599,5,1
1648,35,14,57.64901953446271,7334.338259729996,1,0
1649,59,68,28.108962832858413,7141.8469463790125,3,0
1650,56,47,96.89678431033738,7093.6771900907925,6,1
1651,34,54,34.13149734027568,1029.4052880464267,6,0
1652,31,4,108.47569102624576,1233.7740953982698,0,1
1653,48,9,73.02219865915261,1030.4574130780368,9,1
1654,41,53,114.8472819455396,819.1298015222536,8,1
1655,52,60,49.036091280819534,2890.9537520845083,6,0
1656,61,46,65.4316151878391,5503.271473164674,5,0
1657,62,54,89.4246962329578,2902.0716432734207,1,0
1658,51,37,103.19133125709605,5790.372632873249,5,1
1659,20,23,62.135708774560676,6580.236687659602,4,1
1660,54,27,109.24325383271642,5363.096447156694,8,1
1661,60,70,31.798720832439525,3774.3273376354527,0,0
1662,57,66,90.86847188100954,2434.5877727685593,4,0
1663,43,61,54.81989822136604,1082.7865633963238,2,1
1664,40,51,30.133548413259696,3999.8494404999315,8,1
1665,61,50,58.666455680200386,5784.83173162219,0,0
1666,56,19,108.0215624485568,4431.121370881981,5,1
1667,32,1,118.053387128864,5799.707162394656,2,0
1668,66,40,59.27998571004826,2748.2354115136554,0,1
1669,21,32,108.6416387806375,627.6888981372493,2,0
1670,46,22,70.96544162418782,6191.673615657355,1,0
1671,39,66,91.70150376639415,1835.8204834534922,9,1
1672,42,40,24.53714222738232,4968.651975864589,7,0
1673,30,38,75.73119719840234,6453.912681982392,2,0
1674,35,48,27.016193621099042,1198.969014572946,6,1
1675,50,55,46.86179570937993,4828.108209104879,9,0
1676,33,55,76.68143258686786,5546.057458536741,5,0
1677,62,51,100.71637664216806,5997.593847869503,6,0
1678,59,60,76.08936438039106,1266.566228017752,6,1
1679,61,8,113.61915411152101,6618.417679637034,9,1
1680,19,68,101.03325075758356,843.7736725887127,0,0
1681,52,9,35.62401461051026,4204.709398438778,3,1
1682,59,2,58.89584856279373,3602.9602999632516,3,1
1683,51,70,86.84854273067788,1851.951986460871,4,0
1684,47,59,113.84060316092902,2485.2528574331895,9,1
1685,30,19,118.77158687446709,1399.0426879823247,4,0
1686,30,28,96.31864379628071,3463.2369390879016,7,0
1687,35,14,77.37693055793639,380.53632780742544,3,0
1688,49,24,95.66096897379919,7122.430674839628,0,0
1689,49,44,47.32364194639477,1391.549946789103,4,1
1690,52,56,48.36030272596327,7099.540276001994,0,0
1691,56,51,85.43493461623233,6922.261461058626,2,1
1692,63,32,107.18355763999104,3668.2499365457256,7,1
1693,69,50,116.98094891763537,4032.033126499229,9,1
1694,46,41,54.133460083121825,2485.116970222403,4,0
1695,66,66,99.65536231013203,7975.3093398066885,6,0
1696,46,25,105.15308052874937,5399.100305662765,0,1
1697,61,61,82.31732430313927,7619.285458890862,5,0
1698,33,66,54.75918822297629,3376.895070666607,7,0
1699,61,42,81.90885652738011,7075.830977519012,5,0
1700,64,65,78.44489043115128,3641.0536024148296,3,0
1701,27,36,80.65255057964909,6947.948089600369,7,1
1702,47,9,81.92602137877215,1134.3198200093912,7,1
1703,42,36,104.7058190871695,5131.149971471222,5,0
1704,56,38,37.008151326733035,5461.757767229259,7,0
1705,37,33,56.72939476151681,5283.748508562777,5,0
1706,22,42,78.60017273507114,3631.5181825108148,3,0
1707,18,61,48.33277386116264,5502.937269243287,5,0
1708,47,46,117.81531220840392,1991.7584964510852,8,0
1709,66,61,46.315025960232916,4807.20389652698,7,0
1710,20,18,66.96288806423652,4478.455903149701,6,0
1711,62,70,107.73650457130682,2614.8822248303727,4,0
1712,31,15,28.006366266022624,6253.024090951712,6,1
1713,47,48,102.06880020942519,738.8893171235798,0,0
1714,67,13,77.100836897467,1454.373324207353,7,1
1715,21,43,23.18020408196704,3822.0853129935585,4,0
1716,35,60,110.29128919667691,7144.719913608256,6,0
1717,54,57,23.919683545574305,4643.760480770784,6,1
1718,42,71,71.52177962712928,6752.328122419625,7,1
1719,65,17,24.903124636568112,4188.800781265987,6,0
1720,18,50,27.120009847449815,6305.102152026473,5,0
1721,63,32,108.72043142578919,2673.799418490439,5,0
1722,32,22,96.58255469624436,6539.62430578234,4,0
1723,26,55,39.69411732448915,3273.319957469573,4,0
1724,32,57,82.04679732142539,4514.7661751536625,3,0
1725,66,13,99.46795684312156,1489.4637830882716,6,1
1726,41,47,108.95906413668648,7371.4208904338975,2,1
1727,21,62,66.83069268391463,5641.527043554473,4,1
1728,29,54,109.74998774012042,6884.953071280093,2,1
1729,54,29,70.78500727175616,1742.1169665279162,7,0
1730,54,22,88.8228042177691,634.7064066269679,4,1
1731,60,65,117.90293594251392,2763.9531801570165,9,0
1732,23,29,43.59517891945268,4181.814588543962,5,0
1733,56,48,36.85212760824781,6438.722075376379,0,0
1734,63,5,54.20188249778702,3242.038682498098,3,1
1735,41,35,36.439902272030935,2232.6707667183596,8,0
1736,28,71,48.416280570487416,3043.106388081506,4,0
1737,30,46,94.2985323370604,5658.49854264313,0,1
1738,51,35,67.75240359212873,2756.1229659130345,3,0
1739,42,45,57.504129449490186,7835.408448205619,5,0
1740,24,13,56.87240052757931,1482.334800893843,6,1
1741,69,10,39.452997490005316,6049.459384608621,6,0
1742,21,66,64.74114542869953,4754.392537821143,7,1
1743,25,70,82.46355586881762,1941.4552412366797,4,0
1744,37,25,33.915483451822375,6053.54773341136,5,0
1745,46,44,117.28128614702146,3635.5676634070246,1,0
1746,68,60,64.32811764267336,5490.94637678986,9,1
1747,62,47,114.79609167513946,5331.832236800673,1,0
1748,63,40,33.46589266241852,974.0831226597234,2,0
1749,27,7,96.72159531726803,6735.865896407803,3,1
1750,60,46,81.76380505435449,5483.65176038872,5,1
1751,51,23,102.00641195433708,6266.635029829651,5,1
1752,43,46,80.06779229552052,3637.350096216143,2,0
1753,58,13,116.28366332428061,1640.9876014520928,0,1
1754,66,21,82.69318309298576,2677.086837603919,2,0
1755,20,1,98.46041253444682,7221.6069043146235,3,1
1756,23,19,107.75817725333674,7510.346954626284,8,1
1757,22,60,91.458347121046,3906.7445483655733,9,0
1758,22,33,72.42366565631603,2460.485043680214,7,0
1759,64,4,47.28170787634203,5869.457880457132,3,1
1760,40,3,105.44926133956693,6151.344781103572,6,1
1761,66,52,68.05782526886784,6542.183749514624,8,1
1762,26,28,82.07082263350591,345.5621047077184,1,0
1763,52,70,27.92265378809198,176.89759193340186,2,0
1764,37,70,69.73513231268498,2921.529463426635,0,0
1765,66,55,89.81576440198451,1304.7232804344274,7,0
1766,59,57,78.407190993377,6459.356682261504,1,1
1767,52,16,64.8554856045705,4309.466443271274,6,0
1768,67,24,42.34273167496692,6620.2501982582025,6,0
1769,35,69,50.967020009015954,1497.6133062786676,2,0
1770,34,41,90.0624358162301,5055.059400008439,1,0
1771,41,47,42.41906988393989,4683.359517598658,2,0
1772,20,69,82.17266153088818,2788.988576630221,7,1
1773,49,31,78.97376125562032,4184.942274406316,8,1
1774,52,30,117.04174793868637,4753.317543285277,7,1
1775,55,18,26.07818424846699,7126.953655832989,1,0
1776,30,44,30.812260729606148,539.5432395738535,8,1
1777,64,27,70.6083465645757,6604.653547915608,5,1
1778,42,26,72.71098253536346,7843.235475319484,1,1
1779,26,60,23.992765880517123,5881.022959058197,8,1
1780,21,18,102.5855420859452,5925.041159860243,4,0
1781,31,56,69.47234981028957,1821.9969497767593,5,0
1782,54,31,54.66437466405288,4232.278919498184,0,1
1783,51,59,51.88537706148759,5676.928529447796,1,0
1784,28,2,106.14071815541813,4858.0199343880695,0,1
1785,58,39,39.673286642818034,3142.5396962225686,3,0
1786,20,61,36.041770543260924,7526.935439440464,1,1
1787,45,63,41.31785292232832,4160.4952569642,0,0
1788,46,18,82.50225476519637,7762.019336940675,2,1
1789,26,17,101.09308556284091,4554.617883869142,3,0
1790,20,39,53.097869378817954,6367.729228795128,3,0
1791,42,71,37.34619981148129,5961.98251491518,2,1
1792,51,54,40.919416762862056,5320.50782402412,1,0
1793,29,35,81.9183778517851,214.24068145510614,7,1
1794,59,11,44.60352262142299,711.6902889524092,9,1
1795,26,61,107.72802313513668,4693.725876816669,1,0
1796,32,44,30.389135441431396,7303.073231708739,4,1
1797,57,68,23.23685340055202,4849.019168216473,6,0
1798,42,25,28.837824596090393,1964.3683671188749,8,1
1799,22,48,104.56431203863204,2629.7253727628217,2,0
1800,28,32,85.1229519665661,5022.963005234147,0,0
1801,51,4,115.77446331172503,4816.7302783586365,8,1
1802,41,38,53.62965412697576,7650.052990699327,0,0
1803,32,63,41.26781280096994,4279.768055659637,7,1
1804,55,47,76.19752393137492,2904.617567588592,1,0
1805,25,1,73.78282791267486,4247.442778257204,6,1
1806,22,3,79.10239881953217,6311.248467839334,2,1
1807,65,62,54.75338626603488,4368.874065692626,5,0
1808,43,64,20.589694003678677,2675.8151472729396,5,1
1809,35,17,23.503165294061684,2775.1063037301196,3,0
1810,23,62,86.38264614225129,6078.813372014569,7,1
1811,54,35,72.32580481554814,624.9413872041266,4,1
1812,65,13,102.10112596512735,2270.5666817786473,6,1
1813,30,35,50.04098587867969,1308.9969642274787,4,0
1814,45,43,101.54722372311751,7562.937502258128,3,0
1815,22,2,62.549141345154325,811.74467902861,5,1
1816,30,56,29.669838554633724,6089.650515810427,2,1
1817,34,51,117.79115625906942,5080.361998806446,5,0
1818,67,54,71.19359291455199,5099.154765300673,5,0
1819,57,16,82.94785139623464,6131.1209144682925,5,1
1820,62,18,87.07971864895678,3263.854979382969,2,0
1821,49,7,56.241225222688065,3265.872583478465,7,1
1822,46,45,94.75283198621374,2380.7756796759,3,1
1823,68,36,107.02664653510172,4822.2252913967195,1,0
1824,20,41,58.71869764138588,7445.46149167104,6,1
1825,57,42,85.70008866315482,7399.467275188356,7,1
1826,51,7,95.71238239772094,5653.389310232944,3,1
1827,57,15,39.01258976890813,7258.867591161096,5,1
1828,44,60,53.25960843959675,7711.798744010571,7,0
1829,30,40,30.879584638095487,6381.329049722051,4,0
1830,62,37,80.22084642482034,3321.8832986524353,8,1
1831,50,66,100.09376958208561,3917.4772340204704,5,0
1832,23,55,81.08386565849337,7456.929668755229,5,1
1833,41,56,37.978383097704395,5393.063794670211,1,0
1834,36,44,74.63684910261374,6583.482293370785,6,1
1835,33,57,103.49341485264097,1017.3008823888006,8,1
1836,57,6,50.272479607821914,1631.821179216089,4,1
1837,45,32,103.26515022526404,2818.4568918514537,4,0
1838,50,18,98.4623283769988,1587.1011789204647,4,1
1839,65,68,22.17408078366749,7261.074010747167,0,0
1840,58,7,43.945481408550194,1813.4353212800263,4,0
1841,30,8,74.29424057977258,4501.751343210919,9,1
1842,60,64,91.76173700192592,775.0855741808685,7,0
1843,62,7,108.05305256528293,1324.1985875385626,2,1
1844,42,41,84.10423182678943,2054.579566272519,8,1
1845,59,40,58.03441712495391,7864.85787172665,8,0
1846,53,3,38.46272067373154,6396.803680330905,5,0
1847,44,17,96.00358554624314,5421.084964279595,3,1
1848,55,66,40.67815593241201,7338.469672413435,3,1
1849,24,52,89.54305214682498,7654.048409004156,0,1
1850,22,22,38.12116173712074,3683.226022802119,9,1
1851,60,4,29.105385030946444,2688.7466505967614,4,0
1852,62,6,45.11002237065345,2590.9910821487665,4,1
1853,68,38,48.492980552511426,382.25990644344336,4,1
1854,48,26,84.72091344949101,2309.1409404380693,0,0
1855,40,11,36.08833677420589,2904.863140830577,0,0
1856,59,17,113.03069129868882,391.5008316449956,9,1
1857,27,31,75.43616863422734,7072.578043389277,1,1
1858,49,35,69.09317308164654,6798.068212817975,0,1
1859,60,16,63.46945143083677,2086.8572674817824,7,0
1860,47,18,76.66013469501911,6440.2153124457245,3,0
1861,56,62,22.24469671617823,6390.073844745543,5,0
1862,48,27,119.00863745790825,2746.600801906899,7,1
1863,35,35,75.7524376194266,5606.837505185645,4,1
1864,53,45,23.51950021401778,2389.876920438062,5,1
1865,19,35,78.99776046995999,655.1822635128294,3,1
1866,31,28,63.70787582896788,4087.902888038931,5,0
1867,30,9,22.403769666640887,3562.7836229445684,5,1
1868,46,15,112.4428752157473,1191.4080247030936,2,0
1869,29,21,21.056687207381334,3975.371362221667,3,0
1870,56,52,77.78716768778213,7600.068391479639,5,1
1871,19,35,116.17907476262239,5878.005862794128,7,1
1872,49,51,43.7604496983026,5937.091248571774,6,1
1873,30,55,45.41790742435966,6084.651281150093,3,1
1874,63,44,20.042312856015236,5982.60707742151,2,0
1875,44,65,26.635117198798092,257.2213396647932,7,1
1876,66,25,24.488841157708812,7405.05839198206,5,1
1877,58,47,102.26562836884254,6658.088339066309,7,0
1878,34,56,103.6737569944919,2269.1773187207214,8,0
1879,57,38,92.67000841845227,4466.673688209379,8,1
1880,48,11,55.27450125170921,4958.546846630021,9,1
1881,51,67,102.12544498888423,1142.365730018336,8,0
1882,41,15,73.9774520242882,2106.310677171307,9,1
1883,62,1,50.43102764799232,283.6784387448012,0,1
1884,52,7,63.72767691143904,6925.218588428696,2,0
1885,65,1,26.576776983457567,296.75005099498344,8,1
1886,23,49,114.49086867499136,2617.6971191008492,3,0
1887,36,29,81.911641735184,718.1472942751625,9,1
1888,47,26,93.12341449305728,6273.106816751312,1,1
1889,24,45,87.65833704198766,7407.363907262384,0,1
1890,27,71,86.77499845209806,4546.24339656056,4,0
1891,58,12,21.726098549724007,1202.577856735741,3,0
1892,49,32,72.53712797848466,4509.470780460202,4,0
1893,51,20,102.17102286255341,6185.695791676161,4,1
1894,45,51,24.451885141159995,5775.488021287774,7,0
1895,32,36,115.61656838882706,5959.580146345786,5,1
1896,47,67,62.41596830059892,2305.4733561724734,2,0
1897,54,1,48.98954920513712,682.5264284155139,8,0
1898,46,27,73.18213616419428,1276.8127445327564,7,1
1899,39,40,100.12141878430363,7648.501232123631,8,1
1900,21,14,67.47550617686376,4946.760498058251,3,1
1901,37,69,84.51056765863919,5850.406886325012,7,0
1902,49,6,69.99143878668599,7202.610275066787,2,0
1903,53,33,83.12722566411591,6836.761075755206,4,1
1904,67,55,33.80309151966366,1825.3746127810402,6,0
1905,21,19,23.866338617809994,558.6743524091542,0,1
1906,44,29,33.69014056973927,7408.512786821323,0,0
1907,34,61,48.58381446639287,7855.179511838281,2,0
1908,29,70,45.335606244810684,4582.019128760405,3,0
1909,39,24,81.51753496606469,7118.375127218458,0,0
1910,34,23,65.58894241342409,1931.3467927465513,7,1
1911,27,10,23.881198102684703,977.2057662598254,1,0
1912,18,54,23.48659063170256,4048.553805526471,4,0
1913,39,41,29.058800212066576,6508.349013921909,5,0
1914,43,49,55.3081157400866,5271.763623598626,5,0
1915,35,17,20.618295096372947,5134.829328335746,5,1
1916,67,56,69.39872654301404,237.92537497881264,0,1
1917,31,45,56.06696643093027,2608.193849684221,2,0
1918,64,30,75.54413024408264,7522.016713527602,2,0
1919,46,44,92.08252280828007,1160.7609621836953,7,1
1920,29,55,45.09728154798544,5838.290966978519,5,1
1921,53,19,35.708364762890966,6098.558115083552,1,1
1922,52,29,47.80535559633876,5889.382621219081,0,1
1923,69,2,20.17631819519055,7915.350663391394,3,1
1924,29,36,32.00129555257807,3332.7448696802057,0,0
1925,24,19,95.08303636863344,5489.327798451252,4,0
1926,46,7,42.28068424002851,1629.8753957320387,7,0
1927,28,26,119.42996338040386,3257.7083353815947,9,1
1928,50,38,36.783152136480915,3983.3287592216993,1,1
1929,23,3,98.87717155654934,1797.137574690202,7,1
1930,64,66,90.50444718255345,7263.804864634992,7,1
1931,32,71,52.21321428163076,5757.962860692163,5,0
1932,49,43,53.073914356596525,2341.6863679307085,7,1
1933,68,62,76.35515809671045,1166.1558704509946,1,0
1934,28,71,105.23740974825584,2374.151894537811,6,1
1935,40,24,58.61869441194644,5021.584519720367,7,0
1936,43,39,26.117988091840655,6628.628242651258,3,1
1937,51,68,57.44191769022967,4075.0292307357677,8,0
1938,63,44,40.731267324274135,909.7079206856607,5,0
1939,51,5,113.92070170650175,2069.5874446476128,2,0
1940,46,55,89.72743463759475,2826.6369631774637,3,0
1941,21,30,25.083266421334866,5125.476404317111,3,1
1942,34,29,49.298853726260646,2048.4826653572345,0,0
1943,52,26,25.021596492080693,1948.0343019657457,9,1
1944,30,26,103.0016670374786,2360.9947621074343,0,0
1945,58,37,110.62964019071609,4780.979451183037,0,1
1946,56,53,31.227960583907436,3991.7792431431203,3,0
1947,32,30,64.02900460086961,6748.924031089282,0,0
1948,46,3,113.18832818364258,5613.665283865172,5,1
1949,46,43,34.52116867146705,5367.892788455011,1,0
1950,28,7,49.19035906563149,1321.7354898364476,0,0
1951,69,49,50.42746501726559,536.2996090362674,6,0
1952,49,41,23.005831220199852,4128.9910300182455,5,0
1953,19,54,23.627323468999066,665.9691564351357,0,0
1954,64,69,115.27928270829129,2975.7415358180574,9,1
1955,31,27,77.10926089862541,306.28755205654994,8,1
1956,37,8,50.66483214286178,1496.7909153758244,5,1
1957,39,32,57.86746607065845,971.9061626448959,1,0
1958,28,64,91.48429288450242,6427.78153140941,6,1
1959,44,10,56.65172035546204,2834.3966052726137,2,0
1960,20,13,42.77604030932883,722.8874943487733,6,0
1961,34,63,30.18373415997994,2197.293615863466,8,1
1962,61,35,92.89330117180371,5494.183879952283,4,1
1963,45,61,38.056501667522475,5990.518650161608,0,0
1964,46,54,26.964826992629757,1046.9345258112187,4,0
1965,38,8,62.695444549647696,6250.674875478075,7,1
1966,64,29,23.957096181135377,3027.417349914917,7,0
1967,33,41,116.49980583428868,5467.123084586527,2,0
1968,54,30,82.72929675748398,5404.911535445858,3,1
1969,37,21,35.26968104465608,6369.382496513351,7,1
1970,23,11,37.24540864484608,5607.743964441465,7,1
1971,36,2,76.98284802728453,407.0600177127517,6,0
1972,22,50,55.65657573377936,4203.900776027432,5,1
1973,20,41,97.42667441877137,1412.8312704206776,3,0
1974,18,66,74.58064856189166,7762.719846192253,9,1
1975,55,3,63.33338755249413,2121.092854237673,8,0
1976,32,51,116.29802480652717,3418.848075026863,1,0
1977,51,68,59.0729056209689,1653.9469990101557,1,0
1978,52,25,60.061092379734355,1163.2541571619095,0,0
1979,66,30,86.5772421060789,4847.343844769311,2,0
1980,42,11,100.94785841221682,3996.119225058013,2,0
1981,41,17,82.62149908585452,3059.8118994140264,3,1
1982,29,26,89.86102220544285,774.8102749970499,2,0
1983,35,23,57.29315685666111,5914.078980881686,9,1
1984,32,56,67.94968364782596,146.26475339750934,5,0
1985,61,52,39.70350864679633,3715.526547801615,8,0
1986,33,48,88.02464906985234,5097.31864828314,7,0
1987,44,20,42.145194042670944,3502.61560131384,5,1
1988,25,2,20.125679539381117,1097.0509728984339,7,1
1989,63,31,113.37621198067512,6248.174100861776,7,1
1990,42,27,50.601524121455384,2659.1572231986115,9,1
1991,34,2,39.66320424660023,1164.5688543372712,5,1
1992,46,4,46.81467309657759,4447.09993649659,1,0
1993,25,13,53.04476976186476,251.4553047557203,4,1
1994,32,35,67.45464264481737,2660.1031568850613,3,1
1995,44,66,26.935167101859662,6030.074719787868,5,0
1996,63,6,25.267315620545087,7310.419501976978,1,1
1997,67,31,49.29107655380726,4774.646929579855,3,0
1998,69,10,49.576613119709585,1819.1315246385268,7,0
1999,24,21,31.764622781423505,1838.0011906417571,0,0
2000,20,23,60.47915943205342,4870.586147277939,2,0
2001,46,3,48.40286682027823,3313.4174840259648,3,0
2002,61,32,22.60555527950701,1500.387960329638,1,1
2003,41,20,108.57207804211107,6320.436613422391,1,1
2004,20,29,108.60190180435904,1681.9199883597212,5,0
2005,37,52,40.918225291347404,2640.9625937223486,5,0
2006,63,46,36.287222816434785,585.2925663470236,2,0
2007,32,34,74.72927643469816,5640.8396935110295,7,0
2008,42,61,83.07535029814308,2274.695628056963,2,0
2009,47,71,115.75425574470728,1939.6490025518951,1,0
2010,31,70,57.734845663981254,2496.530459575802,4,0
2011,24,11,81.82003428645584,7005.631210484393,6,1
2012,34,63,107.81810458043095,4192.346706735363,0,0
2013,61,21,64.995378578085,1347.2893659508532,1,0
2014,37,3,32.2345751157326,6218.399009548962,1,0
2015,53,10,57.744728582997425,1746.780640472934,7,1
2016,26,27,33.65669267033004,3358.5615706976305,9,0
2017,55,12,21.66394642019503,4587.798972058108,5,0
2018,65,7,95.15530563490262,4717.099026364709,3,1
2019,39,17,43.84237004953555,645.3537204074438,3,0
2020,19,65,20.200704583897405,6710.755484454037,4,0
2021,41,64,107.2432357535145,3887.503003509111,2,1
2022,25,26,64.37888384909058,7915.159527771352,3,0
2023,28,15,43.88598796332252,5767.795022785978,3,1
2024,30,33,46.27899723554192,7941.294343842954,6,0
2025,34,62,44.053789330505026,3682.4544597143654,6,0
2026,25,47,39.455616118927196,1212.1731172013563,0,0
2027,38,35,104.12262245742964,5845.7440785342105,2,0
2028,35,65,37.03316343698695,6244.306231616619,8,0
2029,47,25,76.18546838793986,6837.3986162717165,5,1
2030,35,57,27.732024467218736,2481.4473022898546,5,0
2031,63,32,114.95213761786002,4134.403474511083,3,0
2032,64,63,80.33139044459219,6874.294029547144,9,1
2033,48,12,110.31525112022932,6931.416269234003,8,1
2034,55,63,59.78777794754952,302.9023601435132,2,0
2035,49,1,101.06720567624114,5400.242594022583,7,1
2036,28,51,105.36544794493112,4853.3300616091765,5,0
2037,62,70,90.29492911786699,758.3684411535262,1,0
2038,42,8,29.294746645370633,7448.075028144481,2,0
2039,50,68,21.608008640590597,3618.4411213563067,0,0
2040,55,5,36.85596720562218,5426.635910006502,2,1
2041,58,39,31.809675696667842,7074.102584474614,3,0
2042,25,23,92.51376641998436,1127.9564598246916,5,1
2043,28,68,75.70068206893427,6861.160833687399,9,1
2044,39,52,72.59508645456059,5822.0144748761395,6,0
2045,68,4,45.286730032814056,6732.779343461559,2,0
2046,41,47,35.46075367370416,4009.202070873577,6,0
2047,58,21,40.654796976889585,364.53034294818195,3,0
2048,34,56,60.027700741448015,5397.075165313992,0,1
2049,29,66,94.0143206760953,3058.8061845193797,0,0
2050,63,59,45.451661653646994,3279.0850914667817,7,0
2051,49,7,89.86130012587202,3585.971391900407,9,0
2052,32,49,69.15118204048434,3993.9861226763596,6,1
2053,33,16,108.54408485107929,5329.2804372709015,3,0
2054,39,17,43.29145608890334,5841.527842389808,0,0
2055,45,34,65.08566826176089,6237.054062256841,5,1
2056,37,33,29.666476716567107,5405.688909701626,9,1
2057,50,26,53.51531426223207,6447.487417373874,6,1
2058,27,66,70.6880444032203,1064.9787423357488,5,0
2059,57,63,93.27402143357924,6710.859562962933,5,1
2060,49,41,39.80771200586317,3159.504788559735,7,0
2061,67,58,41.80921284064659,4277.335738535444,5,0
2062,50,10,83.15778405210494,3526.857263909599,1,1
2063,19,15,58.245778345431155,3858.1659148248227,6,0
2064,50,42,68.20948672323479,2354.8787124833398,9,1
2065,50,57,103.61348687787407,1442.6121953174145,3,0
2066,58,17,69.90833010645251,928.668391041848,2,1
2067,30,60,85.24993806091712,3666.0508286377326,7,1
2068,47,9,85.67750416599722,1089.5618727603155,9,1
2069,50,36,100.36119429560182,2035.4089331287294,4,0
2070,30,36,83.81394884910242,1155.5654964467044,3,1
2071,69,48,26.48098256538625,962.0577294447899,3,0
2072,43,51,54.21729826868402,7071.443067997236,4,0
2073,39,70,118.931618350921,5424.805028768606,3,0
2074,56,68,39.65102888079188,7397.69698376445,2,0
2075,19,22,78.67290784146886,5187.696050039997,3,1
2076,55,6,104.29406398772615,6767.213089867393,9,0
2077,56,26,78.6558560747354,4486.858855230154,4,0
2078,43,3,57.227025812667726,3754.7774003342765,1,1
2079,63,52,28.02285627177057,4274.971467926836,6,0
2080,67,60,56.166490253609496,2629.7814063665223,4,1
2081,32,63,38.206751157428954,5297.981888850952,8,0
2082,51,65,116.086281628198,7187.681723198372,5,0
2083,59,52,91.50318415582863,6280.592227253543,0,0
2084,61,14,94.93831543598623,3749.8000848245542,8,1
2085,66,68,63.59692660003781,7635.960778033149,4,0
2086,57,28,30.996482813170616,7884.842443533066,8,0
2087,28,71,46.6716486167321,3995.4948168685823,0,0
2088,20,10,45.97111040663302,6930.654746370972,1,1
2089,23,57,68.67793508015437,137.68502380718652,2,1
2090,26,66,66.09797866933572,626.5791747987204,4,1
2091,23,50,63.34082173718403,276.8763305373457,5,1
2092,26,14,69.5977466692741,6207.9876790462085,4,1
2093,56,16,118.7023081981475,730.2549804015557,0,0
2094,48,54,49.835363065288334,234.69931390701055,3,1
2095,49,43,81.52691603435876,1264.6083095065503,5,0
2096,58,42,43.95077440403048,2519.7288512584946,3,1
2097,67,22,66.6606265926182,3771.13538698991,3,0
2098,29,68,40.00492331463749,616.6859492573252,4,0
2099,25,19,75.81922352997577,4041.959645052296,7,1
2100,25,66,46.50117864836675,2059.6855422523427,4,1
2101,67,39,23.67889167188308,2267.534811271216,6,1
2102,45,19,101.52710914728199,6593.0277880181175,7,1
2103,37,16,32.825511212041754,7896.696250813472,5,0
2104,64,54,56.803879911690565,3764.5258311667794,5,0
2105,24,25,67.7177609111203,2641.988491720522,1,1
2106,28,18,63.248000042192736,7458.440591660593,9,0
2107,37,23,92.5665763690009,4053.5427270839,4,1
2108,33,11,79.67765959309443,5869.793212327699,0,1
2109,21,39,49.5371182707486,3368.5462445830817,8,1
2110,23,68,25.170299984067018,1700.13376349946,6,1
2111,39,25,96.75951182531763,5273.592389284243,1,0
2112,43,63,55.25271266784217,5352.256931340086,5,0
2113,20,30,108.97247409999693,3735.4524156237103,9,1
2114,58,45,59.505677360325045,2232.6021171386074,8,1
2115,59,61,91.76586061377073,6671.326587295715,4,1
2116,31,51,113.95647032346793,2275.013182646061,2,1
2117,28,9,85.11524506354797,5306.289491507658,9,0
2118,35,2,61.34889133975048,3133.486428752304,3,1
2119,29,5,76.73992687859428,3832.5973557080624,2,1
2120,40,62,74.34451885418926,1770.0810258537292,0,0
2121,29,69,78.48200366533628,5230.891569286986,9,1
2122,30,52,34.68199856413458,1884.0240855915604,6,1
2123,42,5,89.850988240131,3937.1409682001477,7,1
2124,62,59,34.50432716691872,2694.829205856613,1,0
2125,68,68,21.4616884317614,7712.48528899851,7,0
2126,36,9,82.47801006840635,7859.546657559024,8,1
2127,63,22,31.69135721755914,6052.581327970544,6,1
2128,53,27,97.04116367112732,7872.948209352701,0,1
2129,62,10,106.59659535008205,997.0500781811309,3,0
2130,25,61,114.47367902839264,7939.36476670625,6,1
2131,46,51,86.44769629063916,918.0917393296688,5,0
2132,49,10,68.20148928923041,3382.069012064792,7,1
2133,68,6,55.228108070579914,1987.685804220184,5,0
2134,61,62,69.09250939863308,7635.383110901011,9,0
2135,35,5,39.03522283603135,5122.740484913218,5,1
2136,23,70,54.8422647789093,4817.3075172051895,9,1
2137,35,63,91.79305248344978,7979.764188609881,5,0
2138,36,56,41.742297113421316,4938.166220736956,6,0
2139,39,59,46.4067135673665,5204.6630593946675,4,0
2140,54,63,94.93282557078487,453.7169644443963,8,1
2141,49,59,37.78359358272208,6886.499756064945,6,0
2142,58,51,44.58875864733777,7763.706510762779,0,1
2143,20,50,21.754756282265035,7686.458089137123,8,1
2144,45,4,92.00515995351068,1846.7343153507434,5,1
2145,27,48,81.79035655664339,1884.731217364257,7,1
2146,68,32,89.43854525115412,2991.7722891841076,8,0
2147,52,51,41.432776195331314,2550.6595602487787,1,0
2148,46,52,88.73763907278713,2514.355714440215,1,0
2149,32,34,79.63766176932566,4881.212065367221,4,0
2150,50,36,56.612297922200334,6464.303254011903,4,1
2151,24,70,63.78258116344047,7500.468469329341,9,0
2152,29,43,76.79205032734082,636.0977807609256,9,1
2153,66,16,69.32921760875567,2296.029963434509,1,0
2154,47,59,84.18280659693711,2114.608810199344,9,1
2155,38,53,38.09795776059951,2923.7733422333135,3,0
2156,48,19,74.07099549161968,3452.240678605111,8,0
2157,41,41,65.02794828645408,3174.4546264538712,3,0
2158,37,47,66.10204940139982,7621.962954111479,0,0
2159,54,54,66.93820505825953,3553.319543066648,4,1
2160,21,55,108.14719638223171,4457.581311570378,1,1
2161,45,19,101.86274411366156,6014.202915838662,5,1
2162,61,62,82.95699611705368,5828.16989619352,0,1
2163,37,59,91.64869356023688,4705.420076887093,6,1
2164,41,65,24.280263606810664,6900.572985643601,6,0
2165,67,68,94.39917193796687,5031.03234063254,3,0
2166,66,28,68.61646884536486,7010.594894369936,8,0
2167,68,18,51.77475645481276,2491.84942960178,2,0
2168,49,26,33.977696593814294,1142.9870476153512,4,1
2169,58,19,27.52087903519918,6574.211606739226,4,1
2170,53,55,24.488568549672312,3121.891473001784,7,0
2171,51,57,36.17961748902408,5243.568115965798,9,1
2172,53,6,23.014379479774163,5924.758452109787,9,1
2173,19,1,93.26422424425209,2681.012755875267,3,1
2174,32,8,44.86141190217397,4090.790769703309,0,0
2175,51,51,56.87404269320091,7169.919469602082,4,0
2176,53,25,102.27162138158829,7050.366558383927,0,0
2177,23,47,31.465749652459067,6019.920912350839,2,0
2178,56,55,103.55940302362127,6125.642302353669,5,1
2179,59,64,83.95403505502881,7191.707147742523,0,0
2180,68,10,54.202951460460305,5917.025859590337,9,1
2181,68,56,31.780721306768427,2782.7243384976136,2,0
2182,29,12,29.14926973409125,1054.1831691561474,6,0
2183,20,33,53.551434607932066,3432.8843898004247,1,0
2184,62,71,34.03419727180458,790.012985244043,5,0
2185,35,17,46.77102964752748,1014.5891382272284,6,0
2186,57,61,25.295580045132454,7606.3595334089,1,1
2187,38,10,79.50084216966988,5439.506988759669,4,1
2188,32,31,34.52761169538045,6827.708733715363,9,1
2189,50,60,95.6732313125627,5178.903626860576,9,1
2190,52,70,41.81749762779721,3406.4662243605617,0,1
2191,43,17,99.79765793381858,298.7543814465038,2,1
2192,25,50,38.98819862258677,7651.112592102795,0,0
2193,53,37,92.13665637012986,660.3665292153918,2,0
2194,65,62,53.30746796251973,4920.288221556678,3,0
2195,47,29,78.31199948890084,907.4053726710715,4,1
2196,40,32,23.866181432173843,2344.76666085759,3,1
2197,59,11,69.52444343542575,1567.9579126604783,3,1
2198,61,6,34.86878947020632,4474.363629755127,8,1
2199,31,35,68.63202272490264,7107.89522646459,8,0
2200,31,33,34.13591308861497,5121.416231601957,8,0
2201,19,18,63.70891201393709,5347.0853540994585,4,1
2202,54,37,31.062082023228836,7280.558820085091,4,1
2203,22,13,41.995151773429576,6020.459300971732,1,1
2204,55,64,79.50789355038548,6941.051107433858,5,0
2205,62,1,117.66606372101421,3389.4975256929365,1,0
2206,58,63,64.9184768391972,6936.315068399748,9,0
2207,64,34,88.71736926095025,5202.304969670172,4,0
2208,31,10,73.94246710443753,1171.301483656571,4,0
2209,56,7,69.83579342944378,405.828816099822,3,1
2210,42,56,26.470419683985117,2027.8718681176965,4,1
2211,37,37,34.429740227527944,3088.9622257308606,6,1
2212,19,29,108.30577292325673,6716.786142038768,9,1
2213,56,12,61.01643150418033,5955.832000499844,1,0
2214,23,17,81.43324765847909,7647.468249674649,0,1
2215,34,48,72.82332327149584,4517.480910097397,3,1
2216,42,26,57.888237955123486,6007.159047703157,6,1
2217,45,12,58.78165426109311,2274.7387434167354,0,1
2218,19,21,75.54650059086728,5468.665353872926,3,0
2219,52,42,34.11418014757436,5678.594500036661,5,0
2220,54,61,58.725904025443405,6802.481094514534,5,0
2221,22,58,64.69755694027391,4337.587735913162,0,1
2222,18,54,118.51262236761242,5227.140666001898,6,0
2223,57,34,55.145476928571775,1704.0855998287009,4,0
2224,29,7,84.45788958808689,5920.396811998966,5,1
2225,53,35,33.741549982646816,6723.452608857068,0,1
2226,62,15,26.548138183021912,4790.52819487269,6,0
2227,40,65,107.15420140012303,1013.8282527561659,3,0
2228,64,25,93.07349024056865,2571.57311486435,2,0
2229,48,59,51.7499287594569,3856.5657429891908,3,0
2230,28,6,70.4578002897229,5449.58289208239,8,1
2231,27,52,33.57441844518385,2630.584152135281,4,1
2232,20,21,90.71602939808602,6738.299305579002,4,1
2233,31,71,27.033059208743897,3037.139351786688,7,1
2234,33,32,95.70330569412019,438.4071487809902,6,1
2235,27,53,74.68365102699866,6372.555891691697,2,1
2236,46,59,47.88505300867647,5189.363039137225,0,0
2237,27,69,106.25743540614567,6435.456308372512,1,0
2238,29,62,118.60718703388544,2856.229524808459,2,0
2239,47,4,45.4349101197638,239.27851800590204,0,1
2240,58,18,100.62461495859326,682.6480968968407,0,1
2241,18,56,95.01663163764573,983.2261675365351,7,1
2242,22,24,94.71901211056694,6460.665867430043,7,0
2243,37,66,115.72356114840272,2481.334559445243,1,1
2244,25,13,68.66170923019924,7983.398224437456,7,1
2245,60,62,87.41680405566547,6091.268332325394,1,1
2246,29,54,102.38773636258041,4849.124129412831,4,0
2247,18,15,67.95364450430264,7870.593354771756,0,0
2248,37,69,68.1431202812006,2598.842587700491,8,1
2249,45,3,51.865475406735136,1408.362996057252,3,1
2250,60,37,98.0825712827134,5924.456460245391,9,1
2251,54,37,88.61957796855566,2296.858692438169,1,1
2252,64,3,65.113989950105,7692.191731727382,0,0
2253,54,63,61.933665739873675,7905.74756677635,5,1
2254,29,35,27.258964316911865,7418.594720700295,7,0
2255,54,52,20.65011468284155,7563.617926985404,3,0
2256,66,28,72.88939665318433,4963.673057589243,0,0
2257,66,18,61.74928523515995,5567.737331592176,0,1
2258,61,36,99.60367599017643,844.5446464042858,5,1
2259,45,33,74.26540563071215,6128.096261856642,1,0
2260,64,64,113.67060433822255,1696.300568307466,4,0
2261,32,26,39.61407988609986,6738.575871664624,1,0
2262,23,48,119.01503403850398,7696.101382826911,8,1
2263,61,40,49.79191943121064,1777.7832704072391,1,0
2264,37,17,84.24239735733059,716.4458290844084,4,1
2265,67,40,70.18537136166513,3922.7321002163294,3,1
2266,31,7,55.957640124924936,6353.240038391642,0,1
2267,19,57,33.93091832654466,6188.057342553831,9,1
2268,26,8,33.483415145221166,5604.866194687015,8,1
2269,54,56,91.15058273781953,6583.498322854455,2,0
2270,37,31,57.764138297631135,1482.407985501706,9,0
2271,43,59,116.12979741329427,5250.3082872989735,7,1
2272,46,58,52.564848650633806,4884.866595591433,3,0
2273,18,12,118.35237217479629,1312.110617701576,8,1
2274,52,48,40.54232565952627,3373.9738580445264,4,0
2275,23,31,30.281438623105355,6834.984782545425,1,1
2276,54,63,51.25697335229572,7777.234251980462,7,0
2277,22,39,108.5584789428589,5356.898402861079,3,0
2278,50,20,72.18519444952847,7383.33423169133,1,0
2279,66,48,33.56501059372081,1143.188921608997,5,0
2280,68,71,40.2499049604095,7802.978152579283,0,1
2281,31,54,51.126066214956325,364.70134352763637,7,0
2282,29,71,79.01667378127078,4265.3482604217015,8,0
2283,59,29,53.23789398776207,2398.965802819471,6,0
2284,37,48,94.70540820893272,6529.881943599994,8,0
2285,67,56,81.62935561852966,1818.5946935703346,1,1
2286,41,17,107.38237373533401,191.08729019179646,0,1
2287,60,9,70.09618263593643,3375.414727965926,6,0
2288,51,34,53.11764141010678,606.4531815649141,3,1
2289,42,45,119.62715678032042,2391.7312965832175,9,1
2290,67,9,55.56333218073557,5185.606764166916,7,0
2291,46,7,62.86026397805121,2428.1550952708712,2,0
2292,56,16,100.91272253580884,2041.766495837738,6,1
2293,48,19,28.86362338930926,1328.4157382556825,6,0
2294,64,6,58.649010605851466,1167.860965267695,9,0
2295,60,11,28.571009343828393,4254.273248133212,8,0
2296,67,61,33.93058666727579,5483.905481253424,3,0
2297,40,42,20.464082549800693,3676.592325311521,9,0
2298,61,13,20.95442925823752,1076.464482478019,0,0
2299,55,12,58.0287889502852,5217.274766220057,6,1
2300,37,20,100.91638049477761,4501.262996740941,9,1
2301,40,50,78.70043605916932,3112.0760965970317,5,1
2302,62,36,83.49140441376434,2707.370329295507,0,1
2303,69,69,71.92492375848865,1546.9078400861217,8,1
2304,33,37,101.97931441705587,1255.7657247685095,9,1
2305,67,12,108.03787251861742,2776.296386302725,7,1
2306,59,40,104.97407281453752,428.88588041729656,9,1
2307,25,54,101.2132105803039,3549.356561130328,3,1
2308,67,2,38.27130735632838,4852.4340413509935,4,1
2309,38,50,79.38762253652212,7539.068774813836,7,1
2310,18,41,78.21631960983702,5044.042331894123,1,1
2311,25,45,72.79440037476411,5030.2007701616085,5,1
2312,46,9,68.0812789296766,3057.8769642684842,9,1
2313,49,62,28.91704771863835,1153.2055346203022,1,1
2314,55,47,30.216323390622193,3630.807460721154,7,0
2315,22,5,110.22815704406234,4829.54292063336,4,0
2316,64,1,83.01864391211987,5819.865413580852,9,1
2317,39,44,46.23172144980064,6626.085513773904,2,1
2318,64,22,47.93003892134563,2121.83192733816,1,0
2319,51,38,81.019483164863,2005.638594300311,3,0
2320,18,19,60.69349746356621,4565.868918525693,7,0
2321,43,31,64.13241709850946,4571.519946761991,0,1
2322,60,67,26.0649990533419,1821.787593951917,9,1
2323,27,42,33.87391871097448,4741.054951775058,2,1
2324,47,26,59.33504265636626,2832.44291479772,0,0
2325,67,13,89.96864199347684,5150.5878591412,1,0
2326,35,58,24.802538759991315,2399.253238010393,9,0
2327,34,18,53.45577928310832,4779.105157365454,6,0
2328,43,67,89.5071951934516,6169.649325771692,0,0
2329,25,3,99.20507904502912,7843.254328045309,8,1
2330,64,55,39.02207040953133,7297.437646126882,7,1
2331,57,58,93.14871318934571,4077.9561038868733,0,0
2332,66,63,115.54116940790294,3957.957758209183,9,0
2333,29,52,110.68121500964483,3557.8300468924153,0,0
2334,44,24,98.9376077377509,319.22972411024364,1,1
2335,25,9,91.23266860413382,1411.0405301414673,1,0
2336,42,37,43.51383080197703,567.5937976020407,5,0
2337,63,53,83.39032270481123,5601.2051697250345,0,0
2338,21,24,84.3273993810296,3364.5537367235074,3,0
2339,50,21,60.68213320926879,603.7820367167355,6,1
2340,18,40,69.30154617009376,5555.543113465574,8,1
2341,36,62,89.40284881747067,5191.043316340756,9,0
2342,48,70,115.21015357104221,5787.706362454927,2,0
2343,33,69,49.53062084410316,4838.6895303163965,3,0
2344,31,14,44.636315195743954,1376.1625235835443,4,0
2345,65,42,80.18068922988716,584.9991521631337,4,1
2346,22,50,33.07991114413599,6555.413664793594,1,1
2347,58,61,78.25328304878138,1804.8910918303416,4,1
2348,43,4,28.885148507143082,4385.980999746045,9,0
2349,45,17,69.05838796045087,3933.2144163842786,0,0
2350,19,57,82.04143747135336,7376.315069448462,6,0
2351,67,48,27.010963927284187,4464.274110748957,4,1
2352,23,44,40.69531519486293,4682.13339455849,5,1
2353,26,45,53.53742848795249,2624.089766354921,8,0
2354,50,33,56.859869518615895,7673.688143972424,2,1
2355,58,31,87.61046432541585,4937.753144339954,0,1
2356,42,47,72.90213405595242,139.3450303709388,7,1
2357,65,6,58.21084703053269,4493.04988350621,1,1
2358,30,71,65.06762543416501,2974.5365676110896,1,0
2359,26,34,21.297667065023923,353.6864139607745,9,0
2360,30,53,97.052527930763,3509.2433055059673,3,0
2361,48,14,24.100468869478245,6211.175258191175,4,0
2362,58,16,102.9317492922566,4079.9367178552634,0,0
2363,28,43,74.09965214147302,5151.726780505958,2,1
2364,21,12,72.7819191224517,5153.9575791905045,7,0
2365,51,70,90.45786277731993,5401.052489619073,5,0
2366,55,19,105.95595326534652,3162.009937091746,2,1
2367,63,41,114.26461464796643,3023.0382285490755,6,1
2368,21,53,74.33698872439848,136.2177976276745,5,0
2369,55,29,35.06582319889183,1318.3574381784765,4,1
2370,36,70,107.86309261730072,7611.400680974258,7,0
2371,23,59,24.067201837011492,6755.092054726857,7,0
2372,51,64,100.73371707198082,2273.3566553802334,2,0
2373,35,24,88.0421626425648,3269.4163965136877,7,0
2374,30,16,110.47276074229461,7525.3784547386,9,1
2375,58,52,109.74631502474469,2078.5113884732596,8,1
2376,40,6,25.315408543707967,4307.0104573825465,9,1
2377,36,37,80.94464071756721,274.43029403769606,2,0
2378,62,4,32.467145516820175,4995.905207187172,7,1
2379,28,38,27.846861174405472,7447.58142557772,7,0
2380,18,41,64.82771458307305,7089.472740236176,6,1
2381,41,14,29.759753984874063,4065.556842957513,7,0
2382,24,71,92.79023831125929,5232.17158098961,0,0
2383,42,51,116.89407105075996,4601.405732704955,2,1
2384,38,65,76.95829577830928,629.0965288179866,5,0
2385,32,52,43.51688695616866,1353.9155463262923,6,1
2386,18,30,104.32063915253954,7714.156786681102,6,1
2387,29,57,105.31033749300259,2122.1527052862184,5,0
2388,24,30,93.27859723643944,3137.148807161555,3,1
2389,32,42,81.51321848133509,4120.660032840607,4,1
2390,38,11,106.77924547517239,7835.1438222073975,8,1
2391,36,27,36.329168199755905,5550.948699215234,0,0
2392,46,24,113.16001263440448,5073.828132069885,1,1
2393,42,39,114.72031492105683,4242.759782282788,4,1
2394,50,18,107.19923739971334,5635.327875297002,4,1
2395,66,45,45.06620347114671,5345.725535173939,6,1
2396,49,12,105.81783863106291,7232.443048861758,7,0
2397,66,49,69.76382118376918,4380.498912380519,9,0
2398,52,31,79.49302374008253,3429.870446704869,5,1
2399,61,22,104.06006225041452,6476.5800217045835,5,0
2400,55,44,22.958284454523753,6418.288344025866,4,0
2401,43,64,56.29425921756457,1441.7078602954912,4,1
2402,28,25,101.56933772444657,1970.6567830659997,7,0
2403,52,51,101.3954783801723,7673.242264267676,4,0
2404,25,7,104.86879268829328,3608.4653532208395,5,0
2405,63,6,36.92159001394913,4205.319502596398,2,0
2406,31,24,90.58866182279601,2550.2649841804973,4,0
2407,27,19,34.65033405054186,3900.4610808890925,8,1
2408,19,9,98.50980089510253,5972.517196845682,2,1
2409,63,36,44.51260044545075,3910.526269963035,7,1
2410,26,40,93.7817727586946,2586.798971673455,6,1
2411,20,24,65.50016185279725,858.4079347155746,3,1
2412,38,48,118.62634645527723,7433.266012246969,4,1
2413,43,63,77.98938307492809,6986.096800134976,7,1
2414,25,69,83.25793642202862,6351.783052462805,9,1
2415,65,53,56.81635138512874,5583.160614356264,6,1
2416,19,54,93.45201578474331,4172.528087159609,9,1
2417,23,42,69.48856411048351,7189.434610367358,9,1
2418,45,45,21.806663509586414,6354.4419510966945,1,0
2419,46,14,80.85815978756452,6546.485650413255,7,1
2420,43,29,103.04595904293615,2545.448736695785,7,0
2421,42,6,43.680177006045064,3445.3203598789464,8,1
2422,29,7,42.10637550851846,5683.737886573743,1,0
2423,22,37,80.88861831192705,3031.392195341255,3,1
2424,51,53,101.7979276425494,4002.3997608762998,1,0
2425,65,18,44.96203378435759,5207.452444870475,3,0
2426,54,38,113.22626512430391,3558.29137251582,2,1
2427,32,59,112.7387356681549,6365.01289658683,6,0
2428,61,1,40.053667190793334,1018.6028271876681,4,1
2429,53,68,46.37844120568157,5772.646427277937,6,1
2430,32,44,90.05988109481615,1247.1594788290959,1,0
2431,60,47,115.1733109024426,7508.933273935355,3,1
2432,65,35,90.98826887763147,2580.897677490174,5,0
2433,40,60,64.4900049820538,6383.915652211822,4,1
2434,23,52,36.90013464265031,4219.194127058541,1,0
2435,63,8,66.10098488396211,819.5878260442056,6,1
2436,67,41,80.67677919705544,4702.436149689686,1,0
2437,61,3,53.09519189566503,7306.204121372302,8,1
2438,60,69,71.02578212000898,1342.1517950594412,6,0
2439,62,14,33.021412832870595,2638.3248999505704,2,1
2440,38,26,65.21881045125863,3569.3535005661474,5,1
2441,40,70,29.0775818929554,2272.9192003911644,4,1
2442,60,58,24.908874994899058,7555.857850417252,8,0
2443,33,40,105.72399155993273,3082.252091986878,2,0
2444,64,51,40.50815841460749,5298.690262036862,1,1
2445,32,5,77.51553291279333,1868.9424385235207,1,1
2446,42,32,34.89827584099924,1835.676906105021,3,0
2447,53,1,46.25275709092914,1489.209751271119,0,0
2448,28,54,56.133941976948435,3535.016881861114,8,1
2449,68,11,34.36764363547702,4309.579798091427,2,1
2450,32,53,24.59622970111103,184.91050943749602,4,0
2451,21,8,107.7159802018011,6680.095078143605,1,1
2452,38,25,21.183283587977215,4150.7557509956805,7,1
2453,30,40,26.13209828350678,1341.958394989813,2,0
2454,39,32,100.50721608281025,631.6171687736112,4,1
2455,36,28,48.2008336773056,599.2744473216915,6,1
2456,51,3,92.28203011146974,2135.383546182379,1,0
2457,31,62,34.622574921791376,4044.4079689707332,2,0
2458,21,27,43.72817485967194,6895.892334423687,7,0
2459,65,45,77.27765165969934,7233.426872438138,9,0
2460,69,25,118.86358384892834,6675.390567837291,7,1
2461,63,61,27.344447015922317,2695.651398153717,2,0
2462,44,44,60.05545979818322,2521.8062384781847,9,1
2463,46,46,24.308097000592483,7900.920926724481,6,0
2464,64,14,39.92264426559749,5482.116976900925,1,1
2465,45,8,110.74710268385046,2509.12033593458,8,1
2466,52,48,29.646010378976968,2699.7332033659472,7,0
2467,25,14,105.68559213756336,3533.691070554506,8,1
2468,33,65,37.780323811008124,5012.2729128162155,8,1
2469,59,7,106.1784846537704,7194.035363776263,6,0
2470,53,49,73.80219631356752,1666.626245601633,3,1
2471,47,55,107.82066742268435,766.7868417072544,4,0
2472,35,13,35.17036446515204,3305.441779238437,6,0
2473,19,56,96.2036551307826,2039.098312623555,4,0
2474,66,56,88.06985960805767,4650.658120168917,9,0
2475,30,15,74.29333873929625,5623.79721346463,7,0
2476,21,57,101.0587344410973,2554.8140343676964,4,0
2477,43,58,84.82760244270396,5515.06518200971,4,0
2478,42,35,107.70469246077496,2810.863313376672,4,1
2479,47,16,58.106214678556604,5116.248303363471,3,1
2480,28,8,78.9923178273815,5101.180373304459,6,1
2481,24,45,107.06008425757116,2297.461657030986,1,0
2482,48,40,41.48140641041346,5122.209738510608,9,1
2483,61,54,68.57413566168543,3109.545256216881,3,0
2484,27,14,116.0741821728669,2757.9940604492554,2,0
2485,56,59,67.36018014946845,2385.3732018252917,9,1
2486,30,53,45.28294451955403,2830.5975550608828,7,0
2487,48,27,55.10762387432382,6315.284647283069,6,1
2488,24,47,108.50841193734466,2036.9126319628858,2,1
2489,66,6,115.48830387675503,5487.700500655847,3,0
2490,59,55,115.01076426861393,7214.9026213491115,3,1
2491,59,44,89.89423919685713,2868.388634173041,9,0
2492,53,18,70.96018888246124,333.1453095097132,6,1
2493,37,16,38.268893490734186,294.3876300874218,7,1
2494,21,12,32.32210120704645,1202.0728179674043,3,1
2495,24,20,25.97666076413462,969.354260479458,7,0
2496,18,45,21.771490950896926,6009.873473984322,0,1
2497,61,64,107.8116722105682,2429.3206635682436,8,0
2498,62,59,100.90863158033444,5254.827211445406,6,1
2499,59,22,76.78213805004708,435.39794223037325,3,1
2500,64,47,119.8723254537714,2436.348181017326,7,1
2501,30,29,115.3052072201641,1949.7552539505157,9,1
2502,39,45,85.51089707147064,2287.3560317836664,1,1
2503,38,9,66.45745670402535,1606.6703761570157,7,1
2504,39,24,35.21707161131296,4981.536566708326,9,1
2505,45,15,71.55938052543524,5335.115670287668,5,1
2506,26,36,35.774367288552725,1272.8773748177564,6,1
2507,43,13,59.8451304246189,5955.053278456587,6,1
2508,26,44,114.26481084327509,2075.3592624431685,1,0
2509,32,71,54.19789893356374,2335.0877697465667,1,0
2510,27,36,35.278727364346715,6647.585876864618,3,0
2511,41,61,78.23966042362146,7219.210730642417,5,0
2512,59,40,80.23641741274722,6615.574876400544,3,1
2513,25,27,39.380424246791584,1267.3262807723402,5,1
2514,41,1,39.658658758196026,7994.214317262506,4,1
2515,33,34,118.9549791324827,5410.027776780709,5,0
2516,66,68,44.328107286221204,4134.282110171562,8,0
2517,43,21,103.8192034783584,7643.247121252141,5,1
2518,44,33,67.03238255459794,6557.305123870088,5,1
2519,54,7,63.4989238912728,5564.77001306702,7,1
2520,21,65,49.496241616375244,6723.338263008853,4,0
2521,67,3,97.38257968923308,3145.1860078956165,4,0
2522,41,51,108.06608784415548,5507.063718977686,9,1
2523,36,54,46.11274615590803,1605.5821479651675,0,1
2524,53,59,29.509666934911397,7905.205018610107,5,1
2525,56,6,33.69195528856098,4752.955430737888,0,0
2526,27,29,99.28035347662441,6532.474254738929,7,1
2527,42,17,63.582691131962584,3317.9850561951685,9,0
2528,35,60,33.191465841072294,6092.851672273928,8,0
2529,36,22,54.028820641962454,3160.340705807948,5,0
2530,53,24,71.4235482853053,4761.040186988605,8,1
2531,27,51,105.20516838450082,6247.265043921866,1,0
2532,50,50,84.1743254225175,1020.1439150402847,8,1
2533,67,11,37.60328010800008,2918.608225820221,3,0
2534,22,56,35.87027123583364,4405.001896911165,2,0
2535,64,71,61.23342156333225,2738.581878096537,0,0
2536,66,42,27.519284770175638,2542.4211545697044,0,0
2537,52,39,95.5577195283873,2325.146307703426,7,0
2538,61,69,60.145382030377206,1899.5553922939562,1,0
2539,51,48,54.302377278139026,6806.346044189482,0,0
2540,50,57,70.91083323914359,7397.14412226468,1,0
2541,38,21,90.89568037628477,5631.338640434992,2,0
2542,34,20,76.93469444930521,336.9961508441062,3,0
2543,39,15,100.24027817219871,6311.242241519115,8,0
2544,65,69,82.93625638701175,4302.324744811386,6,1
2545,54,51,98.79702674082638,6089.069694280489,4,0
2546,32,62,89.67822735646749,3554.9731519363545,4,0
2547,52,37,39.312284026373646,426.12712761930675,5,0
2548,45,6,25.235445018579878,5485.785388426704,0,0
2549,24,71,110.33968005033816,3608.61509097694,5,1
2550,49,26,114.56561653820842,7004.943614807447,5,0
2551,28,8,92.69322966314722,5931.289700889276,4,1
2552,27,4,92.4205822695949,2940.537807444694,9,0
2553,26,21,47.01470804941095,5820.247482292167,8,0
2554,31,31,74.24417088818329,4012.147935651293,9,1
2555,30,21,119.22396637046083,1675.6072228504067,9,0
2556,42,25,105.61435980700195,3417.101923577752,4,1
2557,19,15,50.43943525519966,1858.2429166183026,8,1
2558,52,35,50.104586569789035,139.31450751317917,9,0
2559,24,49,68.35772911480592,2049.686611354253,6,0
2560,38,43,60.45986661677845,1755.2184746751777,2,0
2561,35,41,57.11530462801746,134.26157862652192,8,1
2562,20,37,82.69719088061034,6293.010407991721,9,0
2563,59,57,21.149246963353757,708.1810115497321,6,1
2564,56,42,96.33396360332767,3647.5666841171687,3,1
2565,58,47,94.0052996675785,3401.277088006813,8,0
2566,66,61,103.03256805947012,1533.1241267137937,5,1
2567,28,14,104.14506733068134,7738.261201645309,8,1
2568,56,68,76.63996947604684,4869.495478922181,3,1
2569,41,53,98.00739356232907,6526.7530612262035,9,0
2570,63,34,69.23951254805192,4019.5104021561065,1,0
2571,36,24,115.15298364183005,5810.214147246013,8,1
2572,21,20,39.06985297874348,7761.255745662888,9,0
2573,43,69,111.56170920738992,2852.402769044502,3,0
2574,55,30,45.85303612677231,4083.684436408569,1,1
2575,59,7,30.272337368685204,4164.841499666852,6,1
2576,49,36,63.91044474069674,7936.7590489606955,6,0
2577,56,38,81.49172424160594,1941.4832564984833,4,0
2578,62,52,43.098987319995224,5434.929317837922,4,1
2579,63,15,75.57962411442978,1192.0144597999695,7,1
2580,53,46,100.78933569345047,7423.88090322856,5,1
2581,57,23,45.70849658037228,4764.017160113418,0,0
2582,54,12,78.0322245914203,6889.3510636118135,3,1
2583,50,44,53.93125961930803,7172.40820028211,0,0
2584,53,15,72.97684675304802,4501.168305622767,4,0
2585,20,49,86.69190195749695,5487.8574427817675,4,0
2586,26,21,55.04225718160924,5619.893056228392,3,1
2587,25,15,119.4482882452134,3737.798505719194,8,1
2588,50,14,76.37751984296409,3535.2221536910524,7,0
2589,23,42,102.44615590929388,1570.8869299273285,9,1
2590,58,15,92.51352229107911,3132.9250279595526,2,0
2591,56,63,105.28053137029477,7926.979830309883,4,1
2592,21,68,37.38009545385679,2231.9064592360387,5,1
2593,30,27,42.255370972767096,6123.28317854122,4,0
2594,66,53,68.74111778902902,568.8450134474463,7,1
2595,19,52,105.23286764854423,3793.0034995205,4,0
2596,22,63,39.760658139085876,561.4400421454503,7,0
2597,61,53,117.10658321072984,3858.8194770823966,9,0
2598,44,57,32.76023083151414,317.66444039407753,9,0
2599,49,52,37.5077945180508,4945.028694722849,2,1
2600,38,43,36.72337833660754,4733.421889833156,4,0
2601,25,7,78.60059530346196,6402.961458779808,3,0
2602,55,42,111.75410815966359,4707.960997390642,5,1
2603,25,4,45.511138716643835,7415.393382573478,2,0
2604,67,69,75.30368534585615,6286.526451187414,9,0
2605,20,5,37.577251004746074,1147.986510546086,3,0
2606,61,41,83.11368962077985,2197.238187618118,3,0
2607,20,4,32.32463361795118,307.22172237346905,4,0
2608,39,2,69.13107675126979,3150.4586124251778,5,1
2609,23,67,85.51818136768675,4125.336404778657,1,0
2610,19,21,77.91279167555102,7572.975365378325,9,1
2611,40,70,34.00004827007425,4225.912715026365,7,0
2612,61,43,36.13733715148293,6270.121531349281,3,0
2613,19,69,87.13910048249883,2217.3896994839197,6,1
2614,55,9,100.89092960897761,1309.9516543447705,6,0
2615,34,28,110.8074402529591,6505.606405227397,9,1
2616,52,26,101.3611515346117,2054.6586484592717,1,0
2617,51,3,117.39238788871947,6983.54742960174,6,1
2618,40,49,60.82518041651354,1441.8140179665083,0,0
2619,47,17,53.11657542220343,6827.533674019345,1,0
2620,69,63,22.81840523451169,6205.495882588156,4,1
2621,25,55,64.98958559880934,4928.64331781077,7,0
2622,39,23,85.13715524132326,6816.7433547986675,6,1
2623,61,34,101.54086413224756,2712.609931271446,2,0
2624,53,69,46.74553827743703,1411.6697507565634,9,0
2625,22,15,71.35912763692905,1340.6213333251994,8,1
2626,30,47,86.20095646140466,2235.835419144062,4,1
2627,46,3,75.16028659840939,3625.1943442224174,2,1
2628,48,28,47.40207174024077,7020.580634141691,6,0
2629,64,3,99.62824382950623,807.3316520461184,3,1
2630,33,4,37.33610124719337,7330.41215103452,0,0
2631,59,31,110.4979833786364,7411.408211686681,4,1
2632,47,45,115.25967490548113,5845.167486287419,7,0
2633,33,59,56.55732620752621,7212.2405476449785,3,1
2634,29,45,57.61817904859518,6182.894378405901,6,1
2635,34,37,94.32782589171941,4273.577624730454,7,0
2636,33,65,65.62885985520006,4845.92678718496,8,1
2637,29,9,22.86101435992352,5062.9733641729035,8,1
2638,25,17,111.9876727675241,1102.4569197665762,4,1
2639,37,65,63.075034196576276,1625.1276863883324,5,0
2640,20,3,40.34951005403113,4234.612918574271,6,1
2641,33,26,75.5664073148786,1010.3036708904403,9,0
2642,47,53,41.890616259131654,7723.336438764278,1,0
2643,62,31,40.60219996816078,4106.305500263931,8,1
2644,40,26,74.57313273906327,3102.6805440231706,0,1
2645,45,23,59.104229218946905,1344.5662969733178,5,1
2646,68,30,77.29932782532224,3390.617790053972,5,0
2647,57,10,119.68254368112403,2489.166877241136,6,1
2648,22,64,105.90181543707683,794.6246524960736,1,1
2649,37,22,20.767079928978877,7739.341832380369,5,0
2650,57,15,25.055570953738975,2193.3269587866794,5,1
2651,61,56,81.00794401312446,5554.714912854842,8,1
2652,18,20,82.6256081132298,821.4477643971396,7,0
2653,47,47,107.81908440759933,7314.035173681503,4,0
2654,38,53,82.90571745218257,4766.936467328558,6,1
2655,37,53,42.77145385157423,5289.288802975236,6,0
2656,23,1,66.85162277036508,6276.096449284061,4,0
2657,39,2,100.89854006711886,4886.73109645416,6,1
2658,35,58,112.28249645983715,660.1689214647195,2,1
2659,25,19,43.69151189667092,3493.7011466940057,6,0
2660,56,62,73.96047350133259,2170.037737316043,5,0
2661,49,12,35.89275501704027,3945.064463381352,5,0
2662,50,26,69.69996989275693,3294.1687772857304,1,1
2663,33,27,29.01141207495011,6629.611626660896,1,1
2664,29,29,114.17280699504742,2051.6756624571904,6,1
2665,55,15,83.80564582826155,1690.2783682957922,0,1
2666,69,46,105.42167417136771,7668.8817340595415,8,1
2667,51,1,119.82951741819063,7601.181249724518,2,1
2668,31,60,38.26659947053783,7948.373222849048,5,0
2669,53,57,89.41434149596486,4590.206578416063,2,0
2670,50,3,108.6986293506858,993.8372886530886,8,0
2671,40,18,77.59381674117901,7053.325151823858,9,1
2672,67,52,83.9696378366561,1246.4083756353605,6,1
2673,62,60,60.76710895171374,1329.1951756303333,0,0
2674,19,34,87.4760833716514,1627.8407831400948,3,1
2675,58,60,59.55779146961238,5262.0087996054335,4,0
2676,38,26,67.66196381514483,946.8725204958477,6,0
2677,19,19,30.29117426228249,6248.4248691929515,6,0
2678,44,22,20.780840018038166,560.187608068628,4,0
2679,26,33,25.515112413894684,972.527829307379,0,1
2680,18,38,39.25216409376017,3532.4484191655756,4,1
2681,28,35,65.66038195950654,3095.4548654042155,4,1
2682,20,67,22.099407085145387,7918.695320339729,3,0
2683,69,10,35.59366391542325,7738.225258077756,5,1
2684,40,15,98.14446038844386,1598.4862781094419,7,1
2685,43,11,96.2166558262047,7578.657806119854,9,1
2686,21,24,98.97302916755,5568.869041694532,4,1
2687,35,4,112.1540943196774,3329.861007712548,7,1
2688,23,13,31.907100073451915,5943.0843640714365,4,1
2689,52,57,36.3139876227883,7211.113629081719,2,0
2690,39,37,53.35536146013144,1523.1182750119026,7,0
2691,60,48,111.51411989809097,1648.2756648835227,3,1
2692,32,71,97.5477743005945,3328.894021598517,2,0
2693,39,1,52.41212723323197,1436.7729935470586,2,1
2694,54,60,28.763581778273487,2947.1401370759445,5,1
2695,69,12,81.63800261488342,5200.963063793862,7,1
2696,59,21,45.681916580565236,6521.2631901374525,9,0
2697,29,11,73.1152565968553,2485.2860077146556,4,1
2698,64,44,114.1803359600977,2325.67240205822,0,0
2699,66,58,77.26172453143344,6259.969418674503,0,0
2700,59,44,112.38344364233642,3110.107185419822,2,0
2701,55,34,59.30387859948754,6565.955406163847,5,0
2702,35,25,83.33513372887707,7947.704530600785,1,0
2703,62,4,109.38899739469642,7839.382540271365,0,0
2704,52,64,78.79873116091385,5335.226943293584,6,0
2705,47,16,81.48986770271043,3064.1843698818593,1,0
2706,41,10,91.63079820812244,617.3698898664251,7,1
2707,59,66,108.2107757188253,5930.52099846478,1,0
2708,47,35,28.818006124085297,7825.941204320628,0,0
2709,31,6,53.685938217608694,637.0772594034621,9,1
2710,23,19,59.76847260806038,148.72491390305714,1,1
2711,20,59,110.97096653891778,6671.031952995569,1,0
2712,33,53,115.60079245162014,907.8458001020734,6,1
2713,24,8,32.038046466512476,744.8215455200778,0,0
2714,69,10,31.910767978878077,7291.654938963111,2,1
2715,31,67,113.48617942523624,728.5304122078626,4,0
2716,26,38,49.57719013825927,1000.7394727258664,6,1
2717,32,29,44.181441903715275,4599.6320346305765,5,0
2718,38,15,23.562286575409868,6078.831966963001,7,1
2719,52,23,47.5595934770649,3256.6208438423946,0,0
2720,19,46,89.35264272259883,3422.654369454084,6,1
2721,44,28,62.60361627395617,5097.745298493995,8,0
2722,19,26,71.68703516517603,4092.859829163172,6,1
2723,52,10,111.72955966148854,247.1635129439682,5,0
2724,35,47,31.468978267131646,997.307171550379,8,0
2725,31,4,27.1240715242599,4694.640122650681,3,1
2726,37,55,105.19307491238942,6369.933826613143,9,1
2727,35,66,97.48557974307066,6128.5148488966515,5,0
2728,27,67,46.37341869450325,5946.446818419796,5,0
2729,42,7,52.42341263740829,6193.053668044259,9,1
2730,19,55,51.02778357756603,451.10346296373217,2,0
2731,42,31,84.78087980219112,7171.30236320445,6,1
2732,50,19,26.121150698897935,7125.33653117223,0,0
2733,53,28,68.94015852637268,4302.19951387115,7,1
2734,48,28,33.38729691127452,2063.8952249232466,7,1
2735,31,19,101.97385409262475,4778.209934973324,7,1
2736,18,20,58.06630043099653,4507.298818364764,8,1
2737,63,13,72.75721932194593,1861.3619407526617,3,0
2738,33,43,22.9317608778786,4864.728413536486,5,1
2739,63,11,25.82643135410523,6398.623517194817,6,0
2740,69,48,87.50548307334661,6468.244231487523,1,1
2741,20,15,96.6770545141332,571.6127960113236,5,1
2742,52,17,91.00355846022013,1657.5901633184685,7,1
2743,58,54,93.70186364578602,5378.964548686244,3,0
2744,23,50,30.4619850549329,6892.672368772987,4,1
2745,42,28,89.34508410975411,4217.614951348803,7,1
2746,30,4,38.174758268909365,5689.452779846345,2,1
2747,51,22,29.80154318767854,266.4688841895144,5,1
2748,25,39,95.71608304548411,4906.524413894655,0,0
2749,38,34,108.94061171015647,7699.082241049154,3,0
2750,51,44,91.67099074051588,5322.01539555863,5,1
2751,21,42,100.55734528147534,7385.978161142526,2,1
2752,42,40,119.10881551216158,4571.474719235483,0,0
2753,32,12,33.475591140668456,6762.6920284298285,5,1
2754,21,2,116.51525524330386,1080.8830252314654,2,0
2755,62,28,80.11978054901024,1075.7547768058505,7,1
2756,29,67,101.32531573450204,1049.416700646777,6,1
2757,49,71,85.016918158767,3961.911461090002,6,1
2758,49,10,77.00377887853492,2709.082130613209,7,0
2759,45,57,90.36189940216879,5781.568244554184,6,1
2760,30,37,52.02586645129828,7230.713122973138,4,1
2761,48,64,112.42715234919126,4993.061145730507,9,1
2762,31,40,31.52925720557787,1784.3633931787765,7,1
2763,37,60,51.80311840864621,7453.927253479998,7,1
2764,35,48,23.116235320050333,4270.072971290063,7,1
2765,46,19,47.132304764609174,5787.5698697724665,9,0
2766,23,33,41.82130771414044,7134.996218437899,5,1
2767,49,44,24.96308606786312,7919.672263581331,1,0
2768,46,37,69.17740638486221,4097.905197903224,7,0
2769,60,36,66.86360418556099,6483.695477601023,9,0
2770,19,21,27.77454438986689,4578.249816014112,0,0
2771,40,2,46.18505314084142,3942.9861733668668,8,1
2772,36,31,115.33221604663561,4347.92890228269,8,0
2773,48,30,31.073662451042033,3925.774426191463,5,1
2774,68,44,50.501864885946816,3426.122138477977,9,0
2775,22,12,23.586239845465855,5817.393455060504,5,1
2776,36,51,34.88872026237667,2072.438945986508,5,1
2777,51,49,89.93971074657895,4969.413579867405,3,1
2778,27,24,56.67165006629388,5732.385404338994,0,0
2779,42,24,65.20765706791205,7147.51758378657,0,0
2780,19,60,35.69783951306562,2721.829476606927,0,0
2781,28,11,88.21401728913017,6898.732917776909,4,1
2782,67,13,95.15215980912537,7567.800253474325,6,1
2783,48,64,38.111204951673976,5224.567123659578,0,0
2784,32,20,24.499346361994217,6194.320762591803,0,0
2785,26,71,28.09411343090185,3305.0849825691,5,0
2786,40,28,85.70457572030178,7621.869816299072,1,1
2787,36,2,33.551060249483896,5399.805495182751,1,0
2788,26,43,69.39188341688356,2550.2387880803635,6,1
2789,52,8,35.26415309261701,3293.6646431487807,8,1
2790,38,13,37.01480482052398,4980.268561639452,7,0
2791,26,35,20.43605033415186,1949.6677996471312,1,1
2792,45,23,52.08242558583879,6055.923794288307,6,1
2793,63,46,28.979726607286032,1875.0629785301805,4,0
2794,68,15,59.39612753404253,4775.13464659042,9,0
2795,24,2,79.77843096175839,5606.351452659135,3,1
2796,33,61,56.7531947928117,6892.0083757261555,9,1
2797,33,64,90.50816308353353,5897.813284732572,3,1
2798,50,52,94.14517680393581,6410.718223263051,3,1
2799,21,36,89.66063873608118,7312.161231833001,8,0
2800,21,67,113.67135596314982,4822.395333654371,6,1
2801,56,69,43.72942769951511,6785.6120842299315,6,0
2802,57,67,38.945645311497664,1931.7906250988594,3,0
2803,34,47,80.9711489241867,6536.392049256586,8,1
2804,54,2,79.48770094341835,1851.325256321194,7,1
2805,56,44,71.00983336748071,7483.570828067961,9,0
2806,69,64,20.435319149426448,2706.7893659155825,3,0
2807,46,28,75.52382299059985,1457.5201855873415,5,1
2808,69,54,113.2798056872979,1270.5332050206948,3,0
2809,53,67,53.45776891128629,1579.4505138088757,0,0
2810,55,36,116.75991933202505,3635.5684376490112,4,1
2811,56,63,55.675667919769424,4224.980189532466,9,1
2812,67,25,33.985450251781785,7318.908076938957,2,1
2813,54,48,59.84034149271385,3110.0169431287945,0,0
2814,69,39,69.46113129235441,1818.1102394177274,1,1
2815,52,47,82.94644101765911,5976.186783531115,1,1
2816,24,21,70.4878162022334,1163.7698226359869,7,1
2817,44,30,73.6718627406218,7149.038638919985,3,0
2818,45,31,22.40670383576054,3334.2571181495514,2,1
2819,39,26,45.36201691339893,4949.34772087434,3,0
2820,31,22,51.0696657939172,1570.8563066705287,9,1
2821,24,21,118.7088537881449,1249.68027773071,0,0
2822,54,1,49.556773848703365,6410.831060563359,0,0
2823,39,37,109.65788488242853,3494.648106125023,4,1
2824,22,46,50.473620054107876,7895.268220537061,6,1
2825,19,9,29.61103310423911,4241.953761174367,8,1
2826,44,17,44.76173990609444,6780.657994985749,6,1
2827,38,47,47.28283849142979,7841.713061899338,4,0
2828,55,59,117.82485938889842,2321.0862759171623,2,1
2829,32,54,87.42915055672371,6426.965526027392,7,0
2830,38,12,113.1680995620966,273.8486902647034,6,1
2831,27,64,103.49950222048219,5470.057532682127,3,1
2832,40,6,77.85984906780975,5987.08861983101,0,1
2833,56,53,87.53879242455632,3871.1733282404684,2,1
2834,22,16,82.48371936960315,1380.6311599282658,7,1
2835,18,5,86.62630261917867,4972.092329819753,1,1
2836,30,46,46.47736646272762,7190.476409540905,8,1
2837,38,14,60.81251342079371,7457.421676668325,3,0
2838,43,44,79.26158115981464,5994.208884314862,6,0
2839,67,63,23.59284650558571,2183.3347415622557,9,0
2840,62,52,68.28349014016933,6975.582715873368,6,0
2841,38,26,105.97269333978532,7121.70222694339,7,0
2842,35,53,69.236772758533,3001.2134253872428,6,1
2843,54,29,75.23233686554994,1545.5557186950773,3,1
2844,62,19,40.190512051519086,7009.8095296536085,6,1
2845,49,47,99.4343343985438,7092.268790497234,4,1
2846,53,8,55.88782880375289,897.1580679545913,9,0
2847,34,23,115.65875534795444,7739.175908557658,6,1
2848,52,35,119.37148082595793,4311.336369322502,2,0
2849,66,53,111.6000542595843,7950.468540049196,9,1
2850,28,58,28.487674481614395,3615.5651767117834,6,0
2851,38,5,53.31831554960269,4312.93838094043,6,0
2852,69,16,114.51376351025174,2202.0543725728403,1,1
2853,43,17,100.45332948444376,7201.684819571418,7,1
2854,21,32,111.11835893074296,3605.3257248733607,6,0
2855,51,52,77.25531936410988,6535.451023656332,8,0
2856,69,20,68.03975881875301,729.9007732511532,3,0
2857,65,66,30.649631700445106,6327.14836510902,8,0
2858,35,1,103.94715423230991,3972.920823786652,0,1
2859,57,58,94.51415484204786,142.72224989153716,4,0
2860,52,44,25.88766030154122,1887.4772180904797,9,0
2861,58,6,40.94145895952854,1630.468670400624,6,1
2862,46,50,75.72775633150104,6038.940192344575,3,0
2863,69,20,88.44024020646387,3869.897299366427,6,1
2864,46,14,33.76702642610065,1361.7753338280695,8,0
2865,55,5,44.48248184623238,2128.7435186574953,4,0
2866,59,41,39.3110211709014,4082.20676191649,4,0
2867,38,40,41.99971526705422,255.14175882542355,1,0
2868,59,34,112.07131235687667,3450.5921459850524,4,1
2869,30,45,91.58195730387541,5456.685088864547,7,0
2870,66,71,93.71069804033034,4190.261223758443,3,0
2871,58,71,99.39953108692825,4824.9863744964405,1,1
2872,34,27,55.657304264406,2680.283124392033,7,1
2873,26,44,96.71846143991405,1546.298219756071,3,0
2874,58,33,117.84133943229371,6496.9561938059305,4,1
2875,18,33,89.8394245940942,7254.515484347247,6,1
2876,19,44,61.67531122925391,4134.85050596166,4,0
2877,65,20,91.63597857109747,2509.8255793929875,9,1
2878,46,36,110.07947002628694,4138.518153192085,3,1
2879,50,7,32.87615436759736,7043.985613035425,6,0
2880,27,32,46.52946755847214,5562.110144263427,3,1
2881,67,67,111.92962153289052,6883.067081691927,9,1
2882,57,39,114.62329004445272,2694.197442316598,3,1
2883,38,24,68.41391271179451,5724.635113866218,1,0
2884,45,70,57.45509634032975,5259.0868749417705,4,0
2885,28,54,48.27818056030292,4615.770039138297,7,1
2886,51,38,69.87515410909684,4272.976435321019,3,1
2887,25,32,113.45311515910517,4452.725276802816,1,1
2888,39,45,34.98096274244555,6812.401608840923,8,1
2889,25,61,61.983063854722026,7336.356557932746,5,0
2890,66,70,111.16078569574888,991.597668643382,2,0
2891,32,53,54.911927014425196,4593.2954629636415,9,1
2892,34,51,96.80814070435372,7355.426537538554,4,0
2893,40,56,58.9259786241102,1164.4458827568437,5,0
2894,41,27,100.49266783230416,3361.5890490455595,8,1
2895,62,38,118.10023499572085,803.7333536721412,4,1
2896,36,62,58.78220105752783,996.4635758769256,8,1
2897,22,18,104.50986545742005,7242.475419220313,0,0
2898,49,64,118.84168248403007,3624.8187201608976,9,1
2899,61,30,118.38301430112543,5541.043266636329,3,0
2900,18,49,63.3771081533308,1197.4239436239131,0,0
2901,40,41,68.576112054915,273.38511090277075,1,1
2902,54,13,50.340156164300204,7134.823263056025,1,0
2903,25,34,51.4018763722365,4638.9105524372735,9,0
2904,30,25,69.24706226322353,257.9032690109541,4,0
2905,25,66,40.051859006430874,7939.481899331098,0,0
2906,40,18,91.11232961549275,3988.319825808688,9,1
2907,60,5,73.63085347542523,3859.424414505679,2,1
2908,18,19,109.80678571732822,5005.222056148707,5,0
2909,62,42,101.0582433810541,162.44582014415067,0,0
2910,68,18,52.24711128461346,4596.193152280876,0,1
2911,41,32,70.58046230176674,5072.922841518289,2,1
2912,52,21,95.05149276387742,2445.9331880142736,8,1
2913,41,10,39.320012747839165,5842.134037169558,1,0
2914,34,37,23.159772981758337,3081.711348121945,5,0
2915,22,49,105.23045263082838,5770.407762219307,2,0
2916,37,13,33.75502574929482,1236.218909774863,5,1
2917,38,55,108.94114309537065,7318.212746724042,6,1
2918,57,17,111.36080238811446,7047.7132518844555,6,1
2919,48,9,66.07004381371573,1289.9491610933876,1,1
2920,63,44,100.67817123525782,7513.786102975615,2,0
2921,53,46,56.319124635413836,4506.464154861464,3,1
2922,28,8,105.82645485117469,5643.032459083251,7,1
2923,69,37,102.46818841667168,6738.320959774575,4,0
2924,32,19,27.85183897012024,760.2025819320288,0,0
2925,36,63,78.26017407523672,1437.3464239827158,8,0
2926,24,46,83.99989035967482,2394.088279739098,0,0
2927,68,71,20.085729068821607,3869.915402957408,1,0
2928,45,26,117.99183187292954,2833.8305997600505,6,0
2929,68,46,60.65675749007108,4096.186377842219,2,1
2930,60,46,71.73432058592131,1568.7445160155166,5,1
2931,22,14,39.48040797930209,5489.017705472001,7,1
2932,22,63,81.09185775172612,540.3055613514762,4,0
2933,47,3,101.0619866279359,2955.451099042896,0,1
2934,49,28,78.58923457197281,1514.3626329018684,9,0
2935,25,29,98.80350458020972,5866.472847778375,2,1
2936,27,18,93.11079607181668,7080.8613767563,1,1
2937,55,35,43.76578115271381,722.4110527074517,5,1
2938,64,47,63.581284110915405,6301.79906134456,4,0
2939,49,5,34.862688443640856,7176.206120404608,6,0
2940,65,59,24.1935875075102,7794.364711251035,1,0
2941,45,59,26.306895526413093,4677.151382466203,5,1
2942,34,47,114.24999298728906,2686.395899458513,4,1
2943,48,13,118.45374591343786,2643.5914389519085,5,1
2944,25,33,29.497750804983994,3093.8636264261754,4,0
2945,57,62,53.51934351720487,4940.072517888253,6,1
2946,42,16,31.44206801560227,3972.8170958990872,4,0
2947,26,44,103.4228823368969,5263.716708613997,6,1
2948,19,58,69.62970916402817,410.57960088365166,0,0
2949,32,6,82.12617559255493,936.4642480107981,8,1
2950,67,15,73.99108657350062,7814.662045471413,5,0
2951,20,4,91.02535838407161,7963.545467271285,8,0
2952,66,56,51.91322433170606,5998.60465540118,0,0
2953,53,64,33.74933545300323,2125.5374864301357,1,0
2954,21,68,21.7620002729714,7631.715701764345,6,1
2955,31,34,64.56928886259381,1788.2520709544578,3,1
2956,58,56,110.78344287914373,5878.307447178086,9,0
2957,58,32,50.526653801226665,1010.5406623671066,0,0
2958,42,9,39.595682113562304,5226.34553862269,4,1
2959,67,63,112.60427462471071,6100.168526513474,3,0
2960,27,33,30.54486387512942,6891.157142245853,5,0
2961,38,21,25.18010334158101,5901.018503535283,6,1
2962,53,55,107.94131749554379,7395.53430730807,2,1
2963,29,57,90.09093819546891,4215.293737415727,5,1
2964,44,2,62.20686381374128,5451.685994457289,1,1
2965,57,13,95.2343973008841,3019.4456721979805,9,1
2966,19,4,94.14399520442691,182.07664938556886,3,1
2967,30,50,24.006056326058292,6077.874348191989,9,0
2968,49,48,87.62468120618401,6971.899118182525,8,0
2969,48,30,84.08723774527127,1474.0033683768434,6,0
2970,33,29,116.37791364163036,326.26193815579984,1,0
2971,49,8,116.66226101597636,1399.5645794615627,5,1
2972,49,12,57.77993262020439,7172.785416590384,3,0
2973,51,41,78.98419118882184,2434.5320760335053,7,1
2974,28,26,34.135737488837876,1946.2625073440065,7,1
2975,27,50,26.645652595713404,215.25961626140923,0,0
2976,32,2,63.27798722589024,2446.735662959523,7,1
2977,34,55,88.98820108350104,5753.548708475667,9,1
2978,57,56,76.77611222977269,7676.8053781721355,6,1
2979,35,14,62.965692218600196,2570.655736257303,0,1
2980,26,6,101.8112546774591,2001.4140296644764,2,0
2981,42,61,99.4427472183747,7115.745261654811,4,1
2982,57,12,93.19420550777613,6834.788321574606,2,1
2983,31,13,27.70322481537611,2692.4673191351226,2,0
2984,42,19,99.64696278956436,643.5607146807265,0,0
2985,67,44,111.94213159947,7936.716579687267,7,1
2986,39,59,25.944208829091647,5477.5638709481,8,1
2987,69,37,60.1671388808535,7419.98592696466,4,1
2988,47,25,118.83554897165877,2800.808347123746,0,1
2989,37,16,79.92388584682836,5216.714810755654,0,0
2990,38,38,71.35774021274628,5428.528118632241,8,1
2991,61,43,37.744614746874355,6995.9531935574605,0,0
2992,49,14,76.548628333417,7945.158493216432,8,0
2993,68,6,63.9043260469453,958.4628103394944,2,1
2994,63,23,32.744305557012304,5085.823078900408,2,0
2995,66,60,66.43326526180343,2757.8755920644307,3,0
2996,38,12,36.439930517526044,6512.101573774963,4,0
2997,52,13,93.06636217260566,6057.769079496894,5,1
2998,49,6,117.36483661436229,7150.896341368919,5,1
2999,47,63,66.95770484256961,2815.2527305158164,9,0
3000,56,38,83.23683319146129,1557.7897188463437,8,1
3001,66,50,63.09755247668423,272.2332494941964,0,0
3002,29,52,33.84538536570054,2118.5028013738684,8,0
3003,58,40,117.05552864754988,3000.6551640663247,3,1
3004,64,8,32.957866408407966,7573.9291889891365,6,0
3005,35,61,31.162680851354068,3981.8438073932966,5,1
3006,38,8,65.91729416713005,4495.8720824594375,8,1
3007,30,34,85.88872657669322,7053.017220180106,1,0
3008,38,60,55.49232709728912,7092.049158736712,1,0
3009,25,57,39.2517022196903,4270.535029849296,6,1
3010,63,46,101.89633680274763,998.2576399933208,8,1
3011,57,22,56.31033206095512,2237.0777009817143,4,1
3012,63,40,39.43209733839072,3709.416780048365,6,1
3013,24,45,56.50848775068701,6034.239011905303,7,1
3014,40,55,41.4554207642791,5722.285811799987,7,0
3015,61,51,71.94477378123406,5177.3950588681455,3,0
3016,49,5,86.82893861376992,7053.939922438521,9,1
3017,28,13,99.9557377199186,6440.90662562629,6,1
3018,39,28,42.75620303198659,7858.70250238028,0,1
3019,39,62,36.695400570444555,7124.35231537193,3,0
3020,60,24,21.960342089522015,1645.6857799630852,4,0
3021,42,7,42.80877683472426,555.1708676111255,9,1
3022,39,38,22.390535249779624,3374.636457950154,6,0
3023,45,37,54.54742036890593,4978.285162120104,5,0
3024,46,68,34.569308883003664,5180.51764759081,3,0
3025,30,42,77.98955982277843,2213.3508159950334,2,0
3026,35,5,58.37267594912731,6893.059619144496,5,1
3027,19,64,29.358534107075954,2701.047062798873,9,0
3028,46,50,59.98664630365941,7361.005390426833,4,1
3029,38,15,40.93481159678517,3825.6510702954497,2,0
3030,32,53,88.01773513401055,182.08626173050462,3,0
3031,69,25,56.44362447707399,1380.126358438495,1,1
3032,44,9,34.70300092151461,908.3221275744813,8,1
3033,67,38,54.96017324042866,447.8037868224303,6,1
3034,48,22,42.43783339301855,5740.73675540434,9,1
3035,32,49,99.5779001638386,1619.2953971771774,2,0
3036,68,68,118.33675603649452,6725.09637581124,7,1
3037,40,15,22.549138902976743,2189.3037476339973,7,1
3038,41,65,89.0020137315282,355.38414127764764,0,0
3039,61,54,46.39578336234866,6583.33521740431,4,0
3040,30,30,26.640864386929447,3782.552219194798,4,0
3041,39,20,21.435130958529353,4836.092978125052,2,0
3042,60,33,108.10096692124272,2756.1955802683487,1,0
3043,54,7,55.360650207779955,463.7191296295704,0,1
3044,50,8,119.45438920906041,3024.3990043965846,3,1
3045,20,28,64.23771676302123,4194.46232531922,9,1
3046,36,45,38.75977517713744,192.3241679392865,1,0
3047,40,11,97.71435685225458,4636.891254410169,4,1
3048,46,31,112.64922163672986,7155.033021017466,9,1
3049,47,12,101.5621030775491,1820.9401271182076,1,0
3050,56,51,94.51992340275278,7421.476373072351,0,1
3051,61,44,53.469969451916846,871.1072987063295,9,0
3052,64,50,26.449036389504272,6620.94716676029,9,0
3053,42,17,40.12993485600898,6738.562430587042,9,1
3054,54,35,64.68102542474011,2136.302916895297,9,0
3055,64,1,115.61998700144039,7666.962922476892,8,1
3056,25,29,92.28541796753541,3391.129933123044,1,1
3057,59,51,102.82830451682473,1215.923090978191,9,1
3058,33,64,47.7293896906476,4774.544161534616,3,0
3059,25,4,88.38230274535032,7973.256161957604,2,0
3060,18,28,106.24381433779963,7204.403236778426,0,0
3061,61,16,67.94115148965845,2300.9623263093094,7,0
3062,22,63,62.98918602307587,4658.1941350891675,1,0
3063,20,53,91.94045134317787,1011.4045114468513,7,0
3064,18,17,75.99116862447462,3748.5739542630063,0,0
3065,21,40,119.31710831940438,4232.253534760333,5,0
3066,57,13,62.51028007285617,2590.6985568159153,3,1
3067,52,52,37.59432773249866,3925.0779552023446,2,0
3068,49,58,67.19350527863129,7367.513819631271,0,0
3069,59,37,43.520499309773136,4051.0873337198727,9,1
3070,51,61,76.1253820794501,6664.823453484019,0,1
3071,60,34,32.579699243794586,2607.3843903911275,6,0
3072,42,70,114.9976273549186,7774.0933567426055,5,0
3073,27,17,105.98228815401609,838.3595442169653,2,0
3074,38,20,35.55653971088704,4726.134510051715,1,1
3075,63,59,37.239292274700965,6340.113581817741,9,0
3076,56,69,71.24386744880165,6530.92379185094,2,0
3077,44,33,97.28813870417251,1666.4207752176312,7,1
3078,44,17,41.907933566752945,3273.002520611391,6,0
3079,19,57,26.097171955953186,5031.149762466414,6,0
3080,58,1,74.55342765826151,2595.473407202091,4,0
3081,65,13,89.159711410201,5300.538520186492,9,1
3082,30,27,44.436549129271704,3092.36730337035,2,1
3083,26,70,93.9767787750638,2871.8439484232563,0,0
3084,69,59,115.06437849446087,953.7385547742358,0,1
3085,53,6,33.707444268547285,410.09774293906133,5,1
3086,39,23,71.10290653086953,6698.662941096237,3,0
3087,59,10,25.68419506815826,3967.4014880329864,6,1
3088,43,51,40.66610072307156,4546.697752351152,9,0
3089,29,19,28.981935346107328,3040.5460779749965,9,0
3090,34,51,60.40066230802025,1180.2621592427865,9,0
3091,31,68,102.08317903747576,3651.6187817605314,0,0
3092,31,42,77.71304505217813,1908.7609164462328,5,1
3093,51,57,42.258483716543076,6717.696069539963,6,1
3094,37,68,24.01106470957231,7895.6294507884695,0,0
3095,28,38,75.33981952867529,7123.859470258865,1,0
3096,33,62,33.2796714990571,4273.36670081248,8,0
3097,68,7,54.27340273637572,5062.240786938151,8,1
3098,48,71,71.01922589136059,7590.168087639982,5,0
3099,23,50,110.37325356861925,4355.587275350929,3,0
3100,36,52,28.182332708871698,5144.8540740032495,6,0
3101,54,26,86.86075922668306,5070.913079564393,4,1
3102,21,26,21.408128550487852,5694.157099318475,2,0
3103,64,19,82.99085523602959,5158.252286668719,3,0
3104,21,9,75.15324893305936,5398.5726446390245,1,0
3105,37,61,101.18666200900677,5834.566330639106,5,0
3106,27,20,73.16624728644793,6491.8839143767955,2,0
3107,41,50,55.26165997261374,3284.1342571777323,6,0
3108,52,22,44.27508713282266,5992.088475658568,3,0
3109,43,13,28.5249741782073,891.6096973163021,7,1
3110,54,12,73.46126742964313,7021.8862447080755,0,0
3111,55,10,108.83219266485685,2391.350032482615,8,1
3112,38,65,71.47444939556894,3287.336481289541,2,0
3113,57,30,93.91028574658924,6448.522259994316,2,0
3114,56,8,49.84349382175756,5132.197600918946,4,1
3115,38,21,64.81308598747677,2538.161119824228,9,0
3116,27,22,52.46032034459314,1880.6529778846582,0,1
3117,55,18,30.92661113548974,7665.9441448136595,2,1
3118,63,66,61.6988603283505,793.4332521495359,3,0
3119,21,48,96.42872318372163,134.2473580137961,1,0
3120,62,44,59.49749995445172,5416.185728062168,5,1
3121,37,9,85.01792222182672,4954.347973951895,9,1
3122,34,67,95.86154840508603,5927.1503073190925,3,1
3123,24,54,52.273622721632265,5879.90726971147,0,0
3124,21,26,99.75145596054767,6919.747105401583,2,1
3125,46,26,53.89257169697096,7384.657864226809,6,1
3126,31,34,45.61070604604561,6222.694247237299,2,1
3127,20,8,42.2446167759865,1935.1131328145643,5,1
3128,41,10,39.99041457248393,3761.6198085618958,5,0
3129,54,48,93.71240728133968,5169.550401181524,0,0
3130,33,55,108.75092610569176,4360.985623873462,1,1
3131,69,54,43.06484741852892,1355.290348233535,9,1
3132,21,40,28.524029779615393,4755.256941929961,5,1
3133,41,15,51.37669762884384,7103.576330528407,1,0
3134,51,18,85.78472389213587,3406.2860637942713,1,1
3135,47,23,56.85200922260389,5384.569313039688,3,0
3136,35,62,74.91765392112188,4965.880861583071,7,1
3137,36,46,94.43049656751953,3078.640781150677,5,1
3138,48,39,60.84785311550485,4565.64253646314,7,0
3139,36,15,119.96948313711948,1760.675067801002,3,0
3140,66,53,49.794926023550246,4414.247343691981,2,0
3141,63,64,117.8248351872617,6410.753764873995,6,1
3142,36,63,40.3029665233114,6095.687379771004,6,0
3143,39,16,31.09317432642898,2927.840943475866,1,0
3144,41,70,95.08306250943679,985.4732056614193,0,0
3145,62,66,90.23096566511981,6419.546263814941,7,1
3146,29,13,101.11693472424643,2193.80880700673,2,1
3147,47,47,54.35904217333049,519.0457609753349,5,0
3148,55,9,113.08076538529836,3617.0243857064224,6,1
3149,48,63,31.948142837307884,5941.817183417726,7,0
3150,53,34,23.027710133112617,6487.0973898645825,5,1
3151,36,29,50.05638851119715,7859.396978853278,6,1
3152,65,37,99.73244634002505,1596.320703837976,4,0
3153,62,43,87.29823072736481,2420.979318638209,2,1
3154,53,64,63.62087642226231,4914.974937988028,1,0
3155,47,24,45.625361419433546,6509.615207216596,6,1
3156,66,71,25.92727867679772,1949.1926678156897,7,0
3157,50,34,53.750557844747256,3338.3241579526975,7,1
3158,35,48,66.00197677547496,3326.3652807746876,2,0
3159,69,12,88.70238380712053,6206.200191476737,1,0
3160,66,23,84.5971954946431,2003.364424863479,8,1
3161,45,13,114.73449029318779,7753.192582097829,5,1
3162,64,45,30.039591905286105,4132.664119820152,9,0
3163,28,65,53.63401228791364,2328.328009181981,2,0
3164,62,47,68.15780819368983,2345.844071776044,4,1
3165,50,58,87.06957938539892,244.56989496136683,0,0
3166,34,5,69.54516914414063,5570.204036974691,1,1
3167,23,5,111.27582319467386,6229.991591137223,8,1
3168,21,60,80.86723455998136,356.17940609714776,9,1
3169,37,21,23.966540969121525,4728.882859134531,9,1
3170,65,24,31.36559690661343,6275.214075386333,2,1
3171,64,18,95.34955614805585,3072.2963822889174,7,1
3172,44,21,91.57876963462942,3518.6585045520483,9,0
3173,32,54,35.349700182570515,2956.8367093059073,7,0
3174,23,10,25.890866106566605,2593.6406766751443,4,0
3175,64,24,77.87178554398686,3980.019616850174,7,1
3176,31,60,83.57388320267334,1412.195215052474,1,0
3177,28,57,33.52996375128349,3581.432681731686,1,0
3178,56,23,67.36193210408153,7540.418481750423,3,1
3179,26,22,50.583152911841296,316.4765725979847,7,1
3180,43,68,113.13056456368876,1401.4729852389273,1,1
3181,33,34,41.91998033894046,6243.848886106726,3,0
3182,22,70,93.32607259032996,1143.2510103183222,7,1
3183,69,28,71.81339133443376,2243.119106071689,2,1
3184,27,39,21.15210120260434,3693.2274999504107,7,0
3185,67,42,71.69985832126177,7550.981835364726,1,0
3186,20,23,29.947214991950148,1549.6593796981988,0,0
3187,30,70,85.90621958253116,7392.3682926341,5,1
3188,60,2,76.55235303815722,5776.343650431535,7,1
3189,66,24,21.042722733347457,5402.044802771059,8,0
3190,47,17,40.46928295829813,5815.985939995253,9,1
3191,62,65,97.62250528720227,346.84828985776585,7,1
3192,23,70,47.577261430202114,881.3120624492027,1,0
3193,34,69,69.92834011630532,2745.2480770478046,0,1
3194,62,60,51.199861440918376,684.3435118745534,6,1
3195,68,50,112.152685639754,7901.958705013834,6,1
3196,36,12,73.65770177834341,4685.256444346903,2,0
3197,59,47,89.61735148560209,3950.015002029574,5,0
3198,52,67,28.347610469710798,6305.543100702446,6,1
3199,63,65,24.033598753275214,7817.97773381472,8,0
3200,43,27,45.92281950671309,7645.52700066972,0,1
3201,68,48,50.913429225365405,6365.2125898306995,2,1
3202,22,62,88.76805411799019,3079.6764719909243,4,0
3203,46,44,76.91305027124413,621.079983465463,2,1
3204,54,19,57.45796069349853,877.1781240597412,7,1
3205,37,59,85.41174841780108,109.1034922772411,9,0
3206,66,8,36.35657473362871,115.0324614763616,5,0
3207,38,55,26.34896948147059,7497.732211574349,1,1
3208,27,47,105.45050923182005,7423.434056739243,0,1
3209,22,2,76.39461282688775,5373.675017667937,9,1
3210,53,39,84.90952736374213,5840.746121340389,4,0
3211,23,45,50.72422507495741,4154.3468075352985,8,0
3212,43,32,57.19549577376997,1978.9538230978262,9,0
3213,21,65,28.236744715297572,7323.641887959592,8,1
3214,56,38,105.69881878017735,2293.7625921388653,0,1
3215,56,11,79.24394500789349,5943.402961502113,2,1
3216,67,10,28.362766317994065,2038.9419093186493,5,1
3217,52,59,100.45295997250005,6974.172502588505,4,1
3218,18,55,64.41153695169746,5244.7915319613,3,0
3219,41,20,96.51013501700132,5177.290662398183,1,1
3220,53,17,21.2619862089148,869.2011702611675,3,1
3221,23,68,22.873969697212264,3413.8043350366925,4,0
3222,58,5,37.07829587821447,4246.777209641834,1,1
3223,63,60,41.09165561406798,2422.8866784477696,9,1
3224,61,23,96.39555303101378,7059.699433484379,0,0
3225,48,46,90.66941640165982,6717.592537938652,6,1
3226,37,52,81.60881191298282,3999.6052075059874,6,0
3227,41,10,108.48588964833388,2786.246500888508,7,0
3228,42,46,44.71487836563663,6432.183948844591,9,1
3229,53,28,110.44049039044482,1655.4424355757862,5,1
3230,38,43,110.94710692651825,664.9788892396989,0,1
3231,47,26,63.4259760186864,461.112839968387,7,0
3232,41,55,29.438620042016886,405.5977610942018,1,1
3233,61,48,92.6559908189525,3962.2203861144094,2,0
3234,59,29,53.692867264707914,2116.9777251849455,7,0
3235,47,27,99.49295174367307,5553.963458759385,3,0
3236,39,18,36.369028390380315,5265.743434919992,4,0
3237,45,60,73.95151135743653,4381.958056437797,8,1
3238,24,69,70.80737303182109,2887.4619232809073,6,1
3239,52,21,30.03144905696135,6818.604335387269,9,0
3240,45,24,56.33328256726585,5706.6517510704225,6,0
3241,31,3,28.475531344672802,2245.0563798501025,0,0
3242,27,62,66.47403095122475,4063.3404322767287,0,0
3243,33,2,104.29045586137929,1334.5425497116798,7,1
3244,33,66,47.02047633041317,2697.3326997050667,9,0
3245,48,42,96.48619871874375,7977.407444621916,0,0
3246,59,34,38.34274156124563,1868.3693401108483,9,1
3247,42,42,87.37349274906515,5616.588610173294,1,0
3248,30,20,111.55373999304496,1983.5073016385236,3,1
3249,23,68,52.39280815657698,7511.26285814591,8,0
3250,61,45,110.04116380886182,2550.0494754239035,6,0
3251,26,42,70.54209265263945,2838.8436897090032,6,1
3252,62,47,51.68051331656575,4791.492207222879,9,1
3253,53,5,109.65082351115315,4746.082991807984,6,1
3254,60,49,23.203726676972817,4674.70347939772,4,0
3255,37,37,22.801885127281047,4628.711880409302,0,0
3256,35,34,79.98296042063329,2566.2764603896485,4,1
3257,60,70,99.67507173302343,3531.8407643744795,7,0
3258,38,18,95.15463074381063,4788.124200813719,6,1
3259,21,19,27.94695033516055,5403.033976970215,6,1
3260,67,40,115.02511935335578,2099.7192068363993,1,1
3261,50,17,90.30635376375156,5641.6529874532325,0,1
3262,44,60,114.91120537277389,7393.88237588983,3,0
3263,24,42,52.909775897410206,6087.62885641593,7,1
3264,23,65,89.39391279828175,765.4391422995016,0,1
3265,32,53,105.99387467334853,3806.0971387111663,1,0
3266,35,7,58.04642231542933,3538.584300758688,6,0
3267,49,5,116.48599187685701,2758.376164944282,4,1
3268,28,24,46.4992791220541,3981.4291052337257,5,0
3269,37,28,51.56136260212207,3573.106809859042,7,1
3270,41,62,112.03285766270388,148.74676962214724,8,1
3271,32,17,116.96597465027033,1968.786696927352,7,1
3272,65,20,48.51957483051497,1788.8789477305436,0,0
3273,24,3,33.63900396428585,2859.1503758181166,3,0
3274,38,37,95.90554097105976,1478.2082596220098,4,1
3275,59,15,112.96652663004483,635.6314053209446,8,1
3276,43,51,80.07136437018747,1653.241554776601,5,1
3277,61,48,83.45189544062467,6848.075612713774,5,1
3278,31,8,96.29433341723002,6396.61079282978,2,0
3279,54,13,35.308481884140825,3592.559959663384,1,1
3280,38,48,117.34688964947394,7034.738768432231,1,1
3281,35,3,56.432938472859476,1938.0583831541928,6,1
3282,22,65,82.82404259422626,4715.252215473931,4,0
3283,20,31,66.86160204999929,1229.1065168166467,9,0
3284,40,26,66.8180979764845,6683.865447440179,0,0
3285,43,56,90.27443721197214,1131.5943041856349,4,1
3286,54,34,119.46622988722544,351.6952559297012,0,1
3287,41,9,85.90598504959515,2260.209417538743,8,1
3288,66,62,99.40591315727352,7217.3872058414845,7,1
3289,36,13,22.76160572622701,1122.7109472189015,3,1
3290,68,69,101.04273690648182,2712.295122694763,0,0
3291,42,41,49.997588176829716,2599.6784447963223,7,1
3292,38,1,32.67018450346649,6433.005565365439,4,1
3293,29,47,31.333408544770585,3430.0506582621942,0,1
3294,58,4,87.98748141696267,4931.379691955998,1,1
3295,50,63,119.761683604055,3294.625746079716,4,1
3296,67,52,86.61950983728997,4456.510419581265,8,1
3297,21,10,46.23481500667757,593.2817197377107,9,1
3298,59,28,40.33059710029397,3054.8325613070656,7,0
3299,24,6,72.59570992680406,6855.336118145635,9,1
3300,39,27,26.503929935070328,5559.43374913971,7,0
3301,50,12,59.93308329271872,7856.449448758298,8,0
3302,34,62,86.62349040057875,6324.564345271531,1,0
3303,41,52,116.76622758084842,3666.926747645015,6,1
3304,51,48,62.56534478156052,5442.615615826388,9,1
3305,45,67,40.02239404073066,6229.718037937484,4,0
3306,60,46,101.73624033727843,2230.5009133785948,2,1
3307,58,15,94.41995248606165,574.1413358631157,9,1
3308,56,71,105.97038882047438,3306.193417188532,7,1
3309,39,36,41.47187275428921,1242.9179806098705,1,0
3310,66,14,60.48321958498351,2290.204846123765,3,0
3311,34,3,118.15544377230376,7580.0794142456525,4,0
3312,51,67,35.80423197763735,6791.952486457896,4,1
3313,23,19,87.14508191554378,4780.464293084517,3,1
3314,63,54,43.7184461547264,3269.9279816057415,2,1
3315,23,69,70.01590062825443,2188.2098456420267,2,1
3316,51,10,100.0509645795688,4614.520409777467,4,1
3317,18,33,68.85860525558189,4311.965972415851,9,1
3318,27,13,100.548169331191,6268.168386214111,5,1
3319,38,51,62.63349054403459,7431.359491236052,0,1
3320,22,32,119.9352929870033,2698.60468050715,3,0
3321,19,24,63.58282342202101,1729.7471749786737,9,1
3322,39,35,34.93794786378264,3282.1169659710704,9,1
3323,65,70,60.18695156492489,3556.5762890643123,5,1
3324,19,40,94.25931846422301,414.9752869264633,1,0
3325,27,54,104.79377577586285,6907.40260437623,9,0
3326,51,44,66.01032991762624,7965.179475473213,4,0
3327,33,62,79.44768410584396,7393.348672421028,8,0
3328,65,68,104.48900678262903,6899.253337946591,2,0
3329,68,33,101.35461799983197,7941.542397330375,2,1
3330,56,56,85.77239053611328,7271.686612601601,8,1
3331,39,36,101.5027104250855,5538.104203872206,2,0
3332,29,54,77.59107583686371,1417.3775253001245,3,0
3333,41,19,20.464816892528063,1335.1659743612558,8,1
3334,64,43,24.12667844022232,485.3599978504864,3,0
3335,57,12,117.98083992381831,3353.4638507821696,4,1
3336,55,11,34.49920420027052,6489.710209011028,1,0
3337,27,70,60.451640882346275,3973.3379639113928,7,1
3338,52,12,113.3811275009968,2993.941475121501,8,0
3339,68,41,39.503948473304945,962.9633271701231,9,0
3340,66,25,104.37913444665007,508.85114181564654,3,1
3341,49,3,101.82675681595904,3253.5152330464975,2,1
3342,24,3,118.63296545513397,889.4105034514862,3,1
3343,38,28,48.168183364816834,918.030564630064,6,1
3344,37,23,51.53253553801459,3223.2525572681056,0,0
3345,43,48,110.28780010577864,4072.4633063714573,1,1
3346,21,67,43.407905920227954,1574.794807098669,9,1
3347,63,42,74.7900956987109,5508.621921457451,4,1
3348,69,40,90.73449591910563,3407.6668053942058,8,1
3349,39,6,47.18842452628857,826.1880481358569,5,0
3350,32,20,113.84129454447589,5132.56958404545,2,0
3351,57,11,86.56975480739203,2919.8640676915966,2,0
3352,38,27,24.713930826982505,513.3396689025031,6,0
3353,32,21,33.57375312609139,7589.054479370819,2,0
3354,39,13,39.07815700915636,4612.45596113479,9,1
3355,69,35,44.49573639934497,3873.990915342035,2,0
3356,45,47,93.06773700294364,6887.185419345294,9,1
3357,31,28,28.893524475546812,7500.249391578426,6,1
3358,44,21,55.05946722761345,1840.5427585130697,8,0
3359,58,18,111.13833233280016,6500.141563232714,8,1
3360,57,31,75.6667686337004,6665.5314215166945,2,1
3361,45,60,46.54965638385357,529.7820779530322,7,1
3362,43,37,115.70562964803099,5724.358509908355,0,1
3363,66,21,44.431589196868245,597.4462662166585,7,0
3364,19,14,110.50996212676428,4797.918646480216,1,1
3365,42,60,92.57696736145556,5386.970539395525,3,0
3366,20,23,94.05210369587861,2999.7636379726614,6,0
3367,25,29,96.49393184016161,7058.2212235954985,5,0
3368,61,47,70.65693120572092,6424.042485043031,8,0
3369,50,30,101.45787260026688,7415.081737609031,7,0
3370,59,38,103.61930977524904,2587.627260384756,1,1
3371,69,27,56.048672167611706,270.06962048830593,3,1
3372,52,15,60.03445182163753,6510.544009280661,0,0
3373,23,59,108.87567185390259,1861.5211123718818,6,1
3374,56,3,72.47292604295242,3790.5327204797395,3,1
3375,69,10,106.6943495941869,6556.837257725843,7,1
3376,40,17,82.67694617578073,1807.467911534797,1,1
3377,42,11,79.35677567490424,2564.0792260119574,7,1
3378,67,48,23.098095327786186,3568.731892068534,1,1
3379,60,5,47.78943978407498,2247.416316306984,7,1
3380,36,69,70.20576469023182,3744.439241722346,0,0
3381,22,64,78.73171721347009,175.8134915067608,1,0
3382,68,14,83.04345290007342,1776.2849847354855,4,1
3383,28,50,91.6222825011617,6677.171541337507,0,1
3384,29,26,85.62334322936319,3366.5074722527056,4,1
3385,27,69,104.85767073958004,5127.605565161323,4,0
3386,25,7,49.54703428875134,1935.074628320785,6,1
3387,41,16,84.15699856658924,5234.041449144462,1,1
3388,45,55,25.11595141962713,7999.793554405429,1,0
3389,58,56,68.0190077322028,4802.772351234759,5,0
3390,53,4,46.80329659518925,5064.032644871079,9,1
3391,54,48,58.08871482946961,981.0066132497801,2,0
3392,38,17,55.46627517649591,3286.713626161278,7,1
3393,25,36,26.043067715263774,6899.726698014828,2,0
3394,26,70,66.66458007513755,6690.748591900825,9,1
3395,64,38,119.46292879915534,4226.952971854443,3,1
3396,32,62,49.89360568364836,7237.2877829284025,6,0
3397,65,48,93.61459716682506,1229.2024438251724,0,1
3398,63,10,74.77883349204356,5299.696296826049,0,0
3399,57,36,52.52253005314737,2066.1802543673434,8,1
3400,35,29,28.960706039242115,5199.9351003313695,5,0
3401,59,4,41.585790076521235,790.4575439310468,4,1
3402,37,44,98.18535394902439,7554.511851329016,1,0
3403,23,56,47.90201774186454,6312.023112764892,1,1
3404,29,42,34.43024824118532,1687.5963626775372,6,1
3405,19,13,53.12983404606731,5134.484891719095,5,0
3406,24,46,78.40429522276902,6097.250560246022,7,1
3407,33,33,90.34631642899991,1754.621992451951,2,0
3408,20,21,58.736483696958004,837.3094309404191,2,0
3409,62,57,69.8147157078349,2879.060152156029,4,0
3410,20,69,65.49166920334615,1172.4592954423329,9,0
3411,44,70,20.90033499234269,4569.122470323411,3,0
3412,67,67,59.560047485584825,3450.5077856299786,7,1
3413,60,48,78.7319810172082,3753.152270997153,5,1
3414,57,33,76.99447164157611,4388.621470995538,7,0
3415,55,36,94.97675583342468,7858.211952946552,6,1
3416,50,33,87.03759104353388,6361.821764568761,1,1
3417,45,31,47.680679711615376,5072.824810364521,8,1
3418,18,21,45.564367155896264,2973.2743543867555,5,1
3419,25,27,66.41417980634341,313.8478897820245,5,0
3420,54,62,93.29696677216549,1020.5681246781387,1,0
3421,49,26,29.38273065759644,5873.851279261132,8,0
3422,65,66,114.83265830361624,3016.7110331111903,0,1
3423,60,12,74.31531237064317,2742.055743156894,5,1
3424,54,22,50.64083949335007,7122.929032867709,7,1
3425,21,17,89.3391230881426,3927.620235058792,1,0
3426,47,7,24.47258162431018,7206.658753563566,2,0
3427,23,68,68.43969157830628,7104.444232177378,9,0
3428,63,37,68.5969647463809,733.4322045449802,9,1
3429,36,38,36.19752849093503,7568.367529624932,6,0
3430,49,11,103.73878159418831,707.9435804997037,0,0
3431,26,1,99.68121186802541,7711.698310452981,4,1
3432,29,25,35.2732394453709,3675.6578490351835,5,1
3433,28,42,56.38272935633775,6110.799338461153,9,0
3434,63,52,30.042955663088794,5678.5405007998415,6,0
3435,33,24,104.86087568391967,4196.110297163776,9,1
3436,18,53,52.33201037486408,4993.693068801582,9,1
3437,62,56,63.93163078576527,7604.353633843638,6,1
3438,38,63,52.38719500205664,7426.076776239598,2,0
3439,47,8,51.0026016464951,5269.175797046786,6,1
3440,30,59,94.7302253748589,5295.977563582749,0,0
3441,51,45,94.75662341798231,2050.8156777955205,3,1
3442,21,27,71.77881704805695,6646.125608273178,6,1
3443,45,52,85.76169493263143,5097.566330716407,6,1
3444,55,18,71.16631973579567,6627.3654567876,3,0
3445,48,16,22.858920993971502,5297.034041275015,0,0
3446,44,66,26.60064331299325,2464.6282056497585,7,0
3447,22,5,58.37405695128313,1596.9030815734247,3,0
3448,42,3,94.97463586283942,708.0301693629281,1,1
3449,20,70,111.32262281343449,4729.3599648550025,3,1
3450,50,7,22.97083053467526,2344.0057243190067,7,0
3451,21,50,56.8030052686807,5081.025165267432,7,0
3452,42,14,42.37824361164109,563.3859145817951,4,1
3453,37,38,101.52052811654619,3067.738213544454,1,0
3454,51,47,104.5968144654641,2158.370401421227,6,1
3455,43,33,40.64088676918953,3025.639216208793,2,0
3456,22,43,91.08272534348721,528.8390950770378,5,0
3457,52,29,93.17560373014285,5821.033208784228,8,1
3458,45,57,37.705769678257035,1021.9089318294888,4,1
3459,46,5,63.36959170082358,213.78074815041074,8,1
3460,26,60,82.03378054437995,7575.683900975735,3,1
3461,69,70,22.606660693259887,1623.7234206838941,8,1
3462,55,2,60.45918330458827,6641.68425771914,0,0
3463,67,70,35.49582329476207,7719.317738081282,3,0
3464,23,43,74.18965011208873,4319.557476593219,0,0
3465,36,4,104.29175834609546,4256.333464375617,8,1
3466,61,56,72.47539386260372,3002.5962353689365,7,1
3467,28,59,23.598359620868397,3462.1994317256194,7,0
3468,19,9,22.965724559679117,3908.395635931387,6,0
3469,64,3,80.55031459041493,1301.5457893929708,8,0
3470,61,48,52.79815585256125,2981.4201191288375,2,1
3471,61,43,77.26665034718927,6547.256696614618,6,0
3472,26,1,36.36371089159876,1540.9451446936323,5,0
3473,38,57,97.68623528361118,5865.840650937511,4,0
3474,41,53,106.07197057335678,5247.534142118707,8,1
3475,51,16,108.92256020848936,552.652424733007,3,0
3476,39,51,50.40745888313513,277.18806065767546,2,1
3477,20,55,86.07353676247317,2884.9748543689575,2,1
3478,29,1,47.90423871302602,5568.145189341544,1,1
3479,45,28,96.27568208115785,2710.301626149226,0,0
3480,47,53,32.052500222632354,5375.0930747439015,2,0
3481,43,58,96.27648111211613,5357.1193299210545,7,0
3482,65,60,63.97286376635348,6471.781518731723,5,0
3483,38,59,105.55494904355281,885.9363561603736,1,0
3484,45,22,93.89308599861465,4659.318240380963,7,1
3485,43,8,57.65196406964849,593.7272446291845,4,0
3486,50,49,110.35391853604526,1489.9824081593686,3,0
3487,38,42,48.333713927531036,2671.457132563526,0,0
3488,52,27,116.69886314359233,5688.374999392781,0,1
3489,69,39,96.72033839556843,7793.636002532244,3,1
3490,51,25,119.06748512711893,2805.9144336486943,8,1
3491,58,38,25.390461639847754,4217.041434681205,9,0
3492,68,24,47.40360458771308,2146.5392038372397,9,1
3493,64,24,94.12642565144732,5436.368002815956,5,1
3494,35,60,112.22497012503753,2996.028356808527,0,0
3495,28,50,22.877081711945294,3904.6097701623926,7,0
3496,40,66,20.000929597558475,4585.721719219968,8,0
3497,65,14,45.62426292562478,5521.3144062674855,1,0
3498,39,53,105.27786766315614,574.4081241890507,5,1
3499,34,32,96.7153102143225,4483.71864091409,6,0
3500,22,48,54.0277462168857,3506.1963727340444,0,0
3501,61,39,20.201126434543575,1156.7441831893702,4,0
3502,28,40,75.47057409537271,1743.4896798177574,4,1
3503,47,42,43.795547145095085,7082.731719691086,2,0
3504,32,8,94.56089284998436,6987.030471891871,1,0
3505,44,26,64.63496643826261,363.30900994703154,0,1
3506,52,12,87.86019230476671,5546.271780766393,5,0
3507,50,43,105.23088298882902,4478.079773785098,6,1
3508,37,51,73.57597995185033,7524.545160863264,1,1
3509,33,63,53.59555407282924,7273.245117077085,1,0
3510,51,49,96.9543546015249,4678.53911153366,4,1
3511,19,27,46.51872397711779,1197.7438784161786,4,1
3512,52,9,109.15188161064341,3732.5386869874715,2,1
3513,57,39,27.142764673293577,5828.7984987391455,2,0
3514,45,65,103.54686411085447,7618.719417209984,0,0
3515,64,71,29.155572727095105,2974.2523054454027,2,1
3516,56,71,25.613698040981575,6298.90466003306,8,1
3517,23,7,56.32569373481609,5498.3919509256175,1,0
3518,26,67,115.6549354474828,718.5129394238708,0,0
3519,37,10,118.34860541916022,4508.017117261675,8,1
3520,18,71,40.20705009661593,1549.7197849611482,4,0
3521,25,53,34.86375556620661,5500.039408204339,7,0
3522,40,57,55.295333155477756,4919.67029083105,3,0
3523,20,27,53.708684088107375,7787.079923907281,7,1
3524,21,54,95.95928827379745,7489.523054485995,4,1
3525,42,4,64.39990207467261,174.0453854311614,5,1
3526,64,23,97.98835857345134,732.232498356427,5,1
3527,55,48,94.87130970250459,6176.161060293533,5,1
3528,32,42,77.83104301259233,5516.5802765110075,1,0
3529,38,3,103.35120997416551,6427.470228283442,9,1
3530,52,3,39.56477465527071,2207.8378890797567,9,1
3531,63,28,36.18104956605133,6809.649873223565,8,1
3532,69,63,95.06502585026682,3595.1138287062736,6,0
3533,31,31,44.47970621552955,2169.0770289280895,2,1
3534,53,10,20.279438382038467,183.80120592064964,1,0
3535,29,49,111.19601686445381,6983.775875074791,3,1
3536,34,21,82.29370580330628,4329.216408997362,7,0
3537,56,53,64.49376980079407,7805.518461640742,8,0
3538,26,54,92.57365100090378,5745.98297758135,9,1
3539,52,57,53.33317331152858,735.2954335692507,1,1
3540,30,20,115.36660570954177,4746.710372576925,5,1
3541,32,49,26.86202889474109,235.28386460444523,7,1
3542,35,7,84.0948190662361,4506.476648282164,2,0
3543,68,29,97.72894828612735,2866.5931384827377,8,1
3544,50,48,66.91259078935094,5182.037094278248,3,1
3545,23,13,95.49683550660359,4378.436229345539,4,1
3546,44,3,112.69103978785694,2164.667554974458,6,1
3547,40,2,94.39939006792845,1382.5698119360095,4,1
3548,44,16,50.93668671363111,3297.2207420998216,3,0
3549,51,6,76.18463747192025,7896.006887311876,3,0
3550,63,45,111.16035178596232,3542.019260339246,4,0
3551,55,71,64.90977254824926,6015.4183887961035,2,1
3552,31,5,88.16984949157148,550.0908522824287,8,1
3553,53,56,66.55147251288724,3093.0395388974885,1,0
3554,25,71,32.134415694036214,4684.55199387213,6,1
3555,52,32,25.85976358762752,6034.452455295009,3,1
3556,36,49,115.22739596286873,4274.230892804774,7,0
3557,47,13,81.25417734210956,4170.834811826172,6,1
3558,31,30,30.381491312249157,6134.8646095176355,7,0
3559,37,25,105.7438558469838,2574.972966819312,3,0
3560,66,60,72.26931365108133,815.823114884001,1,0
3561,42,59,97.19321122398732,2842.488721037505,6,1
3562,57,28,32.675619562541506,1356.0702600505338,8,1
3563,41,58,110.69104318295861,7730.959212654123,5,1
3564,31,20,79.05354396820256,4662.341225065864,6,1
3565,43,34,93.8260680749041,3628.143407488187,5,0
3566,55,5,23.137968801685297,7305.209837436882,1,1
3567,40,60,51.53049001990031,7212.854960200116,8,1
3568,39,43,46.744541439541166,3384.008504686256,4,1
3569,65,57,114.95949952878708,7010.346161773501,2,0
3570,36,57,38.533856888033604,605.8048718297972,3,0
3571,63,54,90.70517267140926,7097.18124812712,3,0
3572,68,45,24.275353774929304,2553.60987558791,8,0
3573,20,37,39.768408569423855,4564.466046290908,4,1
3574,59,48,53.859735425435275,2230.539807851889,1,0
3575,36,54,99.45058478747417,7879.916501637781,5,0
3576,26,48,98.99765800618003,667.0618683566137,6,1
3577,45,6,115.26018617431619,3630.9467655671438,7,1
3578,37,34,111.67675026668847,5005.806423185134,4,0
3579,62,63,28.151459504501634,4963.336793464595,7,0
3580,24,48,102.98677221446958,5936.1912791422665,7,0
3581,31,23,65.11735795400168,5822.88107794414,3,1
3582,26,13,106.58860907297334,6365.827371082398,6,1
3583,36,47,28.928625153113057,1950.8705349685638,8,1
3584,64,44,102.27691015073356,3027.001297874967,9,1
3585,69,32,35.96425190007743,3118.0616162441543,3,0
3586,31,26,53.38416300693422,7651.133321190122,8,1
3587,55,53,22.884840029002167,3333.5636709731452,3,1
3588,53,14,32.37280881871386,1852.7667645669476,0,0
3589,57,52,64.57258854123826,5095.52096849483,3,0
3590,34,36,101.83383356344703,3475.408627119303,1,1
3591,47,8,97.36697713650497,2075.6324986144114,5,1
3592,26,40,43.52977617763132,5749.570248219789,7,1
3593,50,22,35.1690449069281,1616.2097645170547,5,0
3594,69,16,58.92634629817701,5103.496921208853,8,1
3595,42,60,108.32683472128848,3501.192606922909,5,1
3596,31,60,29.142507416300315,2621.42059821231,6,0
3597,28,10,74.29140103443503,7573.259913149679,4,1
3598,52,25,28.88074794030419,2662.819311736761,7,1
3599,58,31,67.0212121164239,2845.3082557847492,1,0
3600,31,21,32.67915121609823,6978.04307665205,1,0
3601,47,33,28.03369349993648,1119.4425667163964,7,0
3602,58,31,39.08493330635848,953.7431222038823,5,1
3603,21,21,45.52560193687662,2333.3914942675697,1,1
3604,21,36,47.62653791314248,4773.923793868233,5,1
3605,45,65,84.52679472473328,3135.97126487009,7,1
3606,25,4,25.498187562288127,4907.580398601834,5,0
3607,19,68,28.080905990536415,1362.0299852510338,8,0
3608,58,4,38.87061614792671,2165.4617052620415,5,0
3609,63,9,107.20630691814219,4564.782437118526,2,1
3610,39,30,82.86049260632328,1815.4786978439856,8,1
3611,58,45,93.03696591879556,3440.156580874515,9,1
3612,33,4,57.036215555765914,4623.918228234348,4,0
3613,46,69,41.32203490700009,7791.842128019224,5,0
3614,66,23,23.79613609629128,731.1045972329862,3,1
3615,65,16,68.85356199718922,3737.270430710149,2,1
3616,47,22,77.42809642273129,3230.5405898628337,9,0
3617,29,48,109.70027943777119,6611.505870664306,4,1
3618,52,62,108.20929787489939,7212.347240324631,2,0
3619,28,60,62.4685158472255,7265.404031397783,1,0
3620,63,5,62.35779290034621,3063.6005730285906,5,1
3621,67,7,36.11228967158337,2506.775660474308,7,1
3622,38,51,45.744898784259085,3648.184278595169,2,0
3623,38,65,112.56635763208915,2817.491817177244,5,1
3624,22,9,34.10360109352021,5778.922746488729,8,1
3625,65,45,116.86995467436516,1787.211284173702,0,1
3626,37,47,70.47385502151964,5303.604264183662,2,1
3627,54,67,65.6606774766831,7423.201511525557,1,1
3628,20,24,37.463838068635454,2311.3172005992683,7,1
3629,61,10,86.15412504824808,5447.435871051712,8,1
3630,50,48,65.98455183622478,1234.1328603032887,9,0
3631,26,35,57.06630679132212,1058.933142568347,5,0
3632,26,54,46.451621858529194,1013.5913767124414,2,0
3633,21,71,26.648680301487197,1194.3725417782562,9,0
3634,52,16,71.93281165510957,1807.7024754445918,7,1
3635,34,53,51.29083330586367,4546.360915254175,9,0
3636,51,40,90.78652030027722,6159.186624062746,6,0
3637,41,20,92.35223567491525,1102.1704873162346,1,1
3638,49,69,53.210701153779645,6973.118030666725,6,0
3639,18,45,86.91206835667609,6757.458646998785,0,0
3640,25,6,45.86752402794943,5846.365409372843,7,1
3641,62,69,92.71737262421529,3465.129815745637,4,0
3642,40,49,21.6077145545222,112.30215512165408,8,0
3643,64,39,35.160876698531276,5904.643036272345,2,0
3644,57,2,44.50086619074362,7043.990542943871,6,1
3645,29,39,97.29354869865064,2748.7623717577094,7,1
3646,29,21,26.637625308440853,5772.101733646838,0,0
3647,63,40,38.805714371553094,590.1761534541255,5,0
3648,64,54,55.86241055051941,5705.009484625977,1,0
3649,32,12,20.91749941529109,639.6373147062551,7,0
3650,58,37,96.21209753744085,4738.772053520588,5,1
3651,36,38,76.01051496721345,4820.67095857282,2,1
3652,43,15,110.06793870200173,2487.036779948174,3,0
3653,69,7,23.103103254494542,725.069543906179,6,1
3654,46,50,47.139068376632025,7599.744720228254,8,1
3655,39,65,93.12516574367022,4331.061491731244,9,1
3656,57,67,87.51494194489744,4680.089188478514,1,0
3657,38,44,44.30574406047079,4958.665023340742,8,1
3658,68,31,79.56877349680622,7139.278622716625,5,1
3659,55,43,99.37576531077536,576.0195919193849,1,1
3660,37,48,23.338070333461474,7156.973366035009,7,0
3661,46,61,91.76283968694148,1993.4444180290654,3,0
3662,68,10,45.209706511397556,715.8069718111448,7,0
3663,21,29,114.78512885341324,5292.400231837518,6,1
3664,24,48,73.82202213611083,7818.107589627801,6,0
3665,45,62,23.33861826312811,552.2123238221076,6,0
3666,45,13,60.343061878255526,3466.362362495191,1,0
3667,21,44,116.63118582194858,4285.297750215907,7,0
3668,39,47,93.03729932442135,2091.739816417572,1,1
3669,29,64,50.04790036864622,7864.689978308447,2,1
3670,62,53,77.52672943138663,5163.609395370237,9,0
3671,20,44,79.91013556195962,6770.37031548902,6,1
3672,39,28,22.334816078321023,3384.6436875765376,6,0
3673,61,2,37.8833361249222,2896.25150844406,6,1
3674,19,57,75.17769383122278,4469.947369560628,3,1
3675,41,57,60.275255849068905,3538.6996967504538,4,1
3676,51,34,39.00378145201608,5748.089635580676,6,1
3677,44,58,97.26687348641698,2199.962912673178,7,0
3678,58,52,68.89948806787626,3651.769145629957,2,1
3679,18,29,50.997314236684915,7171.5487036230725,5,0
3680,25,35,36.1677346415746,6073.252412712302,8,1
3681,40,48,81.11633627916308,1427.7543036413658,9,0
3682,55,33,86.62613026613708,7106.23215219362,4,0
3683,23,9,86.95972165770952,4753.2310645169855,3,1
3684,39,48,42.02873602887028,5466.368747852617,8,0
3685,42,67,79.53384072223521,2424.626870209202,3,0
3686,35,36,110.54064648584274,3588.199682721694,2,1
3687,34,71,55.31876007629875,6473.8185833593825,6,1
3688,29,44,41.07669326418441,2712.3421282291383,4,0
3689,23,60,97.2149516020762,1403.986762530527,0,1
3690,43,63,37.68829401594514,3088.6088125694964,7,0
3691,44,5,45.37487203948919,646.827472534166,0,0
3692,25,40,30.06443943119625,5771.0660220309655,8,0
3693,36,19,46.78743160746693,1267.1926793161626,0,0
3694,59,47,61.03350662149784,2352.4946657806736,3,1
3695,18,65,26.415786194299113,7060.539943875748,9,1
3696,46,67,107.17089108973005,4369.931497858492,3,0
3697,62,18,71.36747922166856,2638.5736807121575,8,1
3698,66,50,78.81036318885305,4426.568431117597,0,0
3699,52,30,57.12857564334544,1824.3935110919263,9,1
3700,57,66,86.98352295539118,298.86772467432013,8,0
3701,31,5,63.178173585103075,4869.486583814044,3,0
3702,52,42,96.1313774539245,5741.594868999361,6,1
3703,65,5,102.14021435154072,7050.275947023239,8,1
3704,62,50,87.18491118865228,6197.878552411317,6,1
3705,37,58,69.13356191742305,7420.7538339145685,1,1
3706,66,8,98.22693506022277,7889.0324567886755,5,1
3707,30,31,69.4285311404849,5984.990037191806,5,1
3708,55,12,31.150990436956874,6956.59407655964,2,0
3709,66,21,31.63402232441062,5422.478875502659,3,1
3710,63,62,114.85831396330012,1450.408550545326,5,1
3711,66,33,41.356300845787615,1535.4491679460511,5,0
3712,25,26,101.59249910219764,971.0497048905787,0,1
3713,60,40,44.67054072750285,7549.500287948837,9,0
3714,37,65,63.07800938568164,5414.738412931103,7,0
3715,50,59,85.4948112098144,6340.287028677644,8,1
3716,43,15,35.886717289590415,2716.142960912477,1,0
3717,56,1,93.72464883638776,3737.3315096063866,3,0
3718,38,11,88.99129725565383,414.25830150987315,5,1
3719,66,55,74.3082889105783,7123.158463437269,1,0
3720,59,2,76.58897560424325,6838.727092351704,6,0
3721,60,65,30.57717935215904,6300.009545427924,5,0
3722,58,44,63.59491504351223,560.5863346814128,7,1
3723,26,16,28.65713953576246,1476.5729110617265,6,1
3724,41,22,50.786329103351065,2739.9481962602454,9,1
3725,54,18,110.03121410906336,2178.1951351992066,0,0
3726,66,47,77.4533400554792,6723.832724395443,9,0
3727,58,30,94.27034381526816,1639.2024897848976,9,1
3728,34,10,77.38858673758924,4303.783276177898,4,1
3729,41,58,39.42367580066491,4613.910672772567,5,1
3730,38,62,79.48083157798915,3457.5935925840445,6,0
3731,68,6,95.53880773055249,2001.4346606706279,3,1
3732,56,67,33.84050028670275,7686.324897960939,8,0
3733,58,41,101.69067100945848,3365.8540139252777,0,0
3734,56,43,75.53921789782959,5845.748964739652,2,0
3735,30,18,20.42752021687813,1553.9672524842083,9,0
3736,28,58,71.97784863379769,6600.208231436203,1,0
3737,63,60,59.56714921368296,1805.5454035459672,1,0
3738,36,27,49.64465112899875,5434.922326226907,0,0
3739,28,68,97.12572199178751,4101.318411632922,2,0
3740,30,22,109.94998836588509,1257.8014137532691,9,1
3741,63,24,96.26530893451103,297.09864963301044,4,0
3742,62,40,104.67725815908732,7452.911296516266,5,1
3743,18,66,110.87809432111732,1092.955057159865,7,0
3744,57,40,111.26293113764777,5669.116286626628,3,1
3745,61,6,31.463814299675747,5256.211175681175,0,1
3746,36,18,65.63854888871614,2799.588335343359,8,1
3747,29,30,20.028647439291028,1564.5249064823554,2,1
3748,25,21,70.64625847036726,1508.793170697777,7,1
3749,25,62,112.42439343437908,4724.090039096888,3,0
3750,62,10,39.91022903981734,4420.678227529959,2,1
3751,29,13,83.97866287665796,7019.886660766833,2,0
3752,65,9,84.43790464178937,5156.024319454296,3,0
3753,50,68,36.035398468777295,6572.272311036145,3,0
3754,62,39,43.85274393174603,356.06319337560933,6,1
3755,43,24,66.20217839602411,5400.8458615259015,1,0
3756,56,34,38.82093764543454,1946.2982435940057,7,1
3757,45,61,78.49939785245091,2097.42778372911,1,0
3758,22,41,68.4541731022269,5792.554579805794,0,0
3759,25,5,71.91981785123731,6368.120374717033,7,0
3760,42,50,33.44675528205552,3036.710253594566,3,0
3761,44,4,71.72518254386435,6341.606853259619,5,0
3762,63,51,24.94781910541393,3605.5829352836095,0,0
3763,40,52,108.15352980116816,6875.398252126008,2,0
3764,47,39,54.32496908055924,296.7398002108818,6,0
3765,62,8,105.63373248357074,759.61105943732,6,1
3766,64,45,90.16563687448438,6233.179277414684,7,1
3767,40,28,96.6172589297181,5030.308059859625,1,1
3768,66,27,51.45444945389227,4516.260003720595,6,1
3769,64,65,42.77439398340552,4950.43257797473,3,0
3770,37,34,60.67405538411148,7448.505956634991,5,1
3771,35,62,22.422586241279934,5278.742548360723,3,0
3772,35,62,111.87556768683494,5215.061321612704,8,0
3773,19,38,58.70142659661246,6099.819949679199,0,0
3774,21,26,118.8556604843565,6946.303574554631,0,0
3775,47,24,96.14494208074129,2169.108578083004,4,0
3776,50,39,28.05150097993105,4972.315987943101,4,0
3777,53,21,86.0188277842576,4713.402212064554,7,1
3778,35,47,47.08391648379551,1165.310903836906,6,1
3779,54,48,44.371864558138014,4210.504093894625,2,0
3780,36,13,45.656266990321285,649.4490664496764,7,0
3781,64,3,111.6075048692817,1561.1807404784831,3,1
3782,45,32,69.99801760713748,7312.408347153625,2,0
3783,57,35,86.94708988116058,1042.0211341845136,1,0
3784,37,19,48.094782579970065,4673.438768789676,8,0
3785,66,14,72.29544551851181,2655.4974983452817,6,1
3786,50,48,55.01001382111898,4486.974996740239,4,0
3787,29,68,52.113904039640076,1956.2909853739845,8,0
3788,68,45,44.69688479702123,3610.597691953515,2,0
3789,32,19,60.900689849340054,6951.934121871259,5,1
3790,58,64,86.00301106300229,3072.114124772915,7,0
3791,56,66,42.2043776067109,2888.9444102073917,8,0
3792,19,66,116.54439868773501,3624.3328262303557,3,1
3793,46,45,32.46116764636667,893.8934695300906,0,0
3794,58,67,68.02072077214363,3160.041494245634,7,1
3795,27,69,28.50282163553494,154.511979962508,9,0
3796,19,3,22.266532106900996,4076.8374466767195,2,1
3797,68,38,112.26773196983635,6798.734525296292,5,0
3798,28,42,101.0384793950634,4461.377521186292,3,1
3799,30,40,89.41553731255583,4901.028907827554,5,0
3800,27,50,106.51908131499447,341.4506329521544,2,1
3801,31,35,100.28484229697285,6890.168342916994,6,0
3802,35,24,84.72377209863922,3141.5280671220426,1,0
3803,68,17,104.73423257683692,7801.336176792983,4,1
3804,26,40,59.080055346010525,1051.676419289054,2,1
3805,56,66,75.2751833235126,7562.907889803378,4,0
3806,45,44,97.63106529786457,5110.898160056951,2,0
3807,20,23,28.479801624634664,513.4883722956935,8,1
3808,37,6,105.86454671624838,7776.422714910177,7,1
3809,23,66,35.6830455696605,209.59723834758657,1,0
3810,44,21,106.45412528975392,5872.53133265883,7,0
3811,19,35,51.1332871632927,7127.286592265948,7,1
3812,46,29,52.67828459692185,1488.9112784182432,9,0
3813,55,7,27.394868986970128,2812.521806512687,2,0
3814,20,53,108.58996238957495,4533.711790256995,9,1
3815,33,37,37.45104023908696,5470.4933581752075,4,0
3816,47,23,83.00499020370152,6987.819355577295,1,1
3817,57,8,84.39675992535223,6112.4567199386165,9,1
3818,19,48,48.11515034146459,2970.316036169608,5,1
3819,34,10,118.56609574568044,6591.58651311468,1,1
3820,58,24,26.41662181110849,7732.0060965874045,3,0
3821,29,47,80.78720109915183,1893.1908318089247,2,1
3822,52,53,67.9543927457189,685.3551882899923,0,0
3823,60,39,44.54841071472747,3470.295882340978,7,1
3824,18,67,36.35517113229464,7063.037121264652,7,1
3825,62,66,93.70843581589864,1287.3028885456383,0,0
3826,32,6,111.63148744811865,7097.805684267879,5,1
3827,43,21,30.754626195472238,7938.482887515716,0,0
3828,54,36,39.39802121060055,526.6176239769353,8,1
3829,38,3,118.62697472955654,4012.525353458323,0,1
3830,66,42,21.502267423787462,2698.195408234677,2,1
3831,48,45,70.82519696529233,3210.0708539573566,8,1
3832,42,44,71.61128500818143,3667.9145435358378,0,0
3833,40,33,46.31615251457738,5943.661255964399,1,0
3834,41,60,86.30288804436609,4771.267655052293,3,1
3835,55,70,114.49409064270137,7693.488596912564,6,1
3836,45,26,65.02139309565771,2728.840333992319,7,1
3837,38,21,94.94195054011905,4377.882251613668,0,0
3838,60,2,84.60702592714583,6525.295394376207,0,0
3839,35,47,67.29418635417149,3046.924494250073,4,1
3840,53,30,24.981229980320467,3775.863684826186,7,0
3841,52,27,94.17498049572752,5511.298966213291,0,0
3842,62,71,56.3251447121463,6899.879326974021,2,0
3843,26,20,42.44946884024209,3383.883616348247,5,1
3844,55,50,114.82686497881704,4302.408729959247,0,1
3845,47,23,97.35027695471621,7803.466053797628,2,0
3846,61,13,116.22686816769365,435.50637938133167,0,1
3847,51,4,45.621693216559,3641.006861610402,3,1
3848,49,14,103.57933275778873,5124.2566239206835,8,0
3849,20,20,80.77214042619691,166.5769147407887,4,0
3850,20,13,118.15036893032196,4814.613362374675,2,0
3851,45,3,114.63169456136573,543.9796418377709,9,1
3852,61,47,117.29680449427023,6874.711333520649,6,0
3853,32,3,115.17676183399419,6475.980154517671,5,1
3854,58,1,20.7660866890439,354.8155807089105,8,1
3855,40,24,94.10854101506894,485.55179400327114,3,0
3856,57,35,47.19345612096418,6053.550059336659,3,1
3857,28,14,90.5027095552528,3019.4046513686517,8,1
3858,65,67,118.06112012539087,4642.703724712766,1,0
3859,49,13,23.935939069875882,2235.5933311465333,9,0
3860,53,47,76.69878324393505,1466.4541212223878,1,0
3861,50,50,93.49531581167693,2439.009228625736,8,0
3862,41,26,45.33587822148069,2049.0382317695057,6,0
3863,56,3,42.51219370671424,3641.6287620907415,4,1
3864,51,51,26.0345505401881,5998.741705772721,4,0
3865,45,40,29.39198571680756,4477.622322622958,8,1
3866,54,68,85.67499108483615,4912.508632723776,9,0
3867,24,36,70.52106190319509,3813.6209120188655,4,0
3868,21,51,23.007222748194593,2665.3957576022485,8,0
3869,54,1,116.96617587527658,1233.7197203478545,7,1
3870,18,33,85.60458694888051,2901.0671270006073,5,0
3871,18,7,71.54685690160083,5355.069068089534,4,0
3872,64,52,47.27242366264233,5896.841641098182,4,1
3873,37,11,85.80988848075032,3806.534196874887,4,0
3874,36,27,56.416786288271275,5195.478469206061,0,1
3875,46,14,90.24941626624896,1763.2745468855928,4,1
3876,27,46,88.25719203067642,6894.523933719255,2,1
3877,35,10,29.274379512412935,6940.897960343755,5,0
3878,45,24,110.92607083109917,2630.5906254529505,8,0
3879,52,61,68.69742516016812,4426.926690429925,2,0
3880,60,18,59.29449389665539,4892.630024480231,0,0
3881,64,9,115.54621436287786,3832.1973063986557,7,1
3882,48,17,63.82092811112116,7298.023013106518,8,1
3883,44,58,92.12209169030645,5943.763879666139,9,0
3884,28,13,85.51364772498361,5412.832891608988,3,1
3885,66,50,36.514009808305666,4208.736450132087,9,1
3886,66,6,119.1142773743137,770.2939065160645,4,1
3887,55,51,66.36043222908867,951.788883198763,2,1
3888,22,36,59.47825724173085,2462.170011727752,7,1
3889,25,71,111.96134927532302,1771.025920114416,2,0
3890,51,25,72.923833657711,7624.994678073155,3,0
3891,65,11,90.50769619293123,3337.5188973486834,9,0
3892,69,44,104.62460472620108,7025.18296540414,6,1
3893,29,14,43.54943957245184,6562.829500963229,1,0
3894,55,29,36.94665851945295,6519.30515462305,0,1
3895,18,50,26.850680559100596,1804.0894486601271,3,0
3896,48,5,109.71332992460653,3633.842322706442,7,1
3897,21,69,40.036709474314875,2611.820734012402,0,0
3898,66,57,50.775404406439385,7766.2469303274665,9,0
3899,62,26,48.58069260789511,7026.279980235793,2,1
3900,67,6,50.45879875223949,2074.396921687435,3,0
3901,22,16,86.80611268287184,2576.810850400276,3,1
3902,47,60,115.41135587405383,4278.382976864814,2,0
3903,41,12,52.94534359575404,2300.9857025379233,2,1
3904,20,3,60.764715465869685,6613.786736036599,6,0
3905,28,63,97.11469841086111,6571.927095448009,7,1
3906,62,64,63.23379441876859,5822.289458851196,9,1
3907,21,62,112.60427679260475,5545.5506175727405,3,0
3908,43,6,70.32180507452165,4423.681909210038,7,0
3909,44,19,54.77348557636154,2842.1868311557064,7,0
3910,63,18,117.15724837342697,6711.813776908615,5,0
3911,60,43,62.57818760641799,6884.774152889002,0,0
3912,44,3,43.117487118804256,491.1248040269225,6,0
3913,59,38,37.770081478953294,3249.0933700002265,6,0
3914,68,68,119.51813258283256,310.3578855567736,4,1
3915,67,44,95.29876931288491,6731.871418127114,5,0
3916,23,63,60.865979745518075,1499.0366475241306,8,0
3917,32,42,102.63633428521901,5423.547442050609,2,0
3918,47,64,74.68061295144851,2923.268959785523,3,1
3919,59,54,51.738957363327245,6546.917080534104,8,0
3920,54,71,94.33858087359594,4126.52651200474,9,0
3921,54,37,94.58947388831518,2662.7752031672985,1,1
3922,59,4,70.0169229184135,2658.5782712808495,8,0
3923,54,2,24.515834035549638,2682.725215130465,4,1
3924,52,44,27.702248657366763,6329.775813662493,2,0
3925,40,67,98.87494790012713,5717.8132307307205,7,1
3926,23,68,102.34763759882132,2621.7914480376107,8,1
3927,21,62,87.82897485771822,3972.643902654464,0,0
3928,35,1,103.9068575417683,701.6117456816705,4,1
3929,26,17,91.9487470357612,6637.252120039443,8,1
3930,66,16,109.6934620508916,2201.042994605593,1,0
3931,46,9,35.03982726132803,7124.878620525705,0,0
3932,30,53,58.77415283268735,4814.693874802116,7,0
3933,64,59,66.41107938908192,4585.779281506735,5,0
3934,69,9,49.76637947582136,1385.4780642823503,1,0
3935,34,12,92.53664481494441,649.3293407611299,2,0
3936,62,41,111.24388126891402,4465.6709897564315,4,0
3937,49,15,61.24821992692763,3797.1140737162696,0,0
3938,65,66,114.15419645979665,1045.4959652603748,1,1
3939,39,11,71.67689071440566,6701.143007893675,0,1
3940,21,8,72.25156268160511,3396.1969414881487,6,0
3941,22,55,80.02195406777565,2157.6166230880067,6,1
3942,54,6,46.833106511932534,6327.349535856468,9,1
3943,58,53,58.3360519135037,7313.2068385378025,4,1
3944,66,20,75.32374528854946,2517.1053551934174,9,1
3945,30,39,114.19828855732617,6230.004094673013,5,0
3946,51,34,84.26925784552185,5254.905290367256,2,0
3947,62,57,53.31165578887095,7918.8494916573245,1,0
3948,39,19,21.046857331650266,1711.5423885486975,9,1
3949,40,71,118.16656499299057,7689.36405660099,8,1
3950,68,31,69.29845578183955,2590.6492480081283,1,0
3951,20,40,113.8495158330771,3354.438954760681,0,0
3952,59,14,74.93452338350528,2934.723931749725,8,1
3953,51,37,80.54648602222888,2220.7605069981696,7,1
3954,49,44,91.19122559039721,5576.458393299319,7,0
3955,62,9,52.09757336644056,4754.248033734172,6,0
3956,68,58,89.89839606750346,2514.966370967562,8,1
3957,66,20,72.67919098513836,1144.4784064943826,2,0
3958,38,50,87.24799495825067,2607.2675380923333,7,1
3959,63,20,103.583326090984,3111.7273623024134,0,1
3960,61,36,38.4229130271984,3107.1622006564535,0,0
3961,38,27,81.35509103357597,2922.3503167244644,5,1
3962,61,32,25.211132860983657,484.9077991627815,7,1
3963,28,1,30.211508894903687,3765.861552421984,7,1
3964,56,17,87.4594235735587,6706.043968237926,9,0
3965,21,9,27.093765180831944,1524.893705682296,0,0
3966,68,45,79.53577798139739,1250.6930130768767,0,0
3967,18,66,42.00125986513854,3827.6233364340083,8,0
3968,45,32,50.4084828511748,3027.7637959850904,8,1
3969,41,45,32.96365021474264,4534.117061637052,6,0
3970,52,9,44.86674861728393,7581.887046337615,0,1
3971,30,30,102.1291784819328,6111.001377629157,9,1
3972,64,38,83.88784056065275,5527.759410132253,1,0
3973,51,60,114.97597947128547,3385.9018607100616,7,0
3974,28,1,24.874485535375527,2370.1427074149155,7,1
3975,53,5,99.24119971840686,4368.086416037459,4,1
3976,68,63,89.90771832794246,7095.003868524131,1,0
3977,34,36,46.089230519753606,7026.265833039835,2,0
3978,52,65,92.91667028105844,3619.5680951188156,4,0
3979,35,24,91.65485499146203,2045.140790568639,2,1
3980,57,4,65.93452030587439,1880.2211569819178,9,0
3981,39,68,88.8639618853709,368.50849239906626,0,1
3982,41,25,64.45809030150653,6757.047545737977,5,1
3983,36,7,53.55455960578722,2192.220467282975,4,1
3984,54,13,66.64909603369162,2936.0932139487168,2,1
3985,56,68,109.51294814927913,6492.807513379109,8,0
3986,38,43,58.45837928602182,1048.1900090059924,9,1
3987,25,57,60.368817745666384,3743.7492226329655,7,1
3988,45,36,80.84032276220502,1066.4969013785296,6,1
3989,22,14,95.29994754336214,3590.603699139464,1,0
3990,34,27,93.46208603111565,472.40263166698895,9,1
3991,54,37,21.979873011815727,4189.220325506295,4,1
3992,53,71,88.74153330188531,6386.106780663971,4,0
3993,36,25,65.05540480989268,5442.7437308500885,5,0
3994,44,67,72.40899675544574,4122.435175661464,5,0
3995,51,4,76.16633369429792,6647.193825978327,2,0
3996,28,16,93.17196171082654,1899.5250021776249,3,1
3997,62,19,103.1332983608313,6663.290651375802,0,1
3998,64,29,84.62609446322361,2283.271488746591,0,0
3999,29,51,76.39072208060011,2963.6420954860187,4,0
4000,38,18,57.376925481270185,1114.5985931178905,3,1
4001,28,58,33.787821923194755,903.8625752615291,6,0
4002,56,44,115.8577681644864,7463.680998406082,6,0
4003,45,16,66.18422923253075,1600.828152761321,3,0
4004,22,65,76.62122444973933,2733.0396249893865,9,1
4005,34,2,95.10731394364171,4280.298421704472,1,1
4006,37,56,26.841048497982914,2848.150347564715,9,0
4007,58,28,105.50110090037315,6974.0529386923545,3,1
4008,63,65,99.70257433424074,7215.6466312295015,7,1
4009,29,5,97.44285819098411,2675.324613408813,1,1
4010,23,22,22.198270673440838,827.0187997170364,4,1
4011,34,13,72.65188514104142,1760.2500486566985,6,0
4012,68,65,25.426837073243686,3847.704073807005,9,0
4013,36,16,75.08725788472913,2379.00023364645,5,1
4014,43,64,91.84483262555224,3682.430676499205,8,1
4015,65,32,32.185025025842286,6093.757647794893,1,0
4016,61,51,89.48831054772886,3423.0436268279395,3,1
4017,61,58,64.95328459853071,1656.279904042715,6,0
4018,69,46,101.155293067782,2927.9443606209657,7,1
4019,49,52,73.3588939380301,5969.5516233734115,4,0
4020,23,63,53.612153583464874,3450.0907496888453,4,0
4021,53,60,53.19915634237086,2071.349038471205,3,0
4022,55,65,109.7486520007584,3476.5519497379214,8,0
4023,28,55,65.28715845851323,3692.972832693012,9,1
4024,50,57,60.575389717642096,2441.379917738681,3,1
4025,41,71,23.987362229791557,7965.912204625007,2,0
4026,40,26,56.432460511540164,6164.245549220393,8,1
4027,32,12,104.96270549444247,5570.394396937336,6,0
4028,44,71,96.09876565326091,6853.449178104138,8,1
4029,28,46,42.091320279659975,5364.7116465470235,3,1
4030,68,47,61.305662321350326,6348.7447101353855,2,0
4031,67,38,39.657967608174886,3358.9525916979114,9,1
4032,34,21,115.42168168347068,4052.9369822836893,7,0
4033,68,14,79.81178785355357,471.2714280925102,3,0
4034,31,2,95.43547925485487,2317.1064921296443,9,1
4035,44,70,91.38086496767791,3007.2980329431966,2,0
4036,35,33,107.36893633900836,5041.214780812705,3,0
4037,45,6,114.93277785454593,3767.269149871837,1,0
4038,68,37,23.244617377572446,4901.922273144065,3,0
4039,64,14,117.53011798999523,5735.285942659666,6,1
4040,64,37,107.05424631058796,437.47747457459707,2,1
4041,21,8,58.29474086980963,2140.3942013285546,0,0
4042,24,13,103.70692425570705,1450.1405931033858,9,1
4043,62,40,93.65579823309496,1580.8954414506727,7,1
4044,52,58,99.31143766896918,4074.690625492733,5,0
4045,65,18,42.069103283905534,5945.832334349409,2,0
4046,26,57,84.85637019356653,2254.938568010481,7,0
4047,25,38,22.59258942992908,6613.148981272127,5,1
4048,69,32,104.82291325528489,7150.406485947734,0,1
4049,62,66,115.10429724757891,2869.217588960784,8,1
4050,34,25,86.21234406352879,5482.71665773838,8,0
4051,34,58,71.26696531760021,1024.6894232723541,8,0
4052,66,33,92.57310893630712,5977.8234553379925,5,0
4053,50,66,52.6361288224617,1403.6886162652884,5,0
4054,49,30,82.6387795812538,5530.584849791065,3,0
4055,25,34,91.89729393064442,3433.010027335457,7,1
4056,36,69,34.268078148118754,7434.804940786472,8,0
4057,55,48,34.00680054965924,3769.2385964759383,6,0
4058,20,40,91.61381777143069,344.1322579939982,6,0
4059,22,51,63.1782494165496,3897.285386342586,1,1
4060,30,13,108.92014984609,6384.4400764939455,1,0
4061,64,31,51.193888215683764,5211.966214006115,9,0
4062,63,39,24.243073724864455,7733.890053255925,1,0
4063,48,63,84.98760292315197,6761.852671511492,3,0
4064,33,48,88.42392266025806,4259.758136890748,8,1
4065,67,48,75.35916089787104,1731.5124682826452,4,1
4066,49,61,88.3332645694598,129.81957559477223,1,0
4067,39,12,72.37543444743949,7845.968936310809,3,0
4068,46,56,89.26328160990455,7512.725616591094,6,0
4069,39,18,24.39374065551945,2265.7375531940233,4,1
4070,60,27,56.83973702210215,5141.9047111674445,7,1
4071,20,28,41.081691795368464,5860.992546800614,0,1
4072,27,52,29.932613861162732,4666.306342157501,4,0
4073,59,16,43.40926361660719,6759.397231220973,3,0
4074,38,58,39.13106180317882,714.8147226129087,2,1
4075,33,9,117.31313883615972,7182.302869786687,6,1
4076,29,26,48.65459177184627,3196.950188215287,9,1
4077,19,28,43.09589701471595,3897.4511704408524,0,0
4078,58,36,103.48745062689929,3613.3958383312097,5,1
4079,41,9,61.911621726883894,4297.161161457903,7,1
4080,52,47,62.14654484493091,4825.530927897453,1,0
4081,47,51,64.35904663801517,5711.713120535616,5,0
4082,47,57,61.65345061206146,4247.028678694112,0,0
4083,64,32,52.656545495884835,5509.708722470233,5,0
4084,52,67,48.63394425547898,2772.5498043665343,5,0
4085,36,57,108.19596764854411,7499.778875038096,4,1
4086,67,54,36.17073461353562,609.7950564181764,6,0
4087,25,16,38.106235292293924,4409.770807632639,4,0
4088,43,62,77.17191004250424,790.4297905715459,7,1
4089,66,56,54.3658579662735,3597.8595846917497,1,0
4090,57,23,62.15293648470272,2134.900625457356,5,1
4091,24,17,100.6546607890683,7501.537251702916,4,0
4092,47,38,110.36310603771054,203.29555244895295,9,1
4093,24,30,99.0553679556547,3190.5086860175106,1,0
4094,20,58,43.49282632907516,6278.137722684941,6,1
4095,18,22,117.99712896090502,1588.8451599465795,3,0
4096,53,17,56.317650081609585,6543.146816863398,5,0
4097,42,15,36.9067061164613,6891.828193816108,4,0
4098,54,48,69.949670546804,5693.2236972015835,3,0
4099,18,32,92.52857696349471,1751.646541166749,1,0
4100,32,40,28.327088130807404,2249.1053869943426,6,1
4101,54,57,83.42869146210478,1418.7843566933595,4,1
4102,30,58,105.80779234265962,1554.1035238910574,2,1
4103,57,16,46.17814826920877,388.28914215546513,5,1
4104,25,28,89.31232121767074,6872.789141466305,7,0
4105,22,1,59.990862996044065,4275.1680706799025,9,1
4106,26,41,61.41351431395817,2689.2978687077075,9,1
4107,18,48,48.08140312089128,2387.6582689009233,1,0
4108,53,31,82.43937964398954,4403.100741935933,9,1
4109,52,36,56.09992530301545,2680.8100921405976,3,1
4110,19,33,103.09030034615783,6923.372002581749,2,1
4111,57,33,116.29054230495309,1766.5637367915951,6,0
4112,40,23,113.50876800409245,7070.184152161536,9,0
4113,26,60,36.312837299298856,5346.33037872709,7,1
4114,51,30,21.41902999947505,7657.370841594264,7,0
4115,63,45,63.846834112215774,219.34720892197814,3,0
4116,31,39,92.88837076721867,566.8549691181362,9,1
4117,21,45,117.7455268334961,4057.067292098928,1,1
4118,47,12,98.34223015721055,7307.792757253182,5,0
4119,48,32,78.054932186704,5873.280117088146,2,1
4120,55,56,22.635291222954738,5014.873866902733,7,0
4121,28,24,102.55406915073546,349.6570297154517,2,0
4122,52,13,37.71450339292111,2897.8939284596136,1,1
4123,25,20,25.56065141867904,2832.2378539325723,8,0
4124,20,56,105.03588473542644,4382.476889853255,8,0
4125,31,53,76.6250867872007,2136.8394568394183,8,1
4126,30,68,32.855159786044936,2210.5301499043044,2,0
4127,62,54,58.654266317408116,5004.800320606399,1,0
4128,49,34,28.55416672255633,7562.083592181837,3,0
4129,51,28,83.8010806927802,5315.414918729893,1,1
4130,62,50,48.24272663426748,5378.227979450177,7,0
4131,36,2,106.60941313653747,7891.097025766113,9,1
4132,55,26,55.7796028819692,1312.4775198513419,0,0
4133,33,51,69.46338630199178,367.2947161828472,1,0
4134,19,47,26.352339750597512,5989.560210895756,5,0
4135,57,26,47.559261664396985,3566.4207221999895,8,1
4136,34,61,87.67672716905973,3487.7045025408497,9,1
4137,51,23,93.626276777764,1879.8966732679553,4,0
4138,59,37,44.282185501123365,4104.218020100404,4,1
4139,33,41,70.38200987207078,3593.1615154264987,2,1
4140,55,52,101.7531105204505,2829.055061985996,7,1
4141,19,49,57.99101608895553,3597.6867587735087,5,1
4142,19,27,33.37712673567892,3132.2946887108296,9,1
4143,43,6,63.18703896124693,7525.18122890734,1,0
4144,30,66,80.06286654320311,7843.988094059099,4,0
4145,64,24,20.739852819237953,6735.217366842857,3,0
4146,48,38,54.85675066807289,7924.271318995788,9,1
4147,51,28,80.74358208951647,2199.183489330522,8,1
4148,56,28,115.19119500446703,6759.1083683596235,3,1
4149,20,66,60.85487324756647,3312.3691940307062,7,0
4150,25,61,36.29722654793263,5994.477542444252,0,0
4151,40,46,73.42190979668533,1691.0018609807387,4,1
4152,31,69,48.57523610996804,6514.453108956328,8,0
4153,44,43,41.477939931478396,759.3689666396641,2,0
4154,46,59,79.0403259028062,2237.405883059589,5,0
4155,56,2,111.58835343364059,6593.425673092529,9,1
4156,56,15,103.52242043392859,6002.557852392627,5,1
4157,18,37,38.22925388690925,4059.8493644311848,5,1
4158,34,71,96.58794583498563,5415.062916892651,3,0
4159,58,20,42.98686343733692,1566.034793517844,6,0
4160,47,35,49.07012606932192,5375.332616535612,2,1
4161,30,34,112.00515068834888,163.01172199779103,5,1
4162,38,31,111.10501507137711,6682.405352313898,9,1
4163,36,19,36.86307645451623,4178.672103191654,4,0
4164,36,68,26.419185592348143,7556.639767715696,2,0
4165,42,24,49.31181032369488,3877.4977118499764,1,0
4166,39,39,78.17750597777686,3521.3895303780946,0,0
4167,48,54,107.68916778163262,3655.417217942731,7,1
4168,34,39,31.883738890049113,2941.856100174839,0,0
4169,40,17,61.49585022025196,1416.7331623569662,4,0
4170,49,19,47.17497867205256,6752.295542869495,4,1
4171,27,48,21.492896723601767,3173.774721290529,0,0
4172,27,35,98.84462607929984,4279.9565826919825,8,0
4173,53,32,101.32842131676772,257.1066400611478,4,1
4174,25,47,42.12290617753164,576.0055944405926,8,1
4175,69,47,35.1240250040368,4817.747512874972,5,0
4176,37,64,34.45608536221972,7045.901851857509,6,1
4177,49,46,66.39471897642873,3997.8270414059884,6,0
4178,67,35,44.64955874357698,1403.2991867800001,1,0
4179,31,17,71.1355642488501,1017.4057834911544,4,1
4180,67,42,58.485173715183976,7208.325211004099,1,1
4181,45,29,41.08903049009913,5642.93904672053,3,1
4182,63,70,95.11917895573143,7732.944880640512,2,0
4183,69,17,35.036389033582275,750.5541086168072,5,0
4184,41,14,99.89023148204372,7230.641554684964,4,1
4185,32,24,76.14463836902922,6780.495268961846,0,1
4186,39,57,103.20371426764441,7156.162945100815,1,0
4187,47,50,20.4759040069905,145.52735719640242,6,1
4188,21,57,94.91885190354829,5961.037496164838,8,1
4189,30,61,25.15155932511153,4436.611101876948,0,0
4190,40,39,115.00987190378207,4628.117526691516,3,0
4191,25,55,90.2739488390535,3806.6957000867696,2,0
4192,35,36,52.0172290621358,5967.147650210933,4,1
4193,29,37,51.98504928457496,7998.730394763596,4,0
4194,48,14,106.14923797186252,5713.253038265891,9,1
4195,31,27,110.28401284526588,5456.598286710651,9,1
4196,51,31,109.15732810387438,5270.057953872639,1,1
4197,35,44,100.87402925663275,5592.172191794125,4,0
4198,51,68,101.9032020836373,2802.6884927035762,3,1
4199,28,48,77.27679028775596,2629.7359749647076,0,0
4200,58,57,22.823105294906814,6296.270028337,0,0
4201,29,22,28.677328205899492,519.3953370884277,0,0
4202,66,4,84.95532494062,6098.057131806732,7,1
4203,32,46,60.1165160327027,6529.348522839591,2,0
4204,48,59,76.73096308415862,4220.623880731515,8,1
4205,66,34,43.10776226221287,7290.16995376282,9,1
4206,46,11,84.9417173643192,3837.3907534627574,1,0
4207,43,31,44.28295441933407,1506.8846779571707,8,1
4208,35,11,66.0812797975354,2955.0493247827153,8,1
4209,49,56,67.8719899591182,7256.353296855581,3,0
4210,39,38,37.76682298391592,7950.532477762657,3,1
4211,55,21,107.62077263876397,3432.646339216919,3,0
4212,34,10,72.582105627312,1418.087710189897,0,0
4213,40,26,106.6783777938346,2362.001313849689,4,1
4214,41,8,46.253569549592406,4471.041105860316,5,1
4215,67,8,37.23359454681406,4619.557754389458,3,1
4216,25,60,21.801664762012965,5077.4693128792815,7,0
4217,58,34,29.386465972650726,6699.291643323121,2,1
4218,23,16,34.74706048866119,5718.591798335419,8,0
4219,22,13,27.885556237796955,2160.637789369805,6,0
4220,61,22,109.68792951421875,3220.848079498403,7,0
4221,46,27,111.14383079417638,6734.5510120517065,6,1
4222,45,64,113.73626722750438,5103.723097785118,8,0
4223,28,2,115.98608365756688,1414.7025811333158,1,1
4224,18,26,69.18350050199382,2671.7565522345167,3,0
4225,60,69,73.00246368249503,6349.6182082041205,1,0
4226,36,30,33.083042857355245,1459.5435742547068,7,1
4227,26,8,33.70520377520581,5559.300156494158,1,1
4228,44,38,97.27564386560675,4551.938636229427,7,1
4229,51,61,105.57290841417408,1265.0517605690466,5,1
4230,61,65,98.47144306310922,5542.143499844397,6,0
4231,21,67,103.4575864994953,1224.5568681758407,5,1
4232,53,46,47.657031542829976,3247.6410749664815,8,1
4233,35,43,66.60657843187356,2537.6234037437102,3,1
4234,32,59,65.9199383395387,5551.078626226965,0,0
4235,68,46,119.52834031417301,6280.662617192554,8,1
4236,30,35,114.91780201157658,1429.7009974517166,9,0
4237,36,39,79.8486106426006,6514.77426653164,7,1
4238,66,51,33.797313314069335,156.9910423570068,0,0
4239,23,4,45.85960386306772,4287.46252400601,9,1
4240,65,51,56.37615549817358,4182.632230009924,5,0
4241,29,5,107.32116596934296,5028.189302939376,9,1
4242,68,55,37.06324570633776,1993.6341896439324,3,0
4243,54,20,41.97469166281051,177.86895644859126,1,0
4244,34,24,54.9384691669827,3692.627037517055,2,0
4245,40,36,112.69101886533835,664.1090689402107,8,1
4246,43,34,70.38120907763872,7148.331705774259,4,1
4247,46,54,84.68360365975346,1471.9639729444698,6,0
4248,50,34,58.722330507017844,3459.3404432394186,1,1
4249,44,17,38.852211110846675,3528.6030828990315,7,1
4250,42,5,42.28005374084802,4467.630717921817,2,0
4251,27,18,100.26712203158792,6282.005555286139,0,0
4252,64,55,109.34820383198382,3829.9703890193587,7,1
4253,40,53,69.30756558931449,303.45081104173755,8,0
4254,38,50,55.699452745925655,6191.772248283207,7,0
4255,38,45,100.78351365272624,749.1691855050428,0,0
4256,60,13,87.30947750809278,5168.271008845027,6,1
4257,30,16,24.087397748563316,6447.093118349974,6,0
4258,54,13,55.074089888281065,2333.2523626002458,3,0
4259,50,20,88.21729782360418,3647.941205303847,7,1
4260,41,66,77.36798202909772,213.25315326795135,4,1
4261,61,47,117.80673088462225,6450.614076760095,3,0
4262,28,19,106.61153782252904,5655.762610374472,4,1
4263,34,45,25.9738405731261,1927.9604156639602,1,0
4264,21,37,92.57690156723606,3182.7869631397352,3,0
4265,64,54,53.63266123304779,5593.00036422878,9,1
4266,42,6,88.20827030859465,2929.488662624533,7,1
4267,47,14,81.72245860913964,1383.0767269058283,6,1
4268,26,4,70.30502591468411,4196.193678135475,7,1
4269,38,55,105.2949554339555,5816.183805262875,6,1
4270,37,34,90.86898601431677,2634.395105323272,6,1
4271,36,27,108.95551145020065,1062.0009459912167,6,0
4272,36,7,48.16037491030493,6653.398878314616,1,1
4273,29,3,54.81275245946021,2097.1347449322725,2,1
4274,54,47,82.19513498104689,4151.238137442191,0,0
4275,59,2,116.64644373617358,5561.6108809650195,1,1
4276,34,25,57.158209933718126,2604.894083114344,9,0
4277,54,60,23.22936500674912,5224.228645242105,5,0
4278,65,24,64.58879554219567,3731.7051008880735,1,1
4279,56,15,74.39295625290231,4606.449575478385,0,0
4280,45,14,100.09874086995433,4765.551218573847,7,0
4281,58,54,92.86004799966389,6610.7904264854005,8,1
4282,52,6,116.46626807183361,5284.9775601391575,6,1
4283,64,18,98.26827605564662,2188.022868256843,2,0
4284,65,20,49.86284370678827,570.8742949937255,0,0
4285,35,62,84.13803109801697,115.68579819354864,3,0
4286,31,40,87.22411933965523,7244.897339659265,9,1
4287,52,39,119.80205148205229,7542.66940923743,2,0
4288,61,52,33.87379112267776,843.4807525508766,2,0
4289,58,32,39.13255026904568,3947.7235844297593,1,1
4290,24,27,35.55136440086889,1297.6021073382221,9,0
4291,58,52,78.90601141659639,7595.117784962269,2,1
4292,30,63,33.53010722340201,2049.9768828979372,4,0
4293,35,63,85.60077089045355,4063.0120552162916,3,0
4294,54,17,100.37740508642189,1408.3995146900425,0,0
4295,30,49,63.27929242068605,2728.812567574192,0,0
4296,53,23,76.06850818894642,2207.770251324729,0,0
4297,48,13,111.27220832912909,3855.8657394802663,9,1
4298,19,23,76.95659175775012,3416.2774999749727,8,1
4299,33,57,40.86055520348674,2713.302577342965,8,1
4300,26,62,54.31937984433618,936.4331794224554,8,0
4301,26,54,72.98458033394685,3927.4474738548906,9,1
4302,55,20,35.489768548958494,6816.643342923264,3,0
4303,28,52,81.25198353568693,5868.764359025971,3,0
4304,39,23,119.92460918840257,5792.541584885089,9,1
4305,50,35,85.25349649409644,2992.1247202879385,6,1
4306,53,67,57.24111440144412,5696.510737388206,2,0
4307,62,34,53.17464916810625,3777.6987030593573,9,0
4308,40,33,113.16033226072751,1287.1811176215374,2,0
4309,62,46,107.15142905786558,3410.493024826603,3,0
4310,62,45,67.23586201987673,1148.6351851496197,5,1
4311,51,19,55.34145645002842,1004.4142693616335,0,0
4312,26,15,91.04642835964525,282.16853681512475,2,0
4313,41,66,51.45024755542828,2334.548977658391,4,0
4314,25,39,31.940323225254048,2713.910795511364,3,1
4315,24,18,51.01522123015263,5625.6053322140915,7,0
4316,53,70,63.42959821172019,4350.237800589791,8,1
4317,35,59,45.541137598270815,6881.752725221165,7,0
4318,20,32,41.681372583772294,1494.1179509746864,8,1
4319,45,21,20.614016266469775,2201.057502292531,7,1
4320,23,40,83.08427814040466,7534.501278032984,9,1
4321,61,27,81.4448942316119,3607.9574574605335,0,0
4322,61,2,38.80252377707282,6333.50245008438,6,1
4323,38,39,114.36500718111841,3988.1244243309643,8,0
4324,45,56,60.95709018047581,3821.5766905034056,0,1
4325,57,13,22.547943357630654,1270.1186754341747,9,1
4326,18,56,41.97719172648436,6824.476926493831,0,0
4327,53,66,89.20674842711946,719.0067163263136,9,1
4328,38,56,40.161989881059526,2551.062647759028,1,0
4329,60,28,25.39124588760561,5420.397766589417,4,1
4330,52,64,81.77062213946729,4107.334651383436,7,1
4331,30,71,71.8354790594183,7062.8887830751355,7,1
4332,66,64,96.12658360984534,410.4538270245358,9,1
4333,27,56,97.26313885441417,5230.319404047868,3,1
4334,61,41,115.99352537877289,3871.9772179542865,6,0
4335,64,41,25.701754401853876,1319.0634053944423,6,0
4336,27,4,23.898941981822833,5971.690066189489,8,0
4337,63,57,118.71970480276607,3349.324157707589,8,1
4338,30,30,84.48478776969539,4299.4970434698,2,1
4339,54,46,91.53705396675714,7741.401924268555,7,1
4340,55,56,29.648201973516844,3941.21764009899,4,1
4341,41,31,26.9812690848337,6604.645637913278,4,0
4342,19,7,36.0253593935771,6179.66243439583,7,0
4343,39,54,62.71956027974696,5335.761272959012,5,1
4344,34,8,31.01761827329757,7184.815932467636,9,1
4345,53,55,64.6333740440828,2087.653010803729,9,0
4346,31,69,76.15359031013367,6584.092728594539,0,1
4347,27,44,20.033296788510796,3084.521158339006,3,0
4348,52,13,31.424563079197746,6518.678031641649,8,1
4349,42,20,57.519519176787874,4000.9306079095372,4,0
4350,20,32,25.332979269680017,6875.903098251563,3,1
4351,64,60,33.35289733121401,7169.2639477745915,9,0
4352,55,50,43.179639045595444,4821.386617904513,0,0
4353,34,27,62.9601414167647,4110.252958966835,8,1
4354,29,25,91.48371979367091,6287.9131323254405,7,0
4355,69,52,33.26886118258459,2209.191005115469,2,0
4356,41,68,93.79585719093322,221.2545818664239,8,1
4357,46,21,105.50607297172208,3316.047203762679,0,1
4358,60,18,85.14787668852333,4111.415649884537,3,1
4359,42,39,24.37256954277978,2448.375483566176,4,1
4360,53,15,64.06536869274413,3128.5588657283624,3,0
4361,43,53,86.00660016334999,1151.1600400371476,3,1
4362,55,38,117.85131346073123,2290.590236605573,8,1
4363,18,48,115.18083880692424,1996.753248525131,4,1
4364,37,52,59.57031544399187,2477.7961452314844,0,1
4365,45,28,81.59310722250926,2462.5274732711546,6,0
4366,33,16,109.08151473615851,4515.850131276146,5,1
4367,64,16,103.10462473761964,2079.715827548974,8,1
4368,34,35,67.94218341127497,7533.593980385119,3,1
4369,57,17,46.124133089162335,4139.071159870346,9,1
4370,45,52,33.709994679883295,1118.8314506371626,5,0
4371,29,12,68.79801550832592,2308.8895371418425,9,1
4372,44,48,92.28458753432892,5865.084219471667,6,1
4373,59,22,116.97697132162659,207.90640320774696,3,0
4374,64,49,106.18149048230889,7508.762090955913,8,0
4375,47,52,40.42409552481617,3616.8976816338686,0,1
4376,58,1,91.97781268224699,4216.524281312874,0,1
4377,51,66,48.910125385843045,7908.456663132271,2,1
4378,54,64,88.34725944335965,4076.8843793947194,8,1
4379,23,8,86.58054604607726,7587.177556249583,4,1
4380,24,25,47.24306029255415,7330.325814765918,0,1
4381,49,66,43.438862021728646,7536.3926764630805,4,1
4382,49,70,30.393776258892583,6517.747154189675,5,0
4383,42,51,25.05396368046267,2441.5448680060763,3,0
4384,50,53,105.8451058856471,2836.4216219092536,6,0
4385,24,15,24.98493946350417,2983.374138627063,2,1
4386,69,50,28.87411665251141,7835.528632936342,4,0
4387,29,71,43.885203536819986,2949.968481379974,5,1
4388,33,38,108.76583284622761,958.6455428252059,6,0
4389,33,40,53.29403604221913,6248.798267617698,9,1
4390,60,66,39.179955745659214,2991.900003498215,1,0
4391,53,39,91.55554957950952,5005.393702634163,4,0
4392,30,17,51.906975486868575,7402.44725688534,6,1
4393,24,7,53.33666380761963,4646.4940565465495,6,0
4394,53,39,93.8976595938536,5137.831409027315,2,1
4395,64,68,45.165281560830586,5178.614259274575,7,1
4396,68,35,109.67600477056256,4937.953567492271,0,1
4397,26,51,76.14216779983452,1362.1780820995373,3,0
4398,49,47,73.78317111724141,3705.681776515168,2,1
4399,28,36,46.47522350662096,160.5457578187618,3,1
4400,25,64,103.50943401299257,5047.4919521951315,8,0
4401,50,13,77.27495508715013,4645.330530707288,7,1
4402,40,18,35.5516547905226,2613.284032002486,3,0
4403,42,21,40.62982372447626,4238.774475044609,7,1
4404,25,65,66.82559088206436,3995.156477073806,0,1
4405,62,8,97.96418224163885,2082.2302059437843,7,0
4406,39,48,113.92952736169602,2416.971629931484,9,0
4407,21,43,86.34986303769467,6124.07387336713,1,1
4408,57,53,70.61432495582982,6070.285321535658,5,1
4409,20,27,45.07319775120247,3811.278986894755,5,0
4410,46,19,87.28679604557496,5768.320724086238,2,1
4411,58,23,118.22397558535073,3661.3301138243955,4,1
4412,46,50,67.6222475539235,6825.8548756794435,1,0
4413,51,51,36.21418788898954,2729.172789448045,7,0
4414,51,43,30.334058145417856,7425.6107487786685,7,1
4415,45,51,46.925618259898144,4384.0408394609,4,0
4416,30,69,76.94420190212435,4331.934102530031,6,1
4417,32,41,114.68053010913289,5399.402036175745,7,1
4418,40,11,49.91650830641467,2792.762485436007,3,0
4419,61,52,50.539117137160446,5822.203610166362,1,0
4420,43,23,68.11796591121924,2631.3583108095477,4,0
4421,21,49,111.85423350991888,3240.5567566744066,6,1
4422,43,38,61.90550505890892,5430.157150665149,3,0
4423,57,47,42.322939186093315,3089.747900280913,3,0
4424,26,7,36.31309149817714,1679.7955692356795,3,0
4425,22,66,65.70153692724817,6988.021524326503,8,0
4426,49,62,100.06774357301497,7385.027508271701,8,1
4427,37,29,49.13524047243896,5051.175293478844,9,1
4428,67,38,71.25226392306429,6508.0910924630425,7,0
4429,28,33,80.30082724225491,7894.553602720549,7,0
4430,32,29,65.04704116578974,4956.7205393766235,6,1
4431,49,23,39.16902413532894,7279.461881675107,0,1
4432,45,3,112.17456779348554,2938.1125227907464,7,1
4433,39,45,76.5449235234484,5633.73224350877,3,1
4434,58,8,92.91343839138855,540.8631837450862,0,1
4435,34,29,83.60430054379329,6332.8752893201445,0,0
4436,43,2,119.80480217275736,6655.444843363583,2,1
4437,61,50,65.6310134438656,3269.285948144536,2,1
4438,24,65,62.497237329909346,5147.744625430904,9,0
4439,59,20,56.013986609000625,6881.052708899633,0,0
4440,43,52,56.162845934026265,7080.5044996214965,7,1
4441,42,37,47.57702107172367,941.5990421011476,3,0
4442,27,27,118.0630125146547,6637.1531976098895,3,0
4443,62,47,107.0782034301912,2266.522480216192,5,1
4444,36,6,51.66730049572162,5845.724481068172,8,1
4445,28,60,50.522904464983554,2668.796812591187,8,0
4446,30,45,30.35339871850548,545.0043979815595,7,0
4447,25,44,107.70308605094928,1757.9786078237498,0,1
4448,57,18,57.17660508266061,3328.5070290339636,9,1
4449,21,65,77.26153921451278,5955.706098482236,9,1
4450,64,25,110.03777288809312,895.558655767625,1,1
4451,48,27,60.81006484742057,6522.179586711262,2,0
4452,45,7,100.68680434228418,7975.913626503044,4,1
4453,28,44,63.02856262487571,6327.235381115091,4,0
4454,60,29,90.09409390177527,3842.5185082281632,9,1
4455,18,44,63.11844071921811,4588.465665682977,7,1
4456,66,36,59.27591345546926,148.66801559112903,1,0
4457,64,19,119.07092395619081,1753.2633190576398,1,0
4458,69,6,81.2349842003575,7202.006238534359,7,0
4459,55,25,56.73911816229792,271.66228160796834,0,1
4460,41,31,45.781947708681784,7247.8801278861565,8,1
4461,64,9,23.976637022961636,994.6956042125224,1,0
4462,48,37,90.6566340248727,1151.2856266747908,4,0
4463,58,27,57.2157428195262,1485.2642957696871,2,1
4464,63,13,102.12541637787648,6415.1440671460505,4,0
4465,67,41,56.38684606223187,3877.6739452047973,7,0
4466,43,66,57.332919242503024,1247.0533788173348,7,1
4467,66,24,97.91810064067562,5525.734375356067,5,1
4468,67,44,68.94666567526538,7531.438093973641,8,0
4469,22,60,108.4894770601393,4622.366646555028,6,0
4470,37,9,79.0135756704552,879.7300451922541,1,1
4471,69,2,44.06448135143765,532.5297888025644,0,1
4472,58,56,76.82718543000334,6387.39164301851,7,1
4473,28,30,20.4001675934702,5046.0608537580365,0,0
4474,50,22,51.23973747187192,7388.992979084351,7,0
4475,67,13,40.795234049781065,4423.2761932791045,8,0
4476,55,71,85.41878556029347,592.9236856201217,0,0
4477,44,16,33.6038583499805,3289.1261149893367,6,0
4478,51,45,49.00974467614731,5298.126439872201,4,1
4479,32,65,53.13085543233954,3140.594272404378,7,0
4480,49,11,20.329322886388482,7996.772034247841,3,1
4481,38,70,24.676656825283366,3302.491048022586,1,0
4482,63,20,51.11261279775227,4415.265398935646,6,1
4483,22,63,42.23564531919122,1880.5970577270677,6,1
4484,23,12,31.690673861515556,1301.8918139873147,7,0
4485,55,62,35.41616563539579,5197.913754649682,8,0
4486,39,42,103.55369613800863,4750.040700633888,5,1
4487,35,69,88.33195755127026,134.27697350964564,2,0
4488,31,58,68.41175310016497,2349.774124902163,4,0
4489,27,5,110.88747762369326,5184.278626802024,2,0
4490,63,27,22.955279094161856,6516.769831286352,9,0
4491,30,28,54.49349359438195,2567.71235901477,8,1
4492,48,26,102.33837175040588,5214.747317381945,4,1
4493,47,49,82.82889945853213,2195.537648191685,6,1
4494,20,21,118.16874344919869,5554.001167570966,9,1
4495,47,1,114.45149232882093,5613.789189433453,6,0
4496,23,58,36.99424910749837,1128.7653776047616,6,0
4497,46,55,117.19869971956716,5354.209293418338,9,1
4498,25,26,114.55347859740725,2735.1807352749206,3,1
4499,61,25,57.36109450736824,1463.4999595817565,3,0
4500,62,33,118.28802916889528,4052.853738912816,2,0
4501,60,69,23.584415232456074,3673.143802878898,3,0
4502,61,6,86.07505549132982,6213.611007389776,8,1
4503,50,23,46.61478042644087,767.6725223736264,4,1
4504,34,30,32.94630965953196,6339.050823771069,5,0
4505,65,54,77.75349249438466,938.0506606634358,3,1
4506,28,11,50.63503081851944,1738.9263218245892,0,1
4507,30,31,86.6825343811151,4175.468734804401,6,1
4508,67,6,73.99810521144202,3759.0793401771534,6,0
4509,28,11,59.25894009086595,7911.98590039898,5,1
4510,48,12,38.182216131489795,4756.8423347732705,3,1
4511,45,66,80.12501974721766,2686.7412024506198,9,1
4512,61,53,102.92306294755517,7211.176061497486,7,1
4513,23,36,80.00044685092813,2566.498158581779,7,0
4514,58,17,81.05225557736857,2262.8275179874913,0,0
4515,33,28,71.18373641477683,4005.5371820709897,8,0
4516,21,22,58.82401173282916,7314.080797337325,7,1
4517,52,7,65.74580416335462,5697.262616544825,1,0
4518,65,15,118.95417571200821,5452.1174021919105,8,1
4519,43,11,94.96685021052902,5836.010393806227,3,1
4520,29,24,63.05594639799944,5311.1608251295165,9,1
4521,28,67,65.72963999545205,6102.391241376773,5,0
4522,54,30,69.96320077497423,1622.8199716601546,1,0
4523,42,70,85.93141943788129,1500.3404654166518,9,1
4524,35,66,66.59582342155147,2961.09041595209,3,1
4525,36,61,88.61791184392433,6822.582252487076,1,0
4526,40,41,52.918780664784784,5744.188302424007,8,0
4527,55,51,61.0639632021124,4575.139408457877,8,0
4528,35,44,106.40531247038471,253.63475607714668,4,1
4529,43,13,52.890565470154264,1962.8380430933457,2,0
4530,23,12,116.44367331750017,6447.760146144202,2,0
4531,21,9,37.25049469848929,2015.6448753653274,0,0
4532,61,48,44.16798157071727,5869.292557808484,7,1
4533,68,49,66.36797507549079,1558.6106929460836,2,1
4534,46,53,99.74087260553696,4890.303709774933,3,0
4535,51,56,93.15754776283336,5062.869796933964,1,0
4536,34,40,37.44660176143897,6040.533182923205,7,0
4537,60,24,43.66850259678369,3562.9049670755553,2,0
4538,60,33,77.52629890508375,5098.130122775233,1,0
4539,33,23,49.516474529870294,3947.061330890251,0,0
4540,19,54,62.232532447960345,7583.970558646672,9,0
4541,51,53,68.65941754870289,4222.857743446209,1,1
4542,25,49,79.42460053504047,1755.823276712684,1,1
4543,30,49,45.105132443926536,5376.351138195228,3,0
4544,59,60,36.31401435549596,4432.891892846466,0,0
4545,25,65,59.85633877940265,6450.253028039158,0,0
4546,47,32,28.202622485560006,1497.6016209866243,5,1
4547,49,21,72.67651710909122,2161.422861123848,4,0
4548,53,18,103.96051592349743,7380.869948442004,0,0
4549,64,60,31.89756594327186,7447.206294645739,5,1
4550,47,13,31.2730532129529,3593.828455151639,7,1
4551,18,24,28.021779886735214,477.23433873559605,4,1
4552,60,30,104.7861289761902,2521.7850421450817,2,0
4553,56,2,28.0704894928163,2052.2689699280972,2,1
4554,34,25,118.34620353844026,3375.947130759882,1,1
4555,37,50,55.833129404611796,2610.624889140842,8,1
4556,41,14,52.87621591424769,6649.039516434388,8,0
4557,67,6,29.16317520970492,123.98455109108689,6,1
4558,39,30,78.56412126384168,5192.591642740836,0,1
4559,46,30,78.58822123527916,5347.734778732742,0,0
4560,39,38,69.38058272901428,5318.949944783439,3,0
4561,61,58,51.102014721588375,4212.6979760651,1,0
4562,26,41,56.85808900654213,4927.722177567443,2,0
4563,54,57,52.0503393673738,6502.905061143012,1,0
4564,27,36,62.614640828050184,6295.154551638213,0,1
4565,53,64,54.1788105481226,373.54047970944225,2,0
4566,54,16,87.551731986525,340.44863232474006,6,0
4567,45,14,49.57864723472697,6727.664020886881,9,1
4568,45,31,55.083823149445415,4640.3645314914465,8,1
4569,59,66,63.54598847891481,7663.675948626618,9,1
4570,60,68,20.396183427090023,3509.5736156401586,8,0
4571,38,65,69.20825742208919,1496.260389026376,7,1
4572,41,55,45.581980319293464,3838.5558078636923,5,0
4573,59,40,25.61504540245179,3548.7000328960326,0,1
4574,57,25,111.10212987647948,4185.701313364279,7,1
4575,19,25,52.2418733886932,6482.783147627904,7,0
4576,25,3,62.60852636727043,5279.113504700531,8,0
4577,65,69,102.73431583382418,1563.6750864550609,9,1
4578,44,26,36.67889707537198,5902.3703252049845,5,1
4579,39,40,105.0308809581341,4775.980084899609,2,1
4580,54,38,44.16379480773777,4668.654771247682,5,1
4581,44,38,78.90378916153172,5458.229371241518,7,0
4582,46,68,88.56783801661783,4555.327123386601,6,0
4583,20,7,110.50139458677754,3714.3585170709375,7,1
4584,61,30,80.7637994684132,5159.004234231359,2,1
4585,30,19,65.32318012500002,5817.443849449543,7,1
4586,62,35,77.22693523417774,1883.5588483664055,4,0
4587,27,33,40.20824627402039,4026.694164481089,6,1
4588,53,33,88.90743341498506,3719.5624597944766,3,1
4589,26,38,38.68807120505552,415.23583782917746,2,0
4590,44,10,75.7247612078257,6692.065385749646,5,1
4591,51,57,84.7603661360489,3081.3179891135524,8,0
4592,68,28,109.85831804077546,674.2449422895495,3,0
4593,18,38,65.01898259776145,3717.4028669042027,8,0
4594,49,16,97.53332265892125,1375.6983681236188,2,1
4595,42,21,36.75304883042765,5664.873875613852,5,0
4596,46,6,35.619647873382505,4616.995443824447,4,0
4597,24,41,72.47980137199302,2233.899075125688,8,0
4598,66,15,79.6340765110103,7608.743487292695,5,0
4599,20,3,83.23410407329082,2404.7882512190877,1,0
4600,37,43,94.56740420237783,4484.475565117674,3,1
4601,37,47,49.49314877612099,6432.3858118992885,4,1
4602,47,14,82.26077218524554,4159.749153840455,8,1
4603,52,66,38.813912080632264,7690.759838624752,0,0
4604,52,29,41.89977090545623,6766.4510791381645,8,0
4605,66,4,26.73088883738813,7376.050210607078,9,1
4606,56,26,94.70005861387304,3044.350411660068,0,0
4607,44,12,70.6992970385584,4432.007797548943,0,1
4608,43,2,43.8185705599562,6737.313734397865,3,0
4609,31,17,75.62377257002905,7237.650270991692,5,1
4610,34,35,55.42401986337875,7560.472265951319,1,0
4611,35,10,103.72099102892683,7045.300746910071,0,0
4612,62,43,72.8147880795364,5872.963742194351,3,1
4613,69,21,22.981072285382613,291.29696370224707,7,0
4614,46,15,118.5095286339739,2588.1322508561584,5,1
4615,37,35,27.429853823593426,1118.5966506581005,4,0
4616,44,60,89.59581889000698,1322.5929505871716,0,0
4617,35,44,63.72558392026104,2398.166780324847,2,1
4618,21,5,44.93178065200963,690.4496117895656,6,1
4619,18,18,87.6458234462903,2019.951317361303,9,1
4620,67,21,32.5897353704987,7660.132808659214,2,1
4621,18,51,105.82466984564917,2564.3542708467467,4,0
4622,43,41,45.061198591313214,1361.7332523997861,5,0
4623,62,24,56.14536583839673,5774.571425316481,8,1
4624,37,24,83.26436363041962,6645.190685412773,2,1
4625,69,38,20.102931556536667,2580.8990118122197,5,0
4626,40,44,67.2748614388867,2300.1287535691304,1,1
4627,27,57,109.42489215016714,2009.9004284497648,8,0
4628,28,59,88.04156412736363,3206.763788624349,8,1
4629,58,34,58.790036493863454,789.1308869272453,6,1
4630,58,23,86.0424428144352,5386.12088979403,8,1
4631,22,43,113.65694249033396,6595.5879695260255,3,0
4632,18,40,38.78053168359833,5343.090009939822,9,0
4633,34,47,73.18080088386672,3427.477550155083,0,0
4634,39,41,43.47375812130953,2382.80175401949,0,0
4635,51,47,105.42246391707044,3334.624699641432,1,0
4636,62,20,92.10502516015632,3448.3161306092657,9,1
4637,58,65,100.10759202494938,5361.564544932806,2,1
4638,46,68,114.3011852493166,7431.676809639463,1,0
4639,21,24,43.23087763821816,657.6332666387171,3,0
4640,22,36,24.871917151574788,7631.493383780615,7,1
4641,28,45,49.090372016892644,7290.590140140072,2,1
4642,68,2,59.913930862827016,1030.0851727088218,3,0
4643,38,28,82.51598066728664,1550.3217455741376,1,0
4644,52,26,99.77045624757105,2561.6052514306907,0,0
4645,29,23,54.980328804688284,4521.361723625016,7,1
4646,43,36,67.34969867369291,1162.361949021045,6,0
4647,68,6,98.5467265986192,1682.6461308479072,9,1
4648,36,35,42.532872632877535,7231.134822123466,1,1
4649,62,38,41.713192793843184,963.4749830903137,7,1
4650,24,35,78.92329898300336,3251.1382946007816,9,1
4651,64,53,63.605683051786706,6127.714043503799,2,0
4652,24,38,114.88968030354351,7119.806623436831,6,1
4653,43,59,55.7030542984578,2754.736244513834,0,0
4654,57,43,95.9555603506833,1399.0562923247728,2,1
4655,22,4,78.30927434640357,5922.392106854936,8,1
4656,38,5,25.457609194967628,6203.206293518095,3,0
4657,31,68,28.438554800944843,7842.2642080783,0,0
4658,21,45,40.31564881899902,1202.3806264028935,5,0
4659,40,25,34.315262284902595,5704.424973087873,0,0
4660,59,11,52.93714896444426,3396.6110481037763,9,1
4661,37,29,77.89889159986902,7325.572556782889,0,1
4662,32,34,80.23625430073862,3321.8639862337477,1,0
4663,67,14,78.77677851627399,3623.086966945062,2,0
4664,69,24,31.760863463315406,1101.6931256752,1,1
4665,62,59,80.02254108604961,2635.400602217951,7,0
4666,46,39,60.9746886857385,3266.6397160990455,5,0
4667,25,26,110.3052665252727,238.31915958502236,0,0
4668,58,43,111.19841961076945,3556.838300698349,5,1
4669,65,36,96.81738266838394,2756.9165550117195,0,0
4670,36,39,90.31071510992241,6450.333912823887,8,1
4671,65,61,31.4952717317473,946.1896462217641,2,0
4672,56,16,28.46942115866972,6105.6679026908405,0,0
4673,63,59,104.08336909140858,5740.6911918862,0,0
4674,45,6,62.70158164574551,2010.080389486537,1,1
4675,63,56,65.13622752009461,757.8461799001972,5,0
4676,44,8,104.77930900130303,6750.484221469999,0,0
4677,21,27,82.14309590607883,2070.497337684816,6,0
4678,32,71,37.940724090210566,1249.9249456860762,3,0
4679,52,27,41.10132289873605,2936.3891551142174,6,0
4680,54,46,20.637716903483476,3266.974306906511,3,0
4681,18,41,91.06700939415647,2676.095040262696,3,0
4682,20,25,68.5611658494485,7814.200788804915,3,1
4683,64,18,114.99639128370318,7058.483287441166,9,1
4684,41,12,91.4012801248268,6996.5064220268005,9,1
4685,44,51,30.31526607665667,3250.2639651140826,7,0
4686,57,39,36.154145993926946,7706.6701539340975,1,0
4687,53,10,70.1724646783326,5503.720840704412,7,1
4688,51,54,112.48741686627325,6672.757882770106,9,0
4689,46,29,44.72510898837815,4056.91348792946,0,0
4690,41,41,102.55802019124391,1368.8766162748836,6,1
4691,41,9,51.22724201356751,7106.395489378945,6,1
4692,59,63,46.989718955577814,3942.7712410401778,5,0
4693,21,37,110.13927493304958,7751.583781773055,3,1
4694,20,14,24.724159207265277,2113.4019900799435,4,0
4695,51,39,86.07410387338439,7939.794032306673,0,1
4696,66,40,24.316751428122313,1857.1549875799774,1,0
4697,40,54,100.07637865715583,3008.5173883854086,9,1
4698,69,3,102.94043549555066,4792.730531106916,6,1
4699,40,55,109.33565746596508,5577.252167557512,1,1
4700,62,33,38.609006159406036,5790.2291351506165,7,1
4701,22,71,32.44981559264004,3862.394030529403,6,0
4702,48,19,70.35350465581337,706.932959226405,9,1
4703,58,34,47.163262156005594,4018.7803985572,7,0
4704,23,50,80.62974722470652,2744.0348250375305,3,0
4705,54,47,71.37472905707574,5295.479311247914,0,0
4706,27,46,34.48521102254268,1539.9771149091212,6,1
4707,57,56,93.92704938517711,3211.9073655356874,0,0
4708,24,57,100.37843785259304,7732.341316604212,6,1
4709,56,51,116.30430223942145,802.052453919389,8,1
4710,55,54,59.55388763611394,4858.439847735166,4,0
4711,38,28,53.77349354815543,816.1210094834324,1,1
4712,37,19,39.226265601993845,1340.2656819256824,0,0
4713,20,27,38.08650552091986,4878.981670043151,7,0
4714,68,48,52.10532853799853,3607.564628364513,3,0
4715,39,19,118.18167023542681,4433.142075906347,7,0
4716,64,51,29.22586747241563,7050.990147701233,1,0
4717,21,7,45.93662020774835,6556.197915836683,2,1
4718,45,29,28.597839687504162,7115.053450485251,2,0
4719,29,43,47.36313927357376,4968.413874621877,3,0
4720,55,69,29.2401432530705,3968.1810407407124,8,0
4721,68,58,70.83088667560281,3727.660896062173,8,1
4722,53,8,63.83556535203164,5944.487594157307,4,1
4723,64,42,37.40503303865631,4218.269038767207,6,1
4724,58,42,37.48078937751861,935.5734904715285,8,1
4725,22,13,82.61090737193928,1221.3182900602644,0,0
4726,30,26,58.71213389905432,2920.9538649398305,1,0
4727,40,18,25.619493673325692,635.8046385723908,5,0
4728,67,42,112.0192599767068,1989.9266337334486,2,0
4729,47,51,60.49524858098004,5285.5667403870175,6,0
4730,54,16,79.10475548566882,198.19946714824783,4,1
4731,42,3,108.54119499183736,4872.333638093834,9,1
4732,65,45,60.21589972736478,6201.619693294458,7,1
4733,44,22,102.06600394112492,1444.214637095669,0,0
4734,68,23,111.47522246029499,1529.6516492990281,8,0
4735,31,59,37.40673836633702,327.9652954564973,9,0
4736,65,62,109.2492460003309,4148.355306784346,5,1
4737,64,68,31.983244670637816,5271.241699294465,4,0
4738,53,54,47.5127409379333,3709.5856984684888,7,1
4739,56,57,100.82114476502366,3176.645596047073,3,0
4740,33,23,110.06845482876116,3689.8612566199713,8,1
4741,39,60,88.4138788373057,6274.072927924777,4,0
4742,38,55,30.482584952249276,364.76302802833595,0,1
4743,38,63,72.29922769047526,6292.166630577606,7,0
4744,25,56,77.26341090497714,5364.102713767651,8,1
4745,66,55,48.18597300006576,2007.269777843617,4,1
4746,33,25,119.12958069003977,4245.443837297439,4,1
4747,48,26,53.562795685939726,489.39629815431175,5,1
4748,59,49,41.02547692942592,3098.7504956804796,8,1
4749,27,63,31.013602865204884,1474.9355847093655,4,1
4750,49,45,57.8501260873138,276.1730495631665,1,0
4751,51,39,89.26186916460534,2921.0070323511304,2,0
4752,26,65,43.14170932924833,5836.288097416042,9,1
4753,34,69,96.95442174635943,7376.072752131393,2,1
4754,28,56,33.54012677217271,5331.8817534161335,8,0
4755,49,9,64.04679309785708,3275.5640122300847,7,1
4756,27,70,90.23737401060409,7996.019287974833,5,1
4757,39,28,33.53094026876377,2335.2537139916612,4,0
4758,34,45,79.78422099949773,1578.3383183946264,9,1
4759,21,26,99.89525124169056,3763.0899268847525,1,0
4760,65,28,79.55488962892066,4088.800181990281,8,1
4761,69,40,71.14639243275175,2903.1047023422775,9,1
4762,64,15,103.82995532028407,5594.442724458028,7,1
4763,42,6,118.54203500012166,1552.5288542329151,4,1
4764,38,27,38.13129523551748,4131.684102031368,5,1
4765,54,38,89.13463413275372,4051.0029721562273,8,1
4766,55,68,28.06575543395367,6607.912739184951,0,0
4767,66,64,24.28410239739472,7423.048770210358,3,0
4768,18,30,48.08189702310101,5339.800402314211,4,0
4769,42,3,117.09197885268797,2512.435563643665,8,1
4770,68,62,75.21956513689376,5547.927056959499,4,0
4771,53,12,46.82713439554112,2085.8319209999577,4,1
4772,34,30,33.25860964049588,7735.700684788347,2,1
4773,58,38,112.01834030133361,6596.660740753431,7,1
4774,41,60,56.236658187144066,3506.4030181816997,6,1
4775,19,38,50.669727038699826,6296.31378541861,7,0
4776,57,15,105.79634319990052,3328.3795983590744,3,0
4777,32,18,80.44028317108706,689.4202543600081,7,1
4778,49,52,36.86361116416272,5683.474096704783,9,1
4779,56,29,62.151053151917175,3296.4492809246804,3,0
4780,23,60,112.82310681057079,7449.526552592508,0,0
4781,18,21,110.12035745643546,2521.8335932013642,3,1
4782,64,17,27.010979272431083,6762.329289491287,4,1
4783,40,18,46.86131927526222,5475.458977133437,9,1
4784,56,57,35.45393980291494,6841.26446741034,7,0
4785,34,37,73.38117142583448,2405.8668290390883,9,1
4786,51,60,94.99833170303184,3744.6286862172888,5,0
4787,58,38,49.55432111559676,6602.719188759898,9,1
4788,46,12,95.79960773853217,5186.168671557814,4,0
4789,26,1,86.87155730691681,2943.383006013143,2,1
4790,30,58,92.82222094075168,4144.76544310347,3,0
4791,23,3,114.82437133026531,7969.1749454698775,5,0
4792,23,63,62.46118607867027,5960.599163769667,5,1
4793,37,21,54.25680246114792,4954.72895696223,5,1
4794,69,23,88.38472081316877,6640.499905424775,1,0
4795,20,9,100.75571414777902,3592.039676300144,7,1
4796,34,55,39.14452917092717,7605.505636708815,7,0
4797,66,19,104.67996008147614,4460.9677066959675,5,0
4798,29,62,25.78524909990914,2682.289982047679,3,1
4799,65,39,20.639375207601955,779.557822815895,1,0
4800,64,27,35.84271494061794,3067.9922320530654,5,1
4801,62,46,117.86671869732325,4592.243178588906,5,1
4802,18,34,72.35653776177764,5655.6602959926295,9,1
4803,34,33,24.656741151410937,7013.421873997479,2,0
4804,20,50,119.71756840497129,7557.290599058137,1,0
4805,43,20,94.49112548270224,909.3853848309092,3,0
4806,32,40,103.80050759512163,4847.149389382737,7,1
4807,53,58,41.294052648008346,5366.058228387906,4,0
4808,49,31,30.544943423635765,1459.3041542475346,2,1
4809,49,38,71.50849427176344,4410.245374080979,4,1
4810,21,45,97.21756842822425,2745.1857210841736,8,1
4811,35,41,83.77806523184975,711.5969226887157,7,1
4812,66,9,83.10593315181711,620.3413302204234,9,1
4813,36,9,95.70960836883198,6097.782545501676,6,0
4814,60,63,42.7020825553512,4962.09806978897,3,0
4815,69,22,86.15192818109894,5749.461258019912,1,1
4816,52,16,59.21106691353573,5513.697420837507,8,1
4817,57,32,26.97534853203392,1161.0671682555749,2,1
4818,31,66,40.21426062433853,1297.3655265374475,5,0
4819,50,14,99.40037392048926,2094.6214212362206,6,1
4820,31,38,109.5930698080457,3252.894637021049,2,1
4821,51,8,48.282181152837694,7519.492177007292,2,0
4822,21,21,39.03609380056821,5423.749654925261,2,1
4823,41,56,22.672450424517482,2115.8582821552736,2,1
4824,46,46,114.76973885868118,542.2744044359854,2,0
4825,36,43,88.38549250352078,5505.3690533703475,6,0
4826,23,46,115.70301050431603,5040.0159194468115,4,0
4827,50,48,106.38491829705549,5438.531005060881,3,0
4828,66,70,54.04665926904077,2163.3192670627805,5,1
4829,57,31,31.26830457555068,4184.00941608037,7,0
4830,36,33,69.90567948601378,2957.452130992763,1,0
4831,18,44,22.681379781767102,6559.821617671387,2,0
4832,22,71,34.99166281434496,648.2336307374765,1,0
4833,44,8,43.34326290150835,2275.9901365889236,6,0
4834,33,2,86.56465961444752,4863.334578945915,1,0
4835,23,17,70.98774739540961,1721.2678388847698,4,0
4836,57,52,50.24195561127978,5414.436144185707,9,0
4837,30,45,76.476839919134,1180.5027752812086,8,0
4838,65,37,32.52026488883673,280.2171058101547,7,1
4839,52,42,95.57081268186126,6921.60680947645,7,0
4840,36,44,91.20351387532843,2734.210771117514,2,0
4841,29,38,41.65026756805294,1339.1069661821555,0,0
4842,33,6,80.63915557763067,1464.4013033918186,1,1
4843,60,68,70.3302604297238,7098.573612873062,6,0
4844,27,51,26.081631184979976,5270.008108559816,3,0
4845,42,35,47.81539168361344,7655.135506061712,9,1
4846,37,58,119.94827040238525,6420.31855468546,4,1
4847,48,57,29.953566111081603,6163.587211722537,0,0
4848,21,6,70.64113070221607,4048.58321064315,1,0
4849,61,13,104.93337546145771,6584.35869977855,8,1
4850,40,59,50.06518730051639,3359.955053690628,5,1
4851,19,30,46.070863899375055,6633.3039265556,6,0
4852,39,2,109.07930516903238,6086.15620432827,4,0
4853,68,58,50.482994698157306,5459.665142208803,8,1
4854,54,36,85.1493311252792,2704.7578691113076,9,1
4855,25,45,94.03129843309826,5082.621934737625,4,0
4856,24,9,98.86177493071051,4103.622235723125,5,1
4857,31,65,119.47596373069965,3746.1886487146867,9,1
4858,20,50,100.31920697099004,7922.946033729457,8,0
4859,67,32,85.70121568875344,4084.7428556607138,4,0
4860,33,43,109.54635577589735,352.69102268896955,3,1
4861,36,54,110.57446356389475,5049.096165746963,4,1
4862,68,47,117.31664576596151,5851.28567571834,4,0
4863,35,14,97.64652644764861,7092.952567602278,4,1
4864,69,48,39.49273305981309,5098.209341110332,0,0
4865,33,55,90.98060889039901,253.71122586821986,4,0
4866,25,29,27.51284416438185,1045.980252908417,4,0
4867,50,47,51.79629279153935,1373.7963883483083,0,0
4868,66,63,31.580751031558346,1768.964688912065,3,0
4869,29,19,114.99426068875401,6418.237487524524,7,0
4870,28,9,53.8754112224362,2547.1043950724547,3,1
4871,22,37,91.32156464432498,2567.662349889799,6,1
4872,44,52,77.13184357861273,6069.140783724053,5,0
4873,29,57,30.751141305713684,3358.248938718713,4,1
4874,34,28,76.13444478808775,610.6523024350438,8,1
4875,23,36,86.10235434248729,4722.498921509016,7,1
4876,50,64,108.15172573136296,1127.5347233867355,4,0
4877,22,18,27.008564241914318,4616.147811756515,9,0
4878,45,35,49.563398509684056,6259.141050213013,6,0
4879,31,68,89.23409439126125,7442.968134885458,8,0
4880,22,39,23.433163587181188,629.7155948989853,6,0
4881,50,8,40.35534561774709,2501.336011723676,2,0
4882,67,15,41.867039640466814,5254.465465762937,9,1
4883,65,7,86.93264127735739,2592.078722473834,4,1
4884,58,17,48.596067947544746,3663.102328425005,8,0
4885,36,64,79.95956622601574,258.7178140999387,8,1
4886,39,12,116.53484466763072,5578.634248678537,7,1
4887,22,56,99.3242982001234,7077.913038944901,5,0
4888,19,46,53.2902804644506,7817.191217722343,6,1
4889,47,47,67.23999688393643,6661.213456750528,6,1
4890,64,16,40.067390210100285,351.03247314863785,0,0
4891,56,69,21.572001030344982,5249.646348596795,7,1
4892,21,2,48.97153981248582,4015.7080458795717,5,0
4893,50,54,56.94086112049382,7509.374396389931,6,1
4894,30,27,76.43671729184754,7226.897031082483,9,1
4895,37,31,114.40666492637297,7905.564777619437,9,1
4896,24,41,114.78520730718336,6909.2803716672925,1,1
4897,32,36,27.009829885928877,4420.44785747149,6,1
4898,40,47,81.46456795311704,5747.714071739835,7,1
4899,31,43,24.23526508878561,7720.950167295666,4,0
4900,40,65,84.80810748157036,4667.122149356081,0,1
4901,36,50,31.77030622751466,6735.835577396881,5,0
4902,46,1,114.64028250221004,7543.458021364273,2,1
4903,37,57,106.43386825389695,4607.247760865472,4,0
4904,46,16,22.23288305533833,1357.3185440333978,8,0
4905,41,28,98.21317244578563,1328.9508058076938,6,1
4906,35,22,83.5897117170611,1011.0056759268826,7,1
4907,27,41,69.5369190634379,3862.953124172028,5,1
4908,58,19,80.26344867524884,3893.118468354759,8,0
4909,25,50,87.82500604631375,4977.232388132509,2,0
4910,43,59,108.44574755605132,3914.695231553898,0,0
4911,46,69,96.73576610427453,7787.134622323797,9,1
4912,27,34,77.53778193299905,2401.3554827317284,3,0
4913,34,39,102.46156607450085,7003.151341802766,7,1
4914,19,7,118.69229565036002,892.610378175838,5,1
4915,23,52,50.01820208932947,4855.149656490172,6,1
4916,22,60,31.842069401826816,5221.769217140315,8,0
4917,45,52,93.14482607086997,6200.617999953963,1,0
4918,58,24,117.85963339129832,4073.8754822670853,6,0
4919,22,26,31.67059212024676,1658.0876674998901,3,0
4920,35,10,63.170725800824215,3015.081139251176,6,0
4921,43,17,26.22676421857222,2250.075980315471,7,0
4922,37,2,97.65319427707897,3410.933573518098,1,1
4923,58,27,114.8708715717112,4286.7496309303315,6,0
4924,66,71,69.89941544519999,5038.05530188027,7,1
4925,44,48,60.95211472601892,6776.463364842423,0,0
4926,66,9,110.7719023250521,7289.08153637681,9,0
4927,29,23,33.33883893171166,3754.392150720806,4,0
4928,24,71,109.15843114750255,800.504355114406,8,0
4929,20,27,59.21260028013675,6396.814997853592,1,1
4930,27,71,75.94064123578974,3869.546028609081,5,0
4931,51,43,72.8292105128309,4416.928150832963,1,0
4932,42,7,81.5979174410445,4806.773705786213,2,1
4933,52,63,114.21233137575041,5376.155294061723,5,1
4934,33,44,115.11270322673778,7131.796794256811,4,1
4935,19,39,103.11482671636855,7621.95494216051,3,1
4936,41,40,39.15440770377994,7527.337620560466,6,0
4937,27,7,53.35163243884593,6494.762853035972,2,0
4938,55,70,68.78248502545446,7125.013803312042,9,1
4939,39,25,110.54609393685173,492.2726746920279,6,1
4940,43,59,72.08648238462119,6807.9900649917945,8,0
4941,60,13,117.7435664668798,670.8953711467938,1,1
4942,56,62,118.38411716692158,5994.931869931823,4,0
4943,44,8,79.85842594629827,1437.972610589952,0,1
4944,46,45,107.74953395478113,2944.87252191436,6,1
4945,64,18,119.9222712023899,1555.0510653186632,1,1
4946,55,60,104.97165180212197,3603.346929434492,4,0
4947,37,60,85.69110131862546,3352.8048061512986,0,0
4948,44,2,104.5133525520495,479.69646738467645,0,0
4949,58,66,28.265506178982108,6660.933766311724,3,0
4950,37,14,83.48213175298393,6848.073316775959,6,1
4951,61,48,41.65220322350051,6321.307227639465,6,1
4952,36,56,31.606365065067404,6796.092165527024,7,0
4953,37,12,109.28712523281018,6031.9443789592115,8,0
4954,52,55,83.96449437580539,7506.1271184478355,3,1
4955,64,28,44.35465459219237,4653.498776578461,1,1
4956,19,4,58.67822977401486,4702.876118030871,9,1
4957,47,36,117.32765453533918,6893.288276559012,9,1
4958,51,50,106.21820528796287,2860.3828190769145,2,0
4959,39,3,21.558179550051598,495.650598200311,8,0
4960,20,1,117.98009951323444,6023.857623645486,7,1
4961,23,17,56.852947334645734,2111.254517341865,5,0
4962,32,71,89.54181659859248,3846.462915036686,2,1
4963,44,62,91.26765646091935,1999.4747018285439,9,1
4964,27,48,111.16844357070273,6634.017731022768,7,1
4965,26,62,108.50608762036146,7670.514424127869,1,1
4966,50,69,48.17295914496609,534.6825184446437,3,0
4967,49,19,84.35354782857308,1943.63588856298,3,1
4968,65,34,59.370542292900446,1597.54077814095,8,0
4969,23,49,72.55437364597198,5418.3077506575855,7,1
4970,58,47,75.4678525434939,3486.559358225203,6,1
4971,53,50,59.634344583103676,3704.467141762397,3,0
4972,19,26,66.38940204404267,1340.92476660471,6,0
4973,46,56,40.83422679210112,3376.403668085385,0,0
4974,21,14,80.76463832614718,2495.5034169247215,7,1
4975,18,25,95.89598154427607,4928.408225898361,7,1
4976,36,4,62.97412041232745,1816.1820070204146,8,1
4977,43,32,117.76800882040688,4957.009594895774,8,1
4978,42,65,25.722640741146854,3084.187015685507,0,0
4979,27,61,78.91606817472145,2835.7270400243315,9,1
4980,32,20,78.36007734437621,2513.8974098720078,6,0
4981,39,10,23.629627841074946,5423.284602804057,0,1
4982,68,34,42.457017239773805,4543.105402920509,5,0
4983,65,61,110.55425836495654,6828.60143001692,4,1
4984,38,27,74.45140446092138,2008.7204028455806,1,1
4985,39,40,63.63858749678805,416.9446773488399,2,0
4986,53,65,61.54964455368388,1537.9855065194895,7,1
4987,51,33,108.81608320201092,2812.5152781981237,1,1
4988,47,68,56.70311756215858,1519.274423437297,3,0
4989,42,71,105.91668623262578,759.7343523002447,2,0
4990,62,9,50.91925993094502,3618.1739380395925,6,0
4991,45,16,73.15039845028434,5447.77594364427,7,1
4992,18,5,34.38197695359088,6037.409058936422,3,0
4993,66,23,102.50303122434445,3249.9458652769677,5,1
4994,62,43,93.59748710048278,3876.5522969216813,2,1
4995,21,57,73.00930634747665,6068.216897660925,6,1
4996,24,51,22.59013074789728,2886.391859435926,7,0
4997,66,13,68.12573318575541,6299.653069016984,6,0
4998,26,24,42.519652822524684,7742.270918231862,3,0
4999,53,11,61.33742958750194,7055.7969243969055,9,0
5000,36,52,105.64264888586445,3683.403159827514,8,1
5001,18,17,96.9603305350733,4678.196109622506,9,1
5002,27,37,44.19529095075972,5759.768454582925,7,0
5003,53,13,118.49534329255505,2859.473495245828,5,0
5004,26,62,110.32105062904678,6413.980989812659,1,1
5005,62,8,72.86734431337663,3551.6442627161946,9,0
5006,63,56,73.01503202879132,6790.048308993429,6,0
5007,59,70,110.12659650033024,2112.3977699159173,8,1
5008,49,44,83.61448084392319,189.88664502937507,8,1
5009,49,60,73.66884118627729,5098.238328181763,8,1
5010,23,41,94.91485236809294,3669.9240281956927,8,0
5011,65,21,43.509711527075225,572.6026244387261,5,1
5012,55,42,107.83774196955994,3952.137589277297,0,0
5013,34,29,73.14152404080544,1431.7017788299675,5,0
5014,27,65,80.34992949717008,5075.0183851804,4,0
5015,67,17,28.99438712548345,3615.860063394904,6,0
5016,44,30,50.950895876223164,1451.88554004912,7,0
5017,67,26,62.673533667209455,3354.3176829754557,0,0
5018,52,53,61.39095234360195,1938.3995846020032,9,0
5019,69,19,97.82843661784578,5259.464565736026,3,0
5020,38,53,48.2322397490008,2431.6326549612695,3,0
5021,42,17,38.2109262343066,6593.937065405295,0,1
5022,45,46,78.26172514622532,211.88932338294708,3,1
5023,64,53,81.50148583670824,3287.0020146841293,6,0
5024,32,64,32.158330708624085,4974.935599144972,5,0
5025,21,45,20.2468502985996,278.6054471483874,3,0
5026,46,49,111.76490800218589,1805.1510299400318,1,0
5027,26,19,27.963699711333405,2686.617680282733,6,1
5028,44,71,109.78669319420001,272.57198120051953,7,1
5029,43,65,59.921487438641115,4418.856568320297,8,0
5030,36,37,85.3055907995067,5083.8602737674155,8,0
5031,45,70,38.561469070639625,1897.4257893229596,3,0
5032,34,26,102.39170278274891,4393.5135458941895,2,1
5033,60,2,38.01933868998743,7993.102424344228,4,1
5034,58,59,58.65091483149067,7106.662373203825,5,1
5035,59,5,43.802577948082636,563.4205696438698,7,1
5036,67,37,103.75059576869369,1110.2714688889694,2,1
5037,37,31,105.83358136488795,4005.786238659685,5,0
5038,62,48,57.202888937023125,2037.0888074312481,4,0
5039,57,6,50.73784710042736,739.6569736969642,6,1
5040,56,15,97.35653751951652,2110.980492691179,8,1
5041,66,15,107.85119718112512,583.3069716230402,6,0
5042,40,61,82.40199941140638,4286.3082927136265,5,0
5043,64,16,112.74036757291033,3972.9758189980203,8,1
5044,49,20,58.30438128500836,149.97661309358645,9,0
5045,69,44,35.18864020173623,3911.879525587041,3,0
5046,64,42,37.964298231704134,4206.460663361829,0,0
5047,50,46,86.983195229722,4885.059553991631,7,0
5048,63,34,60.752642307861656,7763.787822811386,5,0
5049,22,64,35.63145983418177,7863.270173710804,5,1
5050,60,29,49.22268549036079,4262.741554299495,4,0
5051,65,3,73.06050720327485,6776.974911117281,9,1
5052,51,9,32.144526696213646,772.8095829234429,2,0
5053,57,25,20.344249894440974,4296.1215171975955,5,0
5054,28,42,111.72980474956127,5463.310467869297,0,0
5055,67,46,50.486119077808574,4561.357674599432,6,0
5056,20,59,42.14981453429863,1922.6958561880617,5,0
5057,50,21,89.84808097281888,594.9980918064265,4,0
5058,28,22,105.34027221808783,3154.6873481439975,2,0
5059,33,29,83.22787673435242,5216.375732515394,7,0
5060,35,63,45.44827540985316,7934.533281878939,3,1
5061,47,61,106.16366233543087,1968.6142659331751,8,1
5062,65,64,71.04271961272192,7350.540286719932,8,0
5063,27,69,58.11908029602469,639.2650562495855,4,0
5064,35,40,80.4726119632974,7454.815263999428,6,1
5065,55,1,90.06122236383165,6675.6974661732365,5,1
5066,36,65,79.38298741151422,265.46828658159876,5,1
5067,53,62,112.02454457228059,2455.6644553004508,3,0
5068,30,54,82.80178059990537,502.55756406041485,9,0
5069,63,60,107.85807126255764,7964.49638508352,7,1
5070,20,46,78.69584351538735,3479.9676362118325,9,0
5071,27,5,52.96795737301249,5331.170804924036,2,0
5072,55,22,73.22968174831954,1950.1055410968559,4,1
5073,18,53,28.633668965160258,7476.516285473659,0,0
5074,44,70,43.017463389579426,2265.975299461826,0,0
5075,63,32,96.62316622037167,2155.695397688158,8,1
5076,25,11,86.14756106844261,2585.3407579366876,3,0
5077,68,10,36.65187105338614,3753.6644007405807,8,1
5078,63,39,63.80151762580812,246.40853721471711,6,1
5079,59,31,34.199220593024975,4822.916251011867,9,1
5080,34,12,105.5817856373974,350.1597974118313,7,1
5081,26,38,30.916970175428887,4359.699653142786,8,0
5082,23,67,85.42349967603346,3717.2907272386847,0,1
5083,60,66,80.70000009781693,2016.1217592776406,6,0
5084,42,52,67.27766456468498,2705.167335649531,7,0
5085,56,5,47.823462266414175,5674.71250883289,1,1
5086,66,11,60.39564999930294,175.8204069840311,9,1
5087,45,25,100.6391300461047,2601.5123904035017,8,1
5088,50,35,96.15508155461025,5474.348307902452,0,0
5089,54,35,93.88091151611364,1302.9635366801454,2,1
5090,26,22,94.98235843610578,4527.046668070217,8,1
5091,35,37,34.388637435533916,1434.5701350134302,0,0
5092,38,55,29.909645036243163,1322.6188271702968,3,0
5093,19,64,106.14986228540221,6201.012756217679,9,1
5094,60,20,103.7174570344444,2205.550291078988,5,0
5095,55,4,88.13183040463635,3068.5760397249664,5,0
5096,57,18,80.59057453155383,5867.1427184372615,3,1
5097,53,51,56.68717064823884,1518.204844289513,9,0
5098,67,68,42.40825915780032,4300.722468529575,9,0
5099,60,20,86.76564377298364,7350.775343740838,9,1
5100,54,9,111.30346380824768,4475.231873090061,9,1
5101,32,26,63.699657573814996,485.8815563250925,0,1
5102,45,25,50.32124702229035,4758.608469949174,4,1
5103,35,68,47.07418134894911,812.2118561637428,4,1
5104,51,41,22.370524289974863,2328.7838694229363,2,0
5105,39,59,72.03167221940654,6812.43333221374,2,0
5106,28,45,118.82360298548315,187.44611174208163,3,1
5107,30,41,101.52377161393224,708.4051384505109,2,0
5108,21,38,109.74747181652583,2970.5766165749305,2,0
5109,39,19,82.11640962755061,7995.227451204861,2,1
5110,24,14,68.14464104827508,2405.724857967561,6,0
5111,60,21,119.04570074037514,1342.4694880146467,8,1
5112,41,15,64.71621106388469,4440.434849501166,0,0
5113,21,3,111.68305757134468,4202.114670406187,7,1
5114,45,37,96.18448087837349,3651.9947485878165,9,1
5115,32,46,53.09784252380526,7578.564641139295,0,0
5116,18,16,70.3062183252985,2313.180030509098,8,1
5117,20,14,58.432922176370134,2417.261411169533,7,1
5118,31,9,33.62232741659649,1208.0300739579648,5,0
5119,55,7,55.6766581562193,5608.575341537785,5,0
5120,67,14,108.89728842800945,2638.8188215362525,9,1
5121,18,6,95.2635685349068,6441.648315060655,6,1
5122,55,15,47.7581074301662,7776.88723124607,7,0
5123,55,52,56.791331309753836,445.11341172567666,6,0
5124,38,34,81.64339230065218,7945.6629314591855,0,0
5125,65,1,61.61398150084874,2107.423388220967,9,1
5126,46,69,70.3044116364563,3418.871822310767,3,0
5127,22,20,89.81684110959824,6244.172500492268,3,1
5128,66,7,66.72508481440207,5356.116022900663,8,0
5129,27,7,39.09697896671958,6249.6516745955,8,1
5130,45,50,72.05739373148293,3784.022924178984,2,0
5131,38,2,55.61182302170924,7336.929920725622,8,1
5132,67,47,49.07342284586226,6340.532362700371,4,1
5133,24,14,52.81085611065191,2542.901005926041,5,1
5134,20,31,63.900221749000565,7592.993748655203,6,0
5135,62,50,108.66131428716211,7692.3281280681995,2,0
5136,64,61,93.40571043302002,3378.923090478279,3,0
5137,37,41,86.7881938501362,5250.4878551019665,4,0
5138,36,14,67.12602108817335,6536.671428189838,0,1
5139,52,5,20.182994714968345,6556.6756632844335,7,1
5140,21,5,54.05507114390913,211.57600305698332,6,1
5141,22,64,101.31920399794735,5069.207701067678,1,1
5142,18,29,58.81709095177397,7792.224449859788,6,0
5143,21,5,76.38191250676405,1927.6424675897522,8,1
5144,29,36,40.47398163470968,6385.309987497815,4,0
5145,44,19,111.58577418457908,4320.556206508161,5,0
5146,59,64,112.31704357370666,1849.614667997401,4,1
5147,40,22,34.60703839583538,503.19999526356855,0,0
5148,42,34,92.41589492063322,6103.3815170343605,5,0
5149,38,56,27.5238507751913,2600.1157612461334,6,0
5150,69,17,79.85476179800978,3067.1296217143267,4,1
5151,41,56,37.86536508259964,3933.3253206671875,2,0
5152,42,17,34.57052524892038,4106.8397334733345,5,1
5153,62,18,20.411981739266988,1728.8660580662474,6,0
5154,63,45,114.08571368674033,5398.07172248892,9,1
5155,49,56,102.9252491520458,5571.065841651402,9,0
5156,49,50,27.747555725795905,1224.1773035440235,8,1
5157,22,58,79.93756100670234,4309.985365309392,6,0
5158,53,18,43.289823479923285,4913.148850995615,2,0
5159,63,7,46.40158821396067,1571.3871928623098,0,1
5160,59,10,107.41703216759925,7166.250799581587,6,1
5161,66,69,31.432574560120223,3914.324303284778,7,1
5162,59,3,80.14901356630435,1008.7240255615355,0,1
5163,56,44,60.12555349790091,2741.7298032074386,4,0
5164,33,70,39.08005996302896,3867.987541369766,7,0
5165,50,14,65.19180752626625,180.13880933756107,9,1
5166,66,4,114.04892871061283,352.08801801004506,6,1
5167,38,18,98.16100492305522,538.6127029538816,1,1
5168,26,52,33.211140136366694,4351.268284605523,3,0
5169,23,38,104.94297397176473,2755.0967502764174,5,0
5170,68,20,113.74405289874431,7155.521979642396,6,1
5171,62,44,47.69642808422073,4517.947591398265,6,0
5172,52,51,53.34196955153477,6103.180997685197,2,0
5173,56,19,32.6309926622055,5528.352096365072,7,1
5174,39,68,54.494010442174215,4210.5337451780315,6,0
5175,58,66,87.31407971396123,5983.291474144485,3,0
5176,22,13,47.21550150962677,4403.175052655059,9,1
5177,59,62,20.682501076692,3145.104811004559,3,0
5178,40,61,53.854464763347146,3542.858176810422,3,1
5179,34,30,65.31740289687326,6724.160582396663,4,0
5180,29,30,76.63560374207093,4549.86110917602,1,0
5181,40,51,88.38251043580198,3080.6395704822935,8,0
5182,33,48,26.17843442287701,1519.97089753136,5,0
5183,20,33,66.9751945299441,4013.3269533934717,7,1
5184,47,19,46.63624626840184,2093.9924653065505,0,1
5185,39,71,114.79695655444975,7649.081037214125,5,1
5186,26,57,55.98985097939226,3978.7584687435965,5,0
5187,46,19,30.012369871987037,170.69136372513125,7,0
5188,64,41,24.149149077157112,833.7297970063463,0,0
5189,54,42,46.540588759490646,2346.1634845132858,4,0
5190,40,52,37.88787388826426,828.086449416657,2,0
5191,30,4,84.97996268787428,7162.301581413672,5,1
5192,49,4,104.69665417076332,6849.377377724193,8,1
5193,63,5,51.255870347026246,7769.805920126378,9,1
5194,69,41,77.77914549604904,5681.0783533160975,2,1
5195,64,61,93.03052769810532,5199.1699150749255,8,1
5196,65,55,59.8487689139335,7395.623439376635,8,1
5197,40,13,26.632561133806757,7576.505843969962,0,1
5198,62,14,42.918491092778524,7032.15395878046,1,0
5199,34,60,108.30658080886833,6905.635466176599,3,1
5200,57,25,102.44802662548949,5406.455718005451,6,1
5201,38,44,28.653252882391705,112.68698319319392,1,1
5202,19,10,42.39487233672408,3493.1846976042566,6,1
5203,54,71,96.916528212332,5121.735892316846,4,0
5204,23,50,68.589823198882,4422.306305512378,9,0
5205,61,44,95.99670316957243,6586.900376137892,6,1
5206,35,14,41.10924716621465,6569.327984461625,8,1
5207,47,15,115.26981391702748,4829.587874746685,8,1
5208,39,16,98.36074487998992,273.753020746603,2,1
5209,50,2,39.745232482600805,3017.7066234442705,2,0
5210,47,30,75.8449200679989,1907.651024213444,6,0
5211,34,30,31.309712809625783,2776.426059166481,4,1
5212,60,31,56.143481512650254,4976.611970676889,4,1
5213,49,20,85.96213684755207,625.0490311935478,4,1
5214,59,49,53.01276879287717,275.7121874868751,8,1
5215,68,35,85.67583957579679,3551.296036244405,3,1
5216,31,23,44.4779464660762,6369.233274756394,5,1
5217,27,61,92.12067805330669,342.51873932855966,5,0
5218,64,55,55.95895739199291,6807.483822235203,6,1
5219,68,67,99.04812709114371,3132.6490987250627,1,1
5220,53,8,33.668991471781354,1034.0598886690693,5,0
5221,51,40,56.19779493522852,4583.232057505007,8,1
5222,26,59,66.39324537746842,7623.648435252833,2,0
5223,59,32,62.38455245005767,4385.851902406639,1,0
5224,45,7,63.30945045203401,5524.414570709175,7,0
5225,28,2,64.48033333450726,6549.7281664390575,0,0
5226,31,6,118.88035252326513,6414.786965754616,7,1
5227,56,36,39.31571032696547,677.6379552585435,4,1
5228,64,32,96.86638305086043,5953.863764524306,8,0
5229,36,45,75.17887811066579,7600.65157039571,8,1
5230,32,42,61.36284181098541,5635.15264844656,3,0
5231,45,53,83.35287171752645,6707.8988603126945,0,0
5232,41,9,105.3531443099804,3935.8426379878456,4,1
5233,25,49,66.6638363953086,2620.647678345684,6,1
5234,60,2,106.48013689610676,5442.289862417904,8,1
5235,26,67,29.37983349590499,3988.3798271433798,9,0
5236,64,11,85.30842219930989,7172.7819648838,8,1
5237,50,50,53.31800613208632,7797.617551891489,8,1
5238,50,35,58.67153272721641,6576.436333321104,5,1
5239,36,15,77.10197509043037,7942.168978135008,1,1
5240,20,31,67.99167982975723,2852.127727314995,4,1
5241,27,62,58.17794385098544,7176.46749216042,2,0
5242,57,28,50.83234218197314,2706.475667499298,5,0
5243,64,25,81.83153022315322,1032.500794917033,4,1
5244,59,25,70.55796518296253,5008.852192960445,9,1
5245,18,1,52.33091255108804,3694.410211064771,0,0
5246,46,59,40.49610188775588,7381.423944101882,9,0
5247,67,69,97.44681959637522,3988.331711866319,9,1
5248,51,42,99.97149245278878,7428.297376582995,1,0
5249,68,34,41.37881269802027,721.2075508413103,4,1
5250,30,66,46.16490132446003,6661.0435023960445,5,0
5251,18,18,43.91430225014869,6097.002720868621,0,0
5252,51,5,108.45697455765415,5787.828360480484,6,1
5253,46,20,97.41303810618506,2905.573255043439,2,1
5254,65,66,27.45735232499807,6291.701124380838,0,0
5255,64,62,103.26659498270857,3918.0429760337383,6,1
5256,30,32,23.685182072579163,5750.107735989668,6,1
5257,65,58,45.31997909830127,4462.594459602846,9,0
5258,66,50,111.89913840966149,1343.7736658139472,2,0
5259,46,38,106.43312947662093,610.0128623690877,5,1
5260,56,55,98.14345147246148,2992.87454450689,3,0
5261,41,28,65.75472291092495,7469.031701272203,3,0
5262,43,22,52.141410102000776,4284.90666449027,8,1
5263,34,43,108.15458375404567,6437.31733417328,6,0
5264,24,36,85.70740902692121,4650.029258125768,5,1
5265,30,52,49.550885504779345,7667.451761560157,8,1
5266,22,36,66.31958779654482,3018.698941021347,2,1
5267,43,28,108.15002222616192,550.6985974859862,3,1
5268,66,58,110.34554360782215,6267.2802281141185,8,1
5269,20,36,85.93020939717294,5673.106415815622,3,0
5270,24,70,93.25558607170338,4267.521619682934,6,0
5271,66,9,23.929783322880354,2678.4908212034857,8,1
5272,56,21,80.46005076371881,1587.29466674657,3,0
5273,18,64,88.8992568370977,3909.980748992883,8,0
5274,66,61,22.037714708023163,5362.991133394847,6,1
5275,34,40,104.38589879562556,4673.202792024524,3,0
5276,60,56,112.8285011650741,3556.1750319357034,2,1
5277,42,4,43.7936452418788,4363.58611020064,5,0
5278,20,31,104.57959326969645,952.8439494853278,2,0
5279,32,27,86.55125827091642,5597.136820493379,6,0
5280,46,58,78.06958197501984,5900.622745987875,0,1
5281,60,25,104.31259736891485,190.47557236701567,6,1
5282,49,69,48.561053574520365,2237.1044913008645,2,0
5283,43,70,99.0856177686854,827.723195368857,8,0
5284,33,5,51.452076766820326,7986.033841808525,5,0
5285,42,8,98.74565429080738,4787.408386665791,6,1
5286,45,9,65.10540057564575,3779.3309443898434,8,1
5287,26,15,31.694547149308043,3757.7080499503527,5,0
5288,18,7,58.15198603059905,7721.713961907285,9,0
5289,46,15,43.349327830975064,5312.859541381432,1,1
5290,39,37,30.053155078621913,1432.4105101520092,5,0
5291,33,39,31.028706842366496,3640.454741167352,5,0
5292,58,6,98.00713985040498,6216.155043472604,1,0
5293,68,57,108.13978525224677,3444.4655281844653,6,0
5294,61,19,112.71291194325039,2545.314064506183,8,1
5295,68,63,105.39461723304547,7930.607004984017,9,0
5296,58,31,103.02240972854418,7491.53336343661,3,0
5297,24,10,26.883585151660597,7538.326917659273,4,1
5298,31,67,99.01235947217103,1140.2129844146277,5,0
5299,46,62,98.3282659656451,1950.61652879238,0,0
5300,36,3,33.12903941046132,3592.3289695101435,7,1
5301,36,18,86.20092319346324,6673.82114003721,8,0
5302,19,25,65.25073364592815,5920.9375677982225,0,0
5303,58,20,110.00135234720707,6812.372421704191,3,1
5304,62,58,89.54083623956674,7374.03000014323,5,0
5305,32,50,115.09875363742522,6268.058060099109,9,1
5306,20,10,30.492264527464368,2167.983080145328,0,0
5307,28,21,24.06073144523932,2355.0208908586374,2,1
5308,63,29,117.3579357760546,2884.6526848224776,6,1
5309,47,10,28.019216144490436,2494.295397985579,7,0
5310,57,13,58.619582091022956,2067.8817026545935,7,0
5311,35,47,84.99706222505549,6044.639873018364,4,0
5312,68,23,108.00566733340838,368.5293021130118,0,1
5313,65,50,45.457731821392606,5854.310530951014,0,0
5314,19,4,22.905821188502333,6606.153794968247,7,1
5315,49,67,72.12867904991894,621.747942424061,4,0
5316,25,53,67.11120202722412,588.5921468878698,8,1
5317,39,2,50.68931821890796,2355.1640428570777,0,1
5318,23,68,107.38993675014491,1745.623843253155,1,0
5319,29,65,94.93221715832347,4690.956022152527,3,1
5320,64,57,105.81163831992467,5436.067193662905,9,1
5321,57,70,36.18089594771992,5109.721769224166,6,1
5322,53,7,89.2411958940341,2923.0442250715596,3,1
5323,32,19,117.51017354188573,4037.342893447726,7,1
5324,45,44,81.19138918086922,5155.927553082539,6,0
5325,69,63,37.13643652954862,1043.4675235703255,4,0
5326,66,65,119.57803944681345,1913.144124185763,6,1
5327,62,39,72.83235815583782,7134.9196164908435,7,0
5328,35,26,104.00590182762471,2804.3783747380025,2,1
5329,19,44,34.93614474304314,6429.135417165672,2,1
5330,30,12,86.60962177579214,2082.819043463438,1,1
5331,62,22,111.26176982038639,428.9587771345727,3,1
5332,32,14,73.20178191119393,4053.164680539936,3,0
5333,37,30,48.866006058480444,7150.608144143643,3,1
5334,46,44,32.74218279575865,6572.347938222889,1,0
5335,59,38,49.59446652383303,2098.21943450347,6,0
5336,46,59,55.488420292685795,7288.492617952342,9,1
5337,20,42,90.99551052298295,3889.755569838795,2,1
5338,36,52,37.8621407029602,487.09212993049346,9,0
5339,20,63,30.610485571540764,320.6044961652387,0,1
5340,31,61,58.69395410337545,3932.3984986262676,1,0
5341,57,34,65.86536164091378,4415.950560139148,4,0
5342,21,39,82.8385052217505,731.3120726024639,8,1
5343,69,41,90.75313013009391,7385.701164428913,3,1
5344,28,37,108.92777088335995,5773.912945077502,5,1
5345,48,65,48.895356552803605,6430.13063204526,2,1
5346,60,32,72.8607822691929,4713.783684609178,8,0
5347,49,8,56.60407068030652,5341.998201620665,1,0
5348,44,18,20.142167203099007,3164.0958156342504,7,1
5349,47,45,77.94318227199275,5466.446971058336,2,1
5350,60,33,101.57960756711387,7827.644842093729,7,0
5351,19,5,23.643948610339407,5216.955693826654,2,0
5352,66,36,20.349175860297024,2798.906410698041,3,0
5353,26,23,92.78184065107381,2353.389066821496,7,1
5354,45,40,88.38597250088331,7710.432932691798,9,1
5355,48,5,60.58521053350209,1561.5181471537137,3,0
5356,51,34,86.16048816209097,6468.953232189996,8,0
5357,32,24,115.33860725310008,3775.5721068691946,8,1
5358,65,17,44.786279655530365,3605.7020593871243,5,0
5359,42,71,44.59265945315838,6005.548525032907,0,1
5360,53,22,38.62322047642139,1269.5035973629529,8,1
5361,25,15,92.39867499737504,3783.7378165448713,8,0
5362,26,15,55.31892381713401,383.08613336521165,6,0
5363,54,25,118.86931339871306,5396.213889940608,8,1
5364,65,53,91.46489034571513,561.1805432339643,7,0
5365,62,21,56.73768866473846,789.5815016237071,8,1
5366,56,66,34.91860340634648,6774.128411710705,8,1
5367,49,32,79.20248165277222,3599.345977425831,6,1
5368,69,21,49.49032530964255,1687.7079395311162,5,1
5369,34,68,110.55090812962867,4781.418150047501,1,0
5370,52,44,64.14043998764747,4202.337790217798,6,1
5371,54,66,49.26499645385542,3346.1757812685796,0,0
5372,36,14,78.85518145706807,7252.794827319844,5,1
5373,61,15,33.69745009710647,6020.718185403533,5,0
5374,46,20,76.15490728028783,1297.5836829168434,6,0
5375,24,34,25.611147851974017,4609.119734584617,1,0
5376,45,36,80.68886817472075,801.0768155676602,3,1
5377,26,9,73.01638439014289,2032.766366498172,1,0
5378,45,71,72.07659821389716,7287.896739093059,3,1
5379,23,30,88.41643870577806,3750.4314130951134,2,1
5380,46,63,24.44566144266847,7147.638202779843,1,0
5381,34,35,65.97314646302961,1411.3918281733565,1,0
5382,33,13,64.40386630403745,1722.1998053419475,2,0
5383,40,46,65.97824418424993,2887.3153122300328,9,1
5384,48,56,117.98909710653433,2993.9725738497873,3,0
5385,20,9,33.92784731442603,5987.690434821932,6,1
5386,38,36,89.04297570595925,4835.343439550138,3,1
5387,43,3,60.19961373785564,4470.670464978378,6,1
5388,53,19,71.17265243245136,4858.766503941942,3,0
5389,59,28,96.23939058561962,5884.3118429349315,2,1
5390,54,23,35.737544257348105,7153.2514450118015,7,1
5391,39,7,96.35852126364922,3376.4456561700395,2,1
5392,59,14,27.03307826844396,6443.114949095377,7,1
5393,29,46,68.3309511209833,4011.265376379626,1,1
5394,59,15,94.20708576995804,5804.418116141353,2,1
5395,30,67,39.25514553546994,7011.107925672164,3,0
5396,28,15,97.09156460354234,354.4970966821866,2,0
5397,33,51,36.681250692574324,4418.375067160566,5,1
5398,25,8,99.92387569371213,7916.106949037756,8,1
5399,57,69,66.89355729418375,4020.1728747274665,9,1
5400,57,62,88.46383318631068,6927.999092553368,7,1
5401,62,51,111.74064583691884,1568.608834092952,3,1
5402,19,63,60.84215236137337,4873.86801294602,1,1
5403,47,68,43.29575268227728,6975.417109552117,9,1
5404,47,16,106.71640966176768,3509.111739788292,0,1
5405,29,24,36.161664810477816,3945.1042653498453,3,0
5406,27,6,83.14760518374166,747.9414451472406,4,1
5407,61,57,112.32532880406146,433.1595264097796,1,0
5408,28,31,87.43967115353057,3802.7955667055676,2,1
5409,32,6,39.56810854500153,6763.455119964958,3,0
5410,33,29,35.228395176323296,7457.461749706248,2,1
5411,34,67,45.230553110059105,5303.358727344078,7,1
5412,43,3,59.14068328565784,6628.548934743477,1,0
5413,19,28,35.91590318499031,5905.347885001402,8,1
5414,67,48,99.78140664413176,5641.738032513234,5,0
5415,29,10,55.70353426088887,6175.361480415394,0,0
5416,68,33,113.60867359127263,4091.8933240463402,7,0
5417,43,67,104.2490864035324,3717.7110176251504,9,1
5418,40,69,110.88182628016865,1357.2338257106949,5,1
5419,35,12,49.449271500354,6766.141001993909,3,0
5420,49,57,77.37315438221901,452.4496528208468,5,0
5421,66,44,52.144951804235745,2212.8085577749,1,1
5422,55,13,45.69485115808477,4207.33756245126,0,1
5423,64,24,80.70867812025507,7775.625088924192,5,1
5424,20,44,101.7995380599782,6309.186244137588,7,1
5425,55,57,29.359780612665425,3012.5026747241614,4,1
5426,20,16,47.57687613660714,5740.192285048237,7,0
5427,47,21,40.513418088612724,7457.818165319733,2,0
5428,18,51,99.83501731560642,4357.1792671429,5,1
5429,47,21,113.33720730922194,3749.3275444574997,0,1
5430,62,60,27.994271018335898,4468.646850967187,2,0
5431,49,51,57.9213414707241,2561.087325116464,3,1
5432,45,21,111.45090427186567,7268.055604405105,4,1
5433,38,6,54.46382205462983,6398.526318445668,2,1
5434,63,65,91.26614363137031,5673.324487590889,7,1
5435,30,58,30.0666386519343,4753.827436444877,4,0
5436,44,6,64.43875316121422,7758.850749772288,6,0
5437,53,65,70.33007755916285,2451.8752628479215,4,0
5438,24,34,95.76640779850604,2336.7678027641114,7,0
5439,39,56,48.88246505798262,2012.8928296191393,0,0
5440,27,3,46.41885725505271,5960.0303102949665,2,0
5441,56,42,50.296767019583136,6398.556555006971,2,1
5442,32,62,75.56965087937408,4817.201991716866,9,1
5443,32,6,107.60044134647508,5250.671311671127,9,1
5444,21,6,103.09413964613069,2856.7900403905032,2,0
5445,49,63,25.794565641100192,414.0845855357704,5,0
5446,40,20,107.89551112920235,2103.7231647658987,8,1
5447,23,21,29.510937421839184,4715.995494330365,5,1
5448,41,2,61.53480693188697,6522.16819083667,4,0
5449,37,56,96.54044392542212,6239.840329620678,0,0
5450,54,10,28.151103603394315,1517.9501771261316,1,0
5451,37,70,24.039968027696684,506.42505960220353,0,0
5452,29,23,52.99958036107942,6819.424315968727,5,1
5453,50,30,92.99256078573147,697.1549383509478,2,1
5454,45,37,72.17564375721147,3207.158976033625,4,1
5455,25,55,61.700187060968766,844.3826886008338,5,1
5456,18,49,101.30733175157218,4555.984812543993,4,1
5457,54,34,96.67092621942446,2970.3578063813784,2,0
5458,39,44,98.60432097339645,1699.699580631949,1,0
5459,23,22,65.9726823949202,4801.824578922526,1,0
5460,38,31,21.94492424920313,2970.7951400495476,1,0
5461,49,7,37.21369734915302,1417.6271885943315,9,1
5462,52,21,94.13004282766258,5630.682659257677,3,1
5463,32,16,95.3173471749625,6710.785648070774,3,0
5464,22,20,117.22986127013364,2262.566311591211,2,1
5465,63,43,39.01865269101928,1572.757861834538,7,1
5466,67,44,32.2926788152645,694.4897096852925,3,1
5467,65,47,33.87896337360144,4270.426788054631,7,1
5468,23,19,38.47881150741403,6667.220227998687,2,1
5469,42,48,72.84683395078746,2081.240170502536,1,0
5470,63,69,117.52114629741516,3739.0383958803745,7,0
5471,57,11,78.9431483000607,1370.3472822374604,5,1
5472,46,29,72.26880656466429,3293.1865095496587,1,0
5473,24,45,87.3356230383871,222.01634968825437,6,1
5474,57,68,27.393039075815654,7294.759636042277,9,1
5475,30,36,101.53541341503657,5444.917970504493,6,1
5476,55,48,84.68795433192011,2729.228369314697,3,1
5477,35,15,37.11916795905252,7061.466254442584,7,1
5478,19,44,83.07154211994302,1545.1440725210496,2,0
5479,25,67,79.62079625658703,721.9964816598273,8,1
5480,28,40,26.485298549480056,7546.71049105255,4,1
5481,50,14,46.693219784575625,2541.2339977135607,2,0
5482,55,63,59.094162288928125,7494.189813456784,8,0
5483,65,51,44.488852947698014,5137.142062255173,1,0
5484,44,58,44.31616877954408,7842.339169242224,1,0
5485,37,15,77.29484736974183,6052.090776478121,2,1
5486,29,65,67.0859017060439,933.3225487335544,8,1
5487,60,55,86.7292181728008,6832.606469106311,9,0
5488,48,10,115.64070871099169,1268.2403279709495,2,1
5489,44,42,86.05560446012119,5568.361085617081,4,1
5490,49,11,78.20959322825418,4053.2188504445776,8,1
5491,27,16,104.75594916654977,5691.0275643414225,9,1
5492,20,19,83.20731105670357,6143.417308078767,5,0
5493,62,31,36.5561270308801,6448.955170165197,5,0
5494,44,53,51.47486994584629,6696.3430482961485,0,0
5495,52,8,93.33602826844044,6793.073720242186,1,1
5496,48,24,93.83823830270201,3359.3379695271155,8,1
5497,32,8,118.70087503089592,7124.90177031844,7,1
5498,33,48,82.69748784023066,5784.684003010135,1,0
5499,30,30,109.95451880859055,6727.87035820475,4,1
5500,66,58,25.458031058952706,7914.61168763034,4,1
5501,52,55,76.62223448106485,1019.6764628471519,5,1
5502,69,62,111.98480247021956,3027.5796117147243,3,0
5503,28,48,48.72442351781955,6471.721463579494,8,0
5504,38,4,35.48766037942092,781.7974240304377,4,0
5505,68,37,55.051016009676026,4372.170417232435,3,1
5506,28,8,99.22361672442688,6881.343875532232,8,0
5507,47,1,28.470081468131564,250.0309793445098,1,1
5508,65,70,80.03386583690843,7522.199298616672,1,0
5509,52,47,33.56316058442765,7827.344108846362,2,0
5510,39,5,63.553244154724624,2646.0193446950807,9,1
5511,55,50,116.59770015516557,6157.650411981404,3,0
5512,48,24,39.51442698468865,1104.6912110491664,9,1
5513,31,47,23.401654884603232,6205.627737164681,8,0
5514,41,18,62.72033389780427,3904.0212785886406,4,1
5515,67,28,77.76955876901549,6896.157320372877,1,1
5516,66,5,49.75177350313947,1779.5907754819866,2,0
5517,49,30,74.17680033766923,5413.997830613692,7,1
5518,53,1,115.34019462519872,6310.34147788522,5,1
5519,49,46,51.17707874161204,1699.6888954933886,4,0
5520,32,69,50.942703119929085,6564.46949280159,3,0
5521,60,31,68.27678978809543,7668.085457440767,3,0
5522,52,70,71.53163358913544,4967.020939372985,7,1
5523,20,56,20.13659258750852,6300.318292645348,5,1
5524,33,28,81.58751312048398,4307.4124889412005,4,0
5525,22,16,119.73573486647108,4825.016551865483,4,1
5526,38,54,49.200804947045654,205.48423275286603,5,1
5527,27,53,83.08100462665291,4241.869408004614,2,0
5528,36,12,20.46216550340067,4646.953623609917,6,0
5529,42,20,80.43266122968983,5393.375611546553,0,0
5530,21,34,64.70683094278179,1438.1858097782404,4,1
5531,46,53,73.02931534646737,2006.8566728422309,5,0
5532,36,64,74.39049674923837,6072.436590368876,1,0
5533,60,23,37.695296929985375,1424.3466782161886,1,0
5534,19,27,96.99681218792904,3386.6059718474808,8,0
5535,27,17,75.5469621010339,2078.872730012275,1,1
5536,60,48,47.01944594969942,4406.954418611851,2,0
5537,42,21,113.73815465654324,7896.279961124056,0,0
5538,37,50,21.2773710004056,6831.099391658517,8,1
5539,65,40,92.59372139997892,2228.847285696562,0,0
5540,36,3,58.12351856571038,3012.0333035696967,3,0
5541,40,17,72.2544831311307,7357.205301732932,6,1
5542,41,61,49.15097494455816,7196.530281602434,1,0
5543,28,50,52.12521762633532,1368.1715037443607,7,1
5544,63,6,21.51662146109014,6651.241940860815,7,0
5545,51,28,92.98450887119023,2451.102447820869,2,0
5546,45,55,91.07984108007184,4396.0449586143295,3,0
5547,22,58,85.43582004072222,140.27727539256517,6,1
5548,22,45,107.79506805840079,7988.8625080796255,4,1
5549,68,19,110.1267580558434,6112.662110222744,4,0
5550,38,29,75.64443194252554,2009.6911731999237,1,0
5551,29,23,88.48234920670627,5501.979663698577,5,0
5552,67,32,21.099840107045978,2417.1281663054915,3,0
5553,21,10,104.63430588751987,806.7009304895307,4,1
5554,66,49,101.64134241294975,3459.9486553003294,4,1
5555,59,65,22.02486184234949,4948.379013304797,1,0
5556,37,29,74.28252167417182,809.2419198675185,7,0
5557,55,59,110.66555704372695,4195.409758378647,0,0
5558,42,45,38.138798703128046,4167.427436319528,1,0
5559,31,67,55.26449215570982,5066.297400848254,6,0
5560,28,51,53.10536785186811,2032.7005443906635,6,0
5561,49,11,55.59404753997515,263.0677176423441,1,0
5562,28,6,24.18860304551021,2666.3743031322792,0,1
5563,35,67,47.90176837653664,3248.7914209530045,9,1
5564,44,62,49.48563127002356,5122.354331975371,0,1
5565,35,5,106.5872048489591,7448.357711974486,0,0
5566,40,9,55.211600713170256,1706.745629989791,5,1
5567,28,28,64.72167398935514,5529.935667269885,9,0
5568,38,38,58.07380598803887,869.4671840488318,6,1
5569,61,43,32.06734496015818,1605.911868883055,1,1
5570,22,21,119.0356757725624,4122.162641399773,5,1
5571,40,62,102.58251907047308,5696.182875362205,3,1
5572,58,46,74.09203070273668,6882.691433933416,8,1
5573,42,70,67.63644943891714,5976.837112639616,7,1
5574,58,38,84.92547254630091,221.28701619809482,7,0
5575,27,49,52.64311485232382,5503.057474762922,1,0
5576,39,39,25.028287035447853,6614.795859232423,4,0
5577,36,71,60.43168136146872,4251.71447137419,1,0
5578,18,30,118.39775774078608,7728.229658634633,2,0
5579,24,21,38.23468058777228,134.06813730628164,7,1
5580,21,1,72.77052921529723,6567.397809932001,4,1
5581,18,32,20.852139632157865,2745.075882161636,3,0
5582,32,8,32.20315151785848,5238.5532757288365,4,0
5583,57,69,78.71917004671171,5578.506965906148,7,1
5584,29,30,49.7413929507835,2519.3672293803697,9,0
5585,39,8,110.56844864606248,7963.85354852671,6,1
5586,39,19,60.61697659572347,915.6752217559483,5,1
5587,67,59,40.80335971310525,1340.5297728323612,1,0
5588,64,55,74.55917692847035,7148.314471483391,9,1
5589,34,30,99.49736351759627,1041.5210239144874,4,0
5590,46,36,21.94196961973948,3112.161491493152,9,1
5591,63,55,70.55201186300413,5891.823473979991,8,1
5592,31,44,97.34265567271463,6352.785700602332,8,0
5593,67,27,30.358865463202914,7641.88649682106,8,1
5594,37,54,110.27985189331454,6337.63329392618,2,0
5595,67,48,46.45174099668493,6771.805834546083,8,1
5596,65,30,37.06036077128268,7600.070444985845,8,1
5597,50,39,78.92560729026745,4474.132768965502,4,1
5598,60,13,37.50311458180289,2813.1243347785003,5,1
5599,32,16,87.97015203711821,6116.743842865374,6,1
5600,29,44,69.01020819984299,1391.978532730298,9,1
5601,57,71,30.995596176217994,639.0301930320472,9,0
5602,37,27,111.24901345820481,6304.113834469876,9,1
5603,47,45,87.32054099635502,7610.303728696529,5,1
5604,55,35,74.5993026533768,3595.3308652343653,4,1
5605,20,28,57.43406153501307,1372.9542822401359,0,0
5606,45,7,33.48599046704717,4026.4657110862145,3,1
5607,43,62,90.75183710613221,3207.21103043195,7,1
5608,47,51,101.36558200290594,3042.5441240921164,7,1
5609,30,46,32.58188499383126,5061.838635820003,5,0
5610,30,20,69.45676245381424,1480.4121462114185,2,1
5611,19,38,68.48461869924895,3105.804234709304,7,1
5612,54,61,54.99117082199676,6962.5470289431705,6,0
5613,66,32,98.93418953918051,5864.35427117526,8,0
5614,55,26,29.952978380684698,539.1488876314343,2,0
5615,19,58,40.501922487209,4159.839988103649,5,0
5616,53,39,20.160276891850675,821.2330114643385,0,0
5617,43,20,57.29853880830149,7664.22178869365,7,1
5618,28,50,49.117816790037196,2032.661062975742,1,0
5619,25,52,106.69939837581565,7467.706103135967,4,1
5620,61,22,94.58102440761549,6688.666427082965,5,0
5621,57,53,28.44721965622719,4455.779034108666,3,1
5622,60,66,94.09559150623704,2756.806125459452,8,1
5623,39,43,87.5400221419557,6877.778777456139,2,1
5624,37,23,48.17242736003297,1306.9912373986767,1,1
5625,25,64,21.546077470461004,1521.7954998023392,2,0
5626,46,9,31.516240138871247,1875.3091511977943,4,0
5627,57,7,44.99410846185594,4821.805492984878,0,0
5628,43,41,101.66223661523051,2583.1692739648624,9,1
5629,47,54,66.53128259078086,7914.533371883393,3,1
5630,34,65,111.83955264590502,1641.3929788159985,0,0
5631,37,2,98.91484594482999,6464.319770677817,8,1
5632,69,4,48.710817984400684,857.1061262036851,2,0
5633,33,32,104.53621565805129,2892.2278421662036,1,0
5634,63,2,31.672484041075705,2025.7237516278253,4,1
5635,60,64,23.61175204540031,7817.003994179002,0,0
5636,24,14,80.85381209133158,303.27158024190385,9,1
5637,33,20,54.17430348796386,5801.189253034422,6,0
5638,62,49,52.94256866626471,2057.0047906670943,8,0
5639,64,8,88.72081861316875,6508.864434434291,0,1
5640,65,63,105.01038278229038,2558.6727567229527,7,0
5641,44,46,52.21755053402015,1579.5455355907175,7,0
5642,40,21,52.501382202250085,5575.014826243775,6,0
5643,41,32,73.38510392923871,2134.854632092728,9,1
5644,26,8,85.31836020804398,3935.8202728294827,3,1
5645,52,16,40.29057955551779,1139.1140362809551,6,0
5646,68,40,111.26791529118726,5824.324287241063,1,1
5647,37,27,85.44165238520121,3314.0060199255945,5,0
5648,54,18,82.51618113680982,1210.5800995543618,4,1
5649,59,35,110.41956360677682,5958.600869648758,4,0
5650,34,52,110.72650805944771,916.5613170507163,7,1
5651,64,15,33.55501206264893,4641.081337820832,0,1
5652,48,63,34.507550397986726,4899.132840551405,7,0
5653,25,53,96.19486989401476,7449.76895296011,3,0
5654,32,66,115.68799455439705,1292.7459385073635,9,1
5655,48,31,86.6513678513108,5261.436241869131,5,1
5656,47,61,61.131699860717006,3108.071793022606,5,0
5657,63,64,88.34731397737455,3266.433341507844,0,0
5658,37,34,42.88115763565388,4064.418937356085,7,0
5659,56,55,119.79662998077838,1946.8984351871416,3,0
5660,29,59,63.10852178590181,3743.3475877244186,8,1
5661,66,3,113.16860025086955,5526.084730366597,6,1
5662,34,17,63.07980528637749,3711.1930124328283,3,1
5663,59,46,112.81397811219236,435.8165759156053,0,0
5664,47,38,53.56854414799157,2136.827355604377,8,0
5665,46,35,96.05429846558067,2876.5356807495655,9,1
5666,36,1,115.10020124090163,2902.2969814281064,5,1
5667,63,29,84.59806781957683,739.9544509026423,5,1
5668,28,4,87.75652257748762,3651.6073577763786,0,1
5669,51,61,30.288624532205116,5566.397250009679,4,0
5670,67,17,67.42199471639009,484.50894258412416,3,0
5671,24,28,108.67554060867874,6032.300961748522,0,0
5672,61,50,44.090983623071814,7645.331103411322,6,0
5673,51,8,98.8363013498313,173.7714353356704,3,1
5674,37,34,87.57098858039411,1630.1692958639426,2,0
5675,67,59,42.298596474053745,4393.553480527809,1,0
5676,55,18,48.27912052679644,1822.5909437455439,7,0
5677,41,59,62.75609001206971,6140.545650255157,4,1
5678,27,27,32.51292155207256,2565.8610881796003,9,0
5679,49,16,111.3371297158207,2419.6397303115527,8,1
5680,69,10,93.93576050720554,107.29861868919089,4,0
5681,32,22,56.49641000035797,2233.9968866873783,9,1
5682,54,16,49.96654953049618,1819.597123064185,0,0
5683,37,12,88.95788703123775,2811.6036404255583,9,1
5684,20,51,62.42209219527411,1266.4875588919715,4,0
5685,54,1,42.933657190507276,4797.724464737709,4,1
5686,57,27,63.01507529737574,1986.058193589508,7,1
5687,25,67,107.12969832225723,6670.83183151059,5,1
5688,57,12,26.860663653996347,2348.007779227135,4,0
5689,61,30,56.8358247281912,1765.8698357313167,7,0
5690,40,9,116.23394230171654,548.3357593215345,0,0
5691,57,53,21.48318424545809,5945.262851171776,4,1
5692,28,61,109.06403175312187,4114.844582796692,2,0
5693,63,54,57.48336985771594,998.8856793058142,4,1
5694,25,37,38.95182045754571,1848.5447826783418,2,1
5695,46,65,21.497974747170172,7989.880669272757,3,1
5696,47,42,27.052280139879606,6467.626941590277,8,0
5697,27,49,37.18433642241922,2863.968937563955,1,0
5698,56,4,22.54092383795782,4386.183161861217,9,1
5699,45,64,53.58498680900046,3386.5355553146865,0,0
5700,66,51,24.48931143744207,387.4775666667661,3,0
5701,53,60,89.22160618444774,6251.54837278196,7,1
5702,30,31,101.89071135374598,5764.190294463496,4,1
5703,49,58,108.74639235710916,3329.5382845174336,8,1
5704,53,4,74.91281809693352,6782.587381356956,9,1
5705,54,22,114.65095411798654,4324.438849624794,2,0
5706,43,3,20.564545055976684,615.1466713532471,8,1
5707,39,47,33.40183221641227,2149.3096929503627,0,0
5708,21,38,49.31659807309151,3748.005405078184,1,1
5709,48,33,98.90244419542368,917.2489858152974,8,1
5710,35,48,108.5389140133857,4611.54142361695,8,1
5711,55,65,81.81344513060778,1052.4884772988714,9,0
5712,41,26,58.32363444091386,1684.0146653255633,4,1
5713,40,8,86.5845603586064,7162.470924572004,9,1
5714,39,50,38.089937202436616,7998.517865525749,3,0
5715,19,38,65.7874052172432,4447.001417968826,8,1
5716,48,10,70.75440983232899,4995.224020040942,9,1
5717,28,42,30.48712210112146,6399.706060718799,1,0
5718,45,37,23.387266022160627,5599.502020012305,2,1
5719,63,26,95.0105497350146,1541.4857027722592,7,1
5720,49,12,73.47063592797086,3352.2050438537103,0,1
5721,22,49,53.223870187793544,4327.420499376364,1,0
5722,55,14,63.72286316611501,2941.7247379589935,4,1
5723,27,46,115.77034132432962,1491.23874108658,6,1
5724,57,35,58.49137719139506,5915.295418084846,9,1
5725,63,29,30.347922665377308,1670.8866001269266,8,1
5726,41,12,66.36021795633437,2157.838836744252,2,1
5727,52,44,84.80483734780687,2363.5049595146165,3,0
5728,61,66,21.211311609989153,1378.0559207601436,9,1
5729,65,2,53.234056001518056,6811.457821663128,0,1
5730,40,59,59.35144201304498,4923.8689190311,0,0
5731,34,17,66.37148457639458,6694.510226937896,0,0
5732,18,10,50.16841936744553,4000.4615767219625,3,0
5733,48,18,86.69222584658733,4204.54801695381,8,0
5734,48,22,114.47092237258123,4967.542578061478,7,1
5735,59,58,111.39981760397153,3030.264397052546,3,0
5736,59,53,86.43934148090167,4023.014349165718,7,0
5737,51,1,70.688406614425,4420.629519634686,6,1
5738,26,61,102.58151264416594,7632.985245800283,5,1
5739,39,31,103.59371878585635,7074.974241413789,9,1
5740,30,31,102.9573052819695,1121.0421950487305,1,0
5741,42,66,35.78459378693997,426.1314876608853,2,0
5742,65,19,22.543234136194016,5474.638218889614,3,1
5743,35,53,118.31934097481101,488.66946649453126,6,0
5744,68,22,115.9654195720974,576.7734131259988,7,1
5745,29,23,76.43784608887631,1358.1808350687281,7,1
5746,57,15,119.30637167173607,2878.4860178471986,3,1
5747,34,26,97.05470447678606,3536.4692836245504,8,1
5748,32,3,71.73801834534505,4203.086474244051,7,0
5749,59,20,58.93310671432224,7939.076724480173,4,1
5750,32,40,79.28632094935182,3143.3387622254845,2,0
5751,32,39,71.58021016654793,2017.749462506108,1,0
5752,56,18,119.3802526701196,4644.494027819359,8,1
5753,30,41,69.0460316009237,1799.6925255953388,0,0
5754,34,70,103.59210861871573,7530.293111155889,6,1
5755,49,27,101.36238231382413,2148.1089861599967,6,1
5756,26,15,27.14062735057901,7920.479671660845,0,0
5757,57,37,28.70067673106312,3407.478704008679,6,1
5758,37,58,85.98101148013961,6520.219458173637,0,0
5759,43,5,45.91080067353013,5221.414567861583,1,1
5760,44,7,85.75270346971065,7474.603978113412,8,1
5761,38,41,34.462589431353,5040.87292797861,7,0
5762,35,10,59.70682272058039,4691.62203759062,8,1
5763,30,62,30.2470266325584,5257.5343120912485,8,1
5764,33,26,48.209307681563935,6313.0777039419045,3,1
5765,26,68,28.829859010767127,7200.848894307383,4,0
5766,29,24,117.05786551976789,2207.837710762283,9,1
5767,61,41,59.505843451227506,1687.0080258528717,6,1
5768,55,65,110.1188767898186,371.36259576123945,5,1
5769,36,17,117.11717690288482,3023.6257040444416,8,1
5770,24,24,110.9562660127572,6784.861680420599,1,0
5771,52,27,65.49596643662088,651.8736862314041,7,1
5772,65,7,97.88972975820573,4354.3086040604785,1,0
5773,35,12,35.369948375502595,5588.830226225409,1,1
5774,33,3,29.483261381920883,6711.138961656362,2,1
5775,56,10,107.69014678307279,4709.099543606422,3,1
5776,21,33,23.11201457032484,1571.9280805243268,5,0
5777,42,46,117.232735089717,7719.83643992397,5,1
5778,49,59,87.2133880064113,847.7469321760993,1,0
5779,57,52,61.96130214006089,6175.0969331959695,5,0
5780,30,6,34.13753263810552,783.817868362138,7,0
5781,62,2,92.32311509547122,1233.01095068081,4,1
5782,34,29,76.31117544033528,7195.903190190065,0,0
5783,66,40,91.11270074465693,6049.289802953903,7,1
5784,54,61,61.792220562892105,2987.5153427326686,5,1
5785,23,68,26.62600830609117,5145.922417584012,1,0
5786,36,68,51.497220055072695,3712.253051514485,6,1
5787,30,29,51.50207532146908,625.6483110808782,7,0
5788,43,62,20.867915833766087,5796.908169075696,1,0
5789,31,60,20.95810150989235,6129.720217515613,0,0
5790,48,41,53.07582872004433,7070.496950600929,5,1
5791,21,65,92.76233847992125,4371.035038229113,5,0
5792,56,64,82.40437304168749,5417.789812911502,7,0
5793,25,63,43.901764670650905,3560.5983051614567,6,0
5794,42,48,80.27626521721712,2619.3831469518286,7,0
5795,30,20,84.73775955594915,3352.4299619860635,9,0
5796,49,37,72.25699228249991,7302.843617649453,9,0
5797,55,64,72.13539751868225,1396.9531518490903,4,0
5798,55,5,56.97478730626392,2063.1485592023096,1,1
5799,45,34,32.33943637532368,4888.907251884084,4,0
5800,47,39,58.54838000504246,1018.622440333371,1,0
5801,20,67,54.533431614682755,7145.729642054174,8,0
5802,45,62,79.19725928760583,473.1673377197743,4,0
5803,20,24,105.62601687666084,6066.967116792759,0,0
5804,62,3,57.537516484038505,3052.4515724794687,8,1
5805,51,71,90.97352778996851,504.2080315305429,9,0
5806,33,67,101.18303774964684,6759.130360378024,4,1
5807,39,50,41.175151373079615,5159.635853975597,0,0
5808,49,29,110.16501768797185,169.9838022702939,8,1
5809,55,32,27.044493817936058,2213.5095022384444,8,0
5810,25,39,110.17193387976909,2881.160301027691,9,1
5811,25,9,36.36328926291901,2648.367376304242,9,0
5812,23,14,53.71696028343156,4036.9020293341714,8,1
5813,31,68,80.52352201681633,4261.743367227081,5,1
5814,49,64,110.56833657708252,3234.35674056595,9,1
5815,52,20,45.570144056523525,2720.9856763450694,9,0
5816,27,28,96.35739134665755,4084.8336934914373,1,0
5817,20,14,91.04358082408693,365.5616965664138,6,1
5818,29,44,35.97087621421671,5197.093904249756,1,0
5819,66,39,67.94639445843279,4887.261883538792,3,1
5820,48,28,68.15050931776321,2305.8364178286815,3,1
5821,46,64,50.46118146566501,1518.1720313050334,9,1
5822,22,32,97.99213165357953,676.5812837606849,6,1
5823,69,9,112.59338523730986,4740.015635318281,5,1
5824,42,28,91.65724586028168,4594.312153423096,9,1
5825,58,17,117.29547330228147,4313.21291187337,6,0
5826,48,55,25.046847108161234,7886.3843186784925,5,0
5827,38,10,23.722268508939518,4299.198477070008,0,0
5828,37,6,109.38586774932467,5802.1467667605575,3,0
5829,56,48,109.78003696966024,992.0543474854289,2,1
5830,39,67,30.712078508788238,2461.869234565951,6,1
5831,21,41,55.74460490689246,2276.028257930977,6,1
5832,30,60,103.53945781128532,4650.206496278266,3,0
5833,62,42,32.85406775016459,2713.4245040208843,6,1
5834,59,71,46.742807260920706,5164.424772273395,3,0
5835,67,28,88.0996036857953,5551.708939693453,8,0
5836,66,13,118.18990544779979,366.14971370149016,2,1
5837,37,15,99.71388400703923,5154.085928271617,9,1
5838,69,36,97.73176228143873,1022.6201620028467,1,1
5839,30,15,54.26626636911369,3774.5688846589815,4,0
5840,34,56,86.13430716714743,5839.954909074548,8,0
5841,53,4,31.3088288930828,5656.425467966654,2,0
5842,50,52,119.22670331834992,2468.5981054799427,0,0
5843,18,10,68.05843177539903,2251.690218640461,8,1
5844,32,45,83.88078682643784,3577.7894120594146,4,0
5845,30,29,107.61718986814537,1590.469955840519,1,0
5846,34,53,20.096496184356397,7800.122200396991,5,0
5847,41,29,117.5982427596308,2824.844863380425,2,0
5848,25,23,55.91593121701931,7391.646864696199,8,0
5849,67,57,53.95907413958263,7275.293207383698,2,0
5850,44,50,34.50633360926539,2982.3070017422842,1,0
5851,62,21,105.81844102835412,2107.268594955956,2,1
5852,40,43,107.08395358672405,6189.601512757479,5,1
5853,63,10,21.998899894489025,1912.0849957528646,2,1
5854,25,30,25.572522087331635,4217.8464807035625,8,1
5855,25,51,111.83416606336705,974.4460579171302,8,1
5856,43,33,32.286813227740154,3148.8640209404934,8,0
5857,64,18,82.09274639669589,717.4238968754225,1,1
5858,30,22,81.96504501683158,2339.172782219854,6,0
5859,56,64,106.97303351086543,5355.820531705315,1,0
5860,54,21,77.26541054256784,7931.3265367464255,0,0
5861,66,1,63.40114113106288,2112.980012401968,4,1
5862,45,15,117.43807825910456,3839.2381953397794,7,0
5863,42,36,42.881547599897004,3639.564305886309,2,1
5864,33,47,46.271801768318326,1554.8137102397357,6,1
5865,19,54,28.476965479860798,4919.545385960311,5,0
5866,35,32,117.53168171549443,5825.169079893577,0,1
5867,34,58,90.63602088376155,1263.033919147968,6,0
5868,47,46,21.209708749140106,6081.284123388331,2,0
5869,56,54,90.43140275790375,5631.27692278438,3,0
5870,30,33,60.41361111136923,1659.0087585382241,9,1
5871,49,39,116.75496917353415,5226.686238431435,1,1
5872,67,23,47.7387502162393,3210.006266971828,0,1
5873,46,43,91.02863387138983,5480.988244705995,4,0
5874,63,55,82.74341503743958,4019.165132663248,5,0
5875,47,2,21.20499748962487,480.2876343490028,1,0
5876,35,66,108.52169293323735,6317.039206288565,9,0
5877,30,38,33.961266035296646,4489.239405280761,5,1
5878,60,29,86.35887789978331,5825.877520583987,5,1
5879,38,67,97.5548450794289,1095.9670215540425,7,0
5880,47,71,83.0927646498461,5798.052533564495,7,1
5881,38,36,29.711386751365893,3367.9628892802057,5,0
5882,65,29,117.5179136254691,6414.209647803216,6,1
5883,34,37,43.68179145212223,4833.410415051596,3,0
5884,57,45,82.7864769943869,2903.726789631422,4,1
5885,36,16,99.71780582613111,1695.1439227535077,5,1
5886,69,31,113.92360099065117,6545.800932250017,5,1
5887,32,34,80.40105292559078,4525.5220422545535,2,1
5888,26,50,45.905414916311564,7900.997773779091,8,1
5889,69,65,103.66390174069664,3050.560495728911,3,1
5890,27,62,36.32199659500715,5517.181850527794,7,1
5891,61,43,22.228242807107062,5020.284887034199,3,0
5892,48,56,110.81488584424017,5136.895503370845,5,0
5893,40,15,77.5388958054606,5922.14171983169,0,0
5894,69,48,26.964149081131865,1198.955411865337,1,0
5895,47,49,77.97293871230053,4442.187947586341,5,0
5896,50,44,34.501416832244864,4122.124396115942,2,0
5897,69,10,23.138600639686505,2805.985333815271,6,0
5898,26,20,31.65240474907542,3545.5871055019647,0,1
5899,64,70,97.51074285059703,4198.615405544616,2,1
5900,18,8,95.56609048135998,2635.2862882263526,2,1
5901,61,45,80.43181349152832,2415.954772946527,0,0
5902,52,34,40.93282899128057,5932.353339865447,3,1
5903,28,51,93.89670657953086,628.6533274859676,7,1
5904,51,4,60.80452672150676,2572.408320179878,6,0
5905,33,39,71.075361712634,5264.3180544569805,6,1
5906,26,24,109.76406933263213,1749.306449815236,4,0
5907,49,55,65.78575237381254,4620.9538187561,3,1
5908,32,26,82.63661538514907,2487.096719023538,9,1
5909,29,25,116.1751491837908,6762.0800594666625,5,1
5910,50,36,65.13898988339974,2864.915723820166,1,1
5911,62,71,76.07278981926902,1913.180837674193,0,1
5912,31,58,78.4414624883448,4287.819839006192,6,1
5913,25,12,44.07115588727543,1171.718052743919,3,0
5914,25,1,93.69220622829525,6400.123342499962,6,1
5915,44,50,92.66370282738475,5472.223185054016,5,0
5916,29,25,41.3556741495682,6187.020347089835,8,0
5917,18,5,21.33380448345126,3251.1377783972844,9,1
5918,60,68,119.8941570568453,6696.52696945404,5,0
5919,57,6,78.15877329606897,3999.030232823511,2,1
5920,59,26,38.10320423760013,848.1223758698742,6,0
5921,68,55,48.35654825146794,1869.8310670356075,8,1
5922,28,39,81.77920422090999,5717.317132072933,9,1
5923,56,9,33.76155810480804,7181.736160587171,5,0
5924,60,45,23.728063710895647,851.9661801070087,6,0
5925,48,14,99.84798344547434,6927.296849667973,7,1
5926,34,55,91.58462443519169,6412.651650510132,3,1
5927,50,9,50.96016481329835,2916.832373882175,4,0
5928,49,15,25.849137777456914,5545.286754733585,3,0
5929,46,37,68.62709108480776,1576.9156160321124,0,1
5930,38,50,47.61862899255589,6525.80706947817,5,0
5931,38,21,59.77792173136477,5292.9782726071835,6,0
5932,57,57,47.396934637560285,3566.7520977898134,1,0
5933,40,19,37.526761992592434,6929.686792818954,5,0
5934,23,58,58.698978683638884,1199.952560277122,1,1
5935,39,6,116.48941234778154,6781.706496246793,9,1
5936,67,4,46.622786700996706,288.7026115259157,4,0
5937,55,43,53.59666440469845,6050.28319418169,0,0
5938,54,42,52.92420335246307,4629.576206288406,2,0
5939,62,3,68.02888197905403,5604.113858442813,3,0
5940,68,1,104.35055387927835,3357.521753275418,3,1
5941,25,55,60.2122591549645,6929.084894548089,1,0
5942,58,15,100.61479640330418,2573.877290704525,7,1
5943,66,47,31.501210943253714,2272.1467530683667,5,0
5944,52,46,109.49072046821132,2483.8301014079548,8,1
5945,68,58,38.53040835239346,6217.474358456414,5,0
5946,28,71,23.920149908252746,4012.804677670628,2,0
5947,41,39,35.835448037706335,4342.974074247758,1,0
5948,66,3,39.0749791290652,6670.077805429956,8,0
5949,38,30,70.8504127613359,6683.587863301233,2,1
5950,68,35,64.99382927530557,1377.7310260907097,5,1
5951,19,57,91.58744169317086,4443.1646158177045,9,1
5952,57,29,25.095108579366347,1095.5438308270457,1,0
5953,36,50,69.77062513760845,6961.374922438587,6,0
5954,56,62,53.24712269233808,6712.345046570548,0,0
5955,45,52,83.07063320910085,6809.855979946946,8,1
5956,34,14,24.369972412501845,5668.382153001738,0,1
5957,23,35,23.493480891815935,3788.3307177354054,8,0
5958,36,28,62.72516013962966,3297.2976881219333,0,0
5959,55,58,101.1339479201512,3222.2740549175187,0,0
5960,45,30,87.10940641352747,623.0810300092111,7,1
5961,19,7,21.67060919115659,7596.075263069637,0,1
5962,55,39,37.84720942141224,3657.177688115401,7,0
5963,54,69,42.673146451744294,7447.907704299197,2,0
5964,68,35,62.30589275451947,7046.134559377641,3,1
5965,69,52,78.67156839217995,6646.022063556914,1,0
5966,21,14,41.64601738972897,4747.640190163533,5,0
5967,39,63,58.251422447229764,902.2914990100605,6,1
5968,43,36,78.39433939937642,2658.9004514571357,9,1
5969,66,24,58.3435303901649,4868.3310533599715,2,0
5970,60,40,34.31694213846322,206.3008864759016,8,0
5971,53,29,69.16611255382236,436.7842179811309,2,1
5972,30,53,52.39941959538054,5453.540719384565,6,1
5973,69,22,106.41883625548357,7116.802526864585,3,1
5974,49,15,97.56249080938343,6855.788721653307,4,1
5975,34,69,39.027509223368945,1428.3476841715553,8,0
5976,58,64,35.263579133084434,7298.744275479495,2,0
5977,53,4,54.76766733145,5600.787385145039,2,0
5978,63,18,61.21745004435924,5758.975039172901,8,0
5979,36,42,113.2018151324728,2501.9254858255777,8,0
5980,52,30,50.1620737085333,5756.374527902165,3,1
5981,63,15,106.75843529684916,5707.200992912749,0,0
5982,57,70,70.53092793537158,4797.857652343648,0,0
5983,45,55,108.56237255573896,2922.578385746444,8,0
5984,18,53,90.19537773285865,6507.014057711191,5,0
5985,59,16,90.83889681093689,7506.391710044125,4,0
5986,35,34,71.87974874961479,6972.118557713271,9,1
5987,65,27,104.03040415781398,2019.5356342831583,2,0
5988,57,13,45.44248052416956,3620.8232494922827,2,0
5989,50,27,110.7351271516869,2805.0733831235602,1,1
5990,29,69,83.67758550359672,5689.0884466559455,6,0
5991,25,31,63.870890149252574,6668.77366760095,8,0
5992,41,3,118.2189903415557,1804.789446271803,5,1
5993,33,30,106.20141069116401,7583.476729285211,9,1
5994,67,21,97.20210128316995,5450.90015306659,0,1
5995,21,6,47.390247106894385,1825.738185457278,5,0
5996,55,32,117.37407004323977,3031.647429328671,7,0
5997,61,42,94.29875028259558,926.3941786467363,7,1
5998,44,62,80.52172840290415,4816.844981733908,9,1
5999,26,32,112.17992290133328,1436.6130300617301,2,1
6000,64,39,36.21816819291292,5575.410511488028,0,0
6001,33,64,33.901605276427674,5924.249271474773,4,0
6002,29,30,76.37134143907602,3886.7450647551104,5,1
6003,48,63,25.671359663311073,841.1524920390639,9,1
6004,41,31,86.39868618670157,4925.898200775255,8,1
6005,31,40,44.07411381156198,3040.4214917781337,1,0
6006,62,33,31.902657794307135,7602.215022590966,0,0
6007,42,63,60.9495849791478,4154.3250829461285,6,1
6008,51,25,66.59496263655637,670.9019440269743,1,0
6009,20,36,37.048486389607106,5124.787757257716,1,0
6010,41,24,24.153527095613217,6256.894249959338,2,0
6011,59,58,61.40555912388136,1367.9721943042596,3,0
6012,26,39,95.952633598843,3647.5531783206525,6,0
6013,43,46,107.41997706010216,5971.255930578789,0,1
6014,37,10,29.75482941290997,261.89956157215863,5,0
6015,57,32,72.46754630112551,328.86138916927865,6,1
6016,27,36,46.34029888063848,5447.605328374604,2,0
6017,36,28,57.46338696028665,5828.499336768264,2,0
6018,20,16,113.34418297599065,6782.368554825801,1,1
6019,41,16,55.20747729456469,3256.838544761756,4,0
6020,22,18,56.534593017832684,3179.235653859494,6,1
6021,20,8,40.93958257449913,4463.7069845642945,2,1
6022,44,70,116.00184180258555,6082.882944775956,6,1
6023,33,1,65.64873566602834,5163.838355811931,7,0
6024,66,62,77.03921340567629,2685.854100366436,2,1
6025,32,38,65.31680923013998,2837.7233258431734,0,0
6026,52,45,45.291907676386415,6127.738990980138,2,1
6027,29,58,101.04126131409869,4323.708627916667,5,0
6028,58,1,22.847122587682115,874.0117870804944,0,0
6029,61,32,89.02434300916937,1308.6601378030896,8,1
6030,43,8,79.42728105993524,6824.403969912695,2,1
6031,64,40,34.428065068874915,7990.547110418086,2,1
6032,51,56,36.59050443006894,2751.8949553559137,6,0
6033,40,63,85.92255879008694,3154.9431262989206,6,0
6034,48,36,51.21387916632715,1320.4553958377312,5,1
6035,67,57,46.57380781656792,1962.1333640773305,6,0
6036,37,45,25.91560955372793,3454.5757816295145,4,0
6037,29,2,96.64830893227843,2346.678190845024,7,1
6038,40,68,108.26719353006453,5641.256351265069,9,1
6039,21,50,101.98443517257338,4349.010587882928,1,0
6040,40,29,66.60341195000369,6596.147313516625,4,1
6041,65,10,73.39564085805625,5823.7468499802535,8,1
6042,65,27,44.22761939846884,1111.994834487796,3,0
6043,18,15,37.285473941878614,1074.7728280560782,7,0
6044,42,60,102.30011748913448,7175.624244208911,2,1
6045,19,31,99.83441605448303,6574.138791636849,5,0
6046,47,21,97.7359828436892,3796.5468529853997,7,1
6047,20,60,66.33593063976348,1129.8766647143834,8,1
6048,38,58,106.45077608445591,7198.752696417862,6,1
6049,42,41,112.62320693508147,1922.5344032698476,5,1
6050,37,46,52.83443446534447,380.72471957427217,5,1
6051,66,45,42.46944917803558,7401.492247400477,5,1
6052,69,26,66.42630307759832,6490.591403711788,9,1
6053,39,51,37.93263566745925,5578.505369315742,8,1
6054,38,36,108.4002885139897,368.8398230810771,2,1
6055,50,52,53.79905000777694,4274.606309302402,3,1
6056,69,51,77.61717865405768,5263.725625161792,2,0
6057,55,3,79.4719495907125,6098.843202178048,8,1
6058,32,14,71.49878803458964,3821.4836899083366,4,0
6059,63,49,35.65257094230983,7631.4594706442995,9,1
6060,69,1,119.10006400933713,2033.770381688079,7,1
6061,32,57,37.26032292411297,650.9058471583966,7,1
6062,63,17,95.15073605709098,2728.8533355683335,8,0
6063,42,50,99.1362874055159,5328.25847542303,9,1
6064,38,14,34.516370836127265,5923.541913782549,6,0
6065,41,59,113.31635115498803,5934.12548720699,2,0
6066,22,3,68.77587626277283,974.323238219598,4,0
6067,23,40,82.88829585676866,7092.206691563332,2,0
6068,66,66,84.21860560347962,2318.586253090803,1,0
6069,60,34,70.49551255923006,1758.2977505394895,2,1
6070,65,9,34.20220441211537,4954.2140678070455,9,1
6071,61,21,95.17533578912992,1773.6076880272847,8,1
6072,64,25,78.17858351234922,4113.5040935546895,8,1
6073,40,44,31.868061525738348,3315.534602708453,7,0
6074,21,25,90.03219686336087,1933.0706747652878,6,1
6075,44,9,90.27632608064906,2407.271096763256,0,0
6076,35,62,74.84864460959152,3476.517127750818,8,1
6077,38,26,29.054881029156803,2834.666735890066,9,1
6078,45,57,55.26440311367293,3114.4486965355577,1,0
6079,52,37,25.092410762670095,5909.933510404884,5,0
6080,39,16,67.75960188263913,1430.201310269443,9,1
6081,57,37,110.64471318940434,5058.186839926153,4,0
6082,40,24,20.225298261292373,5457.446427617895,5,0
6083,20,26,46.66386530424122,6436.487664796285,7,1
6084,57,20,99.9859101148085,6793.884684946306,7,1
6085,67,9,20.98608338216065,1353.457793390207,9,1
6086,27,29,21.01734370460067,1192.2600128322176,1,0
6087,42,31,81.0818586094399,4956.691003858211,6,1
6088,69,19,98.91997567985844,6079.640749605419,1,1
6089,66,20,97.65054174666707,2251.378798893492,0,1
6090,25,27,97.9578020749287,4254.192924027592,7,1
6091,28,44,56.10063448176657,6200.691501832991,8,1
6092,22,35,108.27241442744588,6163.274555099589,6,1
6093,62,71,21.28356013967369,5265.179312298589,3,0
6094,54,22,51.21887367723004,722.4227978735834,6,1
6095,62,15,53.71876948353899,500.0864961782195,3,0
6096,55,13,36.557112581954115,3168.7179493903704,6,0
6097,46,4,53.62259729920992,310.8306691858298,3,0
6098,22,56,78.58841300521091,7242.740221652543,8,1
6099,26,23,72.02793126973825,259.14285156232125,4,1
6100,65,34,51.942735858453986,333.9416109216543,6,1
6101,19,17,94.93275136824555,1406.0862891345362,7,0
6102,18,28,91.47905784378072,5053.419539525927,4,1
6103,57,14,48.069647708044045,4378.277710632213,0,0
6104,68,34,52.32283927779175,5309.948378787273,3,0
6105,47,57,48.752019863212766,7159.085614753211,2,0
6106,28,55,32.88511665112155,3694.0706414124206,6,1
6107,45,66,95.27816429608548,446.6202094559374,5,0
6108,61,37,24.627651051524907,6131.623339170516,5,0
6109,29,68,35.05804941034228,6514.5192559127845,1,0
6110,56,26,30.530451774784744,494.1180431038699,5,1
6111,43,61,102.53389755243343,2018.5094197360436,7,0
6112,30,67,24.4008515386751,6187.714714720699,4,1
6113,25,52,86.46272899165588,3071.6263845158633,8,1
6114,45,18,24.44745984108035,3833.94604786891,1,1
6115,47,53,98.64434039217994,6603.088365577903,6,0
6116,26,63,111.27140863937485,847.4943534322258,5,1
6117,56,53,68.68431658345614,5450.546163275905,5,0
6118,48,27,100.45418010122957,1798.3766553328935,3,1
6119,38,31,90.64105328502283,594.9463055044803,9,0
6120,64,1,99.56352921734671,5333.732980169385,8,1
6121,51,6,96.67751995259884,1059.1567984876663,5,1
6122,48,11,40.53678837387319,6001.3573445398815,7,0
6123,69,34,69.95590101547896,1701.3725909162163,7,1
6124,42,63,116.04141871263859,483.2449608270314,3,0
6125,29,53,54.353294458149165,884.4499734406362,4,1
6126,18,18,117.04870906370644,6746.034965092664,1,1
6127,39,21,78.31617114337358,3030.6489090881664,3,1
6128,57,19,66.16114176657774,2487.9064668026012,5,0
6129,54,4,85.77574650262021,3980.4706757289596,1,1
6130,64,29,101.58391711776936,5100.167293915666,1,1
6131,18,25,59.420815485074925,393.1077379734665,9,0
6132,18,56,23.295417511463793,7195.689256259199,6,0
6133,59,63,90.88062979704114,7672.0027820811365,9,1
6134,59,27,115.61667844973852,3396.7238476234666,4,1
6135,38,60,82.4986650276338,3359.768329872108,2,0
6136,32,49,38.84144785454733,7040.623377989325,2,0
6137,34,65,44.82425321811104,3491.563205285836,6,1
6138,39,38,110.97507186313743,6863.90048501056,2,0
6139,55,52,21.356209560447063,323.8618614661657,9,0
6140,52,1,74.87466654634174,3968.239809266923,4,1
6141,62,40,35.86776451939558,7624.189453701655,1,0
6142,33,21,48.27644352170794,2097.1568039723134,2,0
6143,25,15,50.698164949326014,2202.6230815742083,3,0
6144,64,50,41.928274773832754,5077.971610829756,0,0
6145,34,48,99.23520627061558,7416.90797823564,3,1
6146,34,32,53.22091739787588,1670.0637061881807,3,0
6147,43,49,54.5484991265538,7381.043104221165,2,0
6148,30,68,65.30068136934591,5337.729578507557,9,1
6149,34,45,110.22952887404226,7945.073782662327,8,1
6150,55,32,88.8173032026683,5918.024886975783,2,0
6151,34,4,26.174970416777768,5375.624271666715,1,1
6152,65,65,23.92619210365741,6537.735058483734,6,0
6153,31,71,76.63892295770255,1483.6085223933107,8,0
6154,62,65,108.70605617272078,7573.286342963463,5,1
6155,23,18,52.32514760005911,1408.204519330894,4,0
6156,52,54,44.77718289021684,302.7959221819883,0,0
6157,63,47,94.81910453130791,5613.069045462163,2,1
6158,31,6,80.20913664698274,1558.3038664177857,8,0
6159,64,66,76.5027342356805,6094.150119091889,7,1
6160,25,9,34.93011991435411,6380.807926060782,8,0
6161,32,68,37.59613186609856,1969.924001177606,7,1
6162,44,23,48.178777592402426,785.0906115441695,0,0
6163,30,43,40.683893468193695,4056.485633602518,7,0
6164,66,51,117.14447450464361,7132.726233489499,7,1
6165,48,25,21.861101635615736,6793.599698132095,4,0
6166,52,35,82.6056338429324,1024.9514063521237,5,1
6167,23,17,71.75988248754383,7721.7877896963755,1,0
6168,22,18,52.32512358984363,2185.1986435602075,0,0
6169,39,27,108.75887121039754,2860.1902984820204,7,0
6170,66,15,87.01625775392822,1277.4969202698376,6,1
6171,40,69,119.83543513232264,3084.6434277869034,3,0
6172,42,15,36.86559593264854,5121.564739925471,6,1
6173,51,42,28.786783586782875,4098.0182549308975,1,1
6174,43,34,33.93972674663439,6637.561931996002,1,0
6175,64,48,46.92909675845962,5166.276408928892,6,1
6176,22,8,61.67869915679561,2182.0013244495035,2,1
6177,43,10,106.26032850019429,4503.760449772978,5,1
6178,37,5,48.35917663288866,607.1098945168561,6,0
6179,23,48,111.52433100276822,4688.245429881243,6,1
6180,23,26,66.29076884047166,3178.344253369701,9,1
6181,67,23,84.70700185389826,877.3480872410382,3,0
6182,35,62,46.44077140559508,2528.9652286271753,2,0
6183,21,13,35.60138160235379,7194.887241547781,0,1
6184,34,9,106.94569406580493,4729.699784698494,6,0
6185,31,20,30.95061805201639,7235.792306650104,8,1
6186,31,57,97.40213057670226,3345.3514970990836,0,1
6187,30,24,78.09843060768574,7833.377935181696,4,1
6188,24,33,106.11377816788489,2944.1505226357044,3,1
6189,61,20,91.78184120981771,6078.756459649524,9,1
6190,32,60,48.16641021115418,2512.684359492449,1,0
6191,36,48,77.44275972572763,937.3253327546737,6,0
6192,60,64,21.30736196054473,6681.1471142114015,6,0
6193,64,30,67.5218342372429,6124.394062274261,7,1
6194,61,17,28.601363557203566,6582.969367164597,2,1
6195,52,14,62.89449978103297,2467.5868003163346,5,1
6196,34,19,30.96118079986772,5658.926842247665,3,0
6197,52,71,115.54798069454151,1837.3904972136631,2,0
6198,36,59,72.30679574077278,189.36113646572852,3,1
6199,37,67,111.32179852766433,6945.261327521777,0,0
6200,53,44,22.236622296576584,4235.851347742345,6,1
6201,52,32,83.76532838818979,7870.861366108498,6,0
6202,49,11,50.69545019266202,3141.7819897396,6,0
6203,65,2,63.182899596523626,7659.296755216816,1,1
6204,61,68,107.30873952146896,4958.95238143322,0,1
6205,57,17,118.00210947587448,4146.420067511221,8,1
6206,41,40,44.64919544333524,2492.1958651200043,1,1
6207,34,46,114.82532853533017,6619.683096054653,4,0
6208,24,4,88.87269488817192,6647.4784963318725,4,1
6209,60,38,115.14139143572707,3393.7433044077397,7,0
6210,67,63,76.236699862121,5845.615821357429,0,0
6211,18,29,116.07562849914706,3633.1796926483485,6,1
6212,52,19,109.24554581474337,5943.308426286743,2,0
6213,49,29,32.8591741225446,7954.102238077137,1,1
6214,53,35,51.07899271017305,2173.720878736482,4,0
6215,30,70,44.30631915125119,5109.014411719875,3,0
6216,23,23,77.2099326050257,3101.0359243418507,8,1
6217,31,46,100.27994315059253,4432.135352823176,0,1
6218,54,44,95.94114468868813,7005.763514343633,2,1
6219,65,48,92.67491322834768,2845.849368612773,2,1
6220,32,52,57.52648757355858,671.8675869157673,3,0
6221,64,8,33.963688162782795,6411.603763419377,6,1
6222,21,55,41.05835536285993,4484.696356105554,4,0
6223,57,66,94.16774596483326,3650.2674824223286,9,1
6224,33,40,34.75343390595633,1548.3310704778278,5,0
6225,45,31,42.29467049335211,833.5365804662177,2,0
6226,33,48,62.45526528734912,2302.010921033974,4,0
6227,21,61,27.2112430687463,5779.343680445661,1,0
6228,62,52,41.26920607701298,3352.9903362572927,3,0
6229,43,38,34.976812734123655,4604.797940346409,2,1
6230,45,36,115.13217829118405,748.1598739375486,2,1
6231,49,55,39.152588554488915,1073.6200438824176,3,0
6232,62,13,106.17697101703938,189.31606405935614,7,1
6233,19,37,31.47981912666084,5418.947159337615,7,1
6234,48,47,106.96731323025074,2189.1907276585184,0,1
6235,20,71,79.94337862734696,7738.720028081979,4,0
6236,25,22,104.9705923224618,2536.8009015848443,1,1
6237,41,39,106.73486885373575,2972.5825070414885,9,1
6238,32,58,79.6373530667409,3808.969668436906,5,0
6239,60,30,111.7694153395024,2621.211915458324,2,1
6240,48,18,78.5448291484623,6557.801452829583,9,1
6241,26,18,91.25650778783753,7022.033798984063,9,1
6242,56,39,61.60804771688327,187.18502574564516,8,1
6243,62,26,111.40676944709874,5271.826865634923,8,1
6244,19,71,102.41625389120266,5520.0974112019585,7,0
6245,25,7,36.67131116169275,7695.256525124842,1,1
6246,24,69,77.63878502046987,3026.1536584170954,1,0
6247,61,65,109.68273290869465,1642.7117499467677,1,1
6248,68,46,99.30644936589509,4212.590449383252,4,1
6249,56,18,116.2552780661325,3635.689908169281,9,1
6250,59,13,43.130168694759476,6354.678578272055,8,1
6251,33,25,56.7459633130478,7241.405985760769,6,1
6252,52,8,70.71918880181313,784.9934183277965,6,1
6253,47,32,43.266917002726494,6787.977881326378,2,0
6254,27,17,59.404525518881904,7280.869937949785,2,0
6255,55,48,73.75392044243324,7400.673438288423,9,1
6256,35,63,39.133920300134065,6138.047884924518,2,0
6257,67,40,45.66878187025806,5962.452231142216,0,0
6258,22,15,32.48424998087945,217.6845225191411,7,0
6259,46,6,91.33814098857485,7369.513817669645,1,0
6260,56,63,56.1551926536133,2876.8911890893355,6,1
6261,51,8,42.02661531837884,424.8629832773991,8,1
6262,60,32,70.73241491809524,3362.5365498414913,1,1
6263,62,45,26.824930568524767,5889.53580283734,0,0
6264,40,52,112.34066063183948,3591.4460928382605,4,1
6265,22,13,49.446752115726426,6088.287606830109,9,1
6266,47,24,108.64643481838621,4124.334472598763,4,1
6267,23,40,69.7620065324647,2465.474470202921,0,1
6268,63,14,105.01504977106406,1703.007518812908,8,0
6269,61,70,44.70644407896445,3426.716033294169,2,0
6270,21,62,37.5270602242753,382.8472685400879,1,0
6271,46,61,104.94118032348284,3438.096849487418,6,1
6272,40,1,41.29238823717109,642.0987644405321,4,0
6273,23,66,94.61953492995801,7028.33719115231,3,0
6274,49,32,54.45837946596324,4646.300151595349,3,0
6275,59,13,94.81937264351613,5203.739407149051,8,0
6276,35,33,110.76462659883302,2382.0255245045214,8,1
6277,32,32,118.16384312872931,1883.9865043464106,0,1
6278,57,56,55.98094772686334,5692.451468469912,9,0
6279,49,24,56.752583464054624,5405.367315872412,6,1
6280,26,4,118.13877367848546,1069.1598051963235,7,1
6281,54,23,106.15281302980384,1985.2669265031996,4,0
6282,27,29,24.509197191137805,7577.94871311466,6,0
6283,37,21,77.34499862265204,2503.0016616992275,7,1
6284,23,30,38.12447715484383,304.06893152311534,7,1
6285,65,20,119.40125360932186,603.8782015260462,8,1
6286,20,16,33.89230123709737,6226.408895904474,4,1
6287,59,67,75.93476125428666,6081.52990806749,1,1
6288,28,49,86.51983700291831,3116.4354285275313,5,1
6289,60,58,113.70646546540563,1310.2861339110723,0,0
6290,34,44,104.7258311644187,4035.0312136541515,9,1
6291,49,25,44.5754771327783,2721.920376241676,5,1
6292,21,23,77.26239512925045,3054.349948387691,2,1
6293,21,59,115.35739579058833,2161.7842972949093,2,0
6294,34,1,93.57168471049377,596.5775104047214,6,1
6295,58,15,88.83363483798938,6350.158287053383,3,1
6296,36,52,95.49010792811566,4983.944516155836,4,1
6297,22,58,52.25061889878198,6693.617477779745,5,0
6298,49,41,92.92522694032361,4075.295621330381,9,1
6299,39,44,43.28547514469159,7881.394448930317,5,0
6300,23,4,62.81027709077534,7703.946784296381,1,0
6301,52,68,108.99288171885064,2247.0895480626837,2,0
6302,39,7,21.89711464907517,3157.11769592327,0,0
6303,18,46,61.43186502523467,6046.404362469,2,1
6304,37,9,46.68217667390596,6235.167349624428,7,1
6305,39,33,39.85896164936094,7294.523176297766,3,1
6306,65,33,103.85754214725122,5255.807285457802,1,0
6307,28,4,89.64985728449781,3853.4557176143353,3,1
6308,30,65,31.263272041148177,3083.447242271756,6,0
6309,59,34,69.44633265011895,3411.5105560364764,8,0
6310,20,64,66.69057718271111,6818.200693353005,4,0
6311,26,25,34.25277940294085,7842.069864498418,4,1
6312,29,55,99.97627009912082,510.08256086772343,4,0
6313,40,9,56.667397145419976,4683.932838019481,9,1
6314,31,17,96.19377751603945,4208.426379281967,8,1
6315,50,21,39.206261508221246,3071.523971299597,6,1
6316,35,60,51.50734616138323,6827.453899906776,2,1
6317,66,13,29.51709477026659,4648.369833469876,1,0
6318,58,3,34.34792697456082,2573.616891644871,8,1
6319,26,68,108.31834903527329,3608.421902863092,2,1
6320,40,4,30.911264418557753,2918.748103332717,7,0
6321,27,7,29.57312072859432,3497.6763009572824,3,0
6322,36,26,114.03773108366599,662.9997437172416,4,1
6323,64,24,84.59034596607675,984.1349481136815,7,0
6324,22,10,30.091598355441946,5027.164298098517,4,0
6325,64,13,117.17167390660514,5504.140181431863,9,1
6326,69,44,34.710001050329716,5129.301280609019,1,1
6327,40,39,96.6345725285428,6128.295639437925,5,1
6328,47,19,23.485136163958646,7553.91876967415,6,1
6329,42,51,82.45417973398115,6898.8846244519755,0,0
6330,45,19,74.67038721028959,3406.225677032823,9,0
6331,51,52,40.80038104253011,1818.5907816780752,8,0
6332,62,47,84.31461427204162,2563.6324716498852,5,1
6333,65,30,81.70529931773886,4743.157754767808,3,1
6334,64,46,99.83517154639767,6864.0458422147785,1,1
6335,42,21,107.58740586004453,5643.620575709622,8,1
6336,27,48,71.01049406535661,4389.8035276756345,5,0
6337,31,62,69.02951934841613,4854.839040524272,8,1
6338,59,58,82.15957709446978,4273.263588453605,1,0
6339,63,18,92.9207589229813,7775.857339504076,4,0
6340,47,59,55.617117244187455,6547.122472818926,5,1
6341,58,48,70.46418833662284,6272.090001669075,4,0
6342,42,63,78.51041858231734,4186.898996223483,5,0
6343,31,12,118.83780838359111,2721.294714799376,2,1
6344,52,34,78.77121964559167,254.16134526830814,8,0
6345,69,61,42.41865507422567,443.097192441787,1,0
6346,65,53,78.79898582402608,338.8796087833142,1,0
6347,51,25,101.94995829490182,7845.76645754403,4,1
6348,27,62,105.74036800111908,1004.4104738963347,9,1
6349,52,4,100.02504545930117,1222.7389385088836,2,0
6350,28,13,108.82094152888419,3924.78490091899,1,1
6351,28,42,53.476634187912744,3903.0692184559557,5,0
6352,38,49,70.7570620952662,7367.792761552046,5,0
6353,38,56,97.95910960075439,680.9085802160922,6,0
6354,39,47,46.44499507590984,7662.18940473792,3,0
6355,62,8,57.158143785170104,1809.4828828939703,7,1
6356,24,55,103.1155654556012,7764.215093508182,2,1
6357,34,18,97.00856496204833,4376.460380540665,9,1
6358,19,35,117.1199567916089,5250.900692855138,0,0
6359,29,32,119.59740585146501,2594.2573040191132,4,0
6360,59,24,44.0744546971379,4933.409213686802,5,1
6361,35,7,110.04499861736733,5715.5552612052425,2,0
6362,28,13,29.451550135006915,181.92432160921388,1,1
6363,33,69,90.98002089640555,370.4045589354615,2,0
6364,66,42,42.00993876755509,7893.1683943125645,2,0
6365,68,31,50.03111569225627,3714.701128653242,6,1
6366,35,26,114.63211776645419,7492.958450948781,0,1
6367,52,32,46.31512367342119,5866.1911728516825,3,1
6368,43,52,87.31778691606303,3046.449632942344,2,0
6369,33,20,37.81285078632562,1291.6518368023856,9,1
6370,23,40,29.338997757048762,7827.398691096673,6,1
6371,61,59,53.931702534386446,4717.520431077259,0,0
6372,60,14,82.41961007894812,1619.6173246111491,7,1
6373,64,44,44.79451437540811,5485.058544328501,9,1
6374,64,48,50.016879867167404,827.183227659669,6,0
6375,65,43,90.87298186064551,6957.494509947261,7,1
6376,59,16,30.279602298136904,812.0850433171777,7,0
6377,29,35,64.69050918035074,1965.9354305002348,8,1
6378,30,53,114.17345298822242,822.3033628762654,0,0
6379,21,34,59.6971662414225,919.9190131107797,8,1
6380,56,3,63.42010279774393,4238.289813907542,0,0
6381,19,68,93.82043036072889,5527.219440219199,2,0
6382,43,5,97.90115220328468,6329.006088433033,6,1
6383,44,10,96.96063897805246,5590.936787856538,7,1
6384,44,52,119.78670249135722,2971.56951508496,4,0
6385,32,29,27.14510874870573,4502.57351767172,0,0
6386,25,31,118.22532846329993,7428.546187983022,2,1
6387,24,66,115.01896169973988,3161.8552644570395,6,0
6388,64,69,105.2138900259558,2093.994515322177,1,1
6389,63,37,65.41255758520417,4202.622908931271,1,1
6390,57,27,107.09023716339243,2448.948173552574,8,1
6391,29,33,42.08324123060952,2168.3547104988193,5,1
6392,30,68,99.16558353878303,6252.546079900779,3,1
6393,60,59,38.52383031210542,7137.603273440533,9,0
6394,34,64,101.53620034711797,4068.3017937167183,8,1
6395,34,44,81.45291332640569,6260.284767542131,6,0
6396,53,49,29.803127951352554,1578.0064669582057,6,0
6397,38,53,109.53195553572253,4426.379802983198,7,1
6398,25,49,77.79571954552443,5125.979547374761,2,1
6399,22,66,85.62482781371146,3976.246925752499,1,1
6400,43,63,48.351003565161,1023.3537091507502,0,0
6401,33,25,107.16355039228065,5899.391831370711,1,0
6402,53,4,74.52007351535634,6728.717599797044,2,1
6403,45,51,62.11202842915035,5118.2874143535255,4,0
6404,46,11,73.42817452283175,1436.371912772936,7,0
6405,64,17,90.33130814677766,688.9642748034896,2,0
6406,29,66,89.504787569927,2482.6708745783835,6,1
6407,54,70,55.75771009578127,392.22188361831365,4,0
6408,47,69,58.52582801062605,6729.830182578177,4,0
6409,40,29,76.22381928384272,5654.1774765546525,7,1
6410,33,20,112.4407120716988,4553.140421904972,9,1
6411,31,27,94.54302669659755,7128.096777521481,4,0
6412,27,8,59.041498536555665,969.7386481835617,9,1
6413,24,61,53.70326265517611,5744.232024020663,6,1
6414,62,28,72.36366741373145,1258.3944347720826,9,1
6415,69,70,106.99913689145947,581.3108714726103,7,1
6416,54,3,20.867924159587517,1149.9456082337874,7,1
6417,46,69,91.04860682895641,7612.426716598081,2,0
6418,20,7,49.451225543776694,3579.4237387985086,3,0
6419,32,60,40.83974802161699,487.06600016039874,7,0
6420,53,4,21.213799681675887,4710.713721213187,4,1
6421,64,5,109.6590620625477,1677.7411224472594,0,1
6422,63,11,111.22484700064406,154.00764105215842,6,0
6423,69,15,26.14174416438201,6091.247776107675,2,0
6424,36,64,72.18153230513606,1323.418323466927,1,0
6425,30,13,35.257445867360985,7545.643131643022,9,1
6426,59,7,95.86875546482742,4783.118963413925,4,1
6427,38,6,86.53914717661469,787.2669980710576,0,1
6428,54,56,49.713081295514435,1820.812986510086,8,1
6429,44,64,31.696028104036536,4925.672634352768,9,0
6430,69,50,103.12206628073886,2771.0905515829677,4,1
6431,46,30,87.4252479284851,4303.930103287835,5,1
6432,37,22,20.68199450025528,6416.145168111324,6,1
6433,42,25,82.78717809361054,6361.5519150766695,8,1
6434,23,28,101.0296027696346,5614.095751466195,4,0
6435,53,39,79.07680595764828,7099.829018426891,3,1
6436,19,67,62.47136766767197,1674.9494634653804,2,1
6437,39,5,78.3918378542315,1500.207759553012,4,1
6438,49,65,81.97120567473473,6414.861178402101,9,0
6439,33,15,84.00346239421309,2635.0258351997436,9,1
6440,35,67,116.70450539043635,4146.241063588339,2,0
6441,22,40,37.86477875583583,5977.221974884411,4,0
6442,53,69,82.30931273139058,3227.8656384253472,7,0
6443,47,43,38.799331962968445,1128.2821715342857,1,0
6444,62,1,40.99567202490118,5467.711894119604,3,1
6445,36,22,86.92578837073668,6555.559156098863,7,1
6446,40,62,111.59540849719828,201.0985402888665,4,1
6447,51,26,35.90442470992416,4544.1617179621835,7,1
6448,30,18,116.2465533756426,3808.300229940753,5,1
6449,60,48,51.9372326016229,2150.808451565598,0,0
6450,46,9,59.13140434568001,1372.1256802474327,4,0
6451,53,1,35.36808239388375,1585.494759199771,9,0
6452,39,9,81.58361058516503,5827.288155375217,1,0
6453,69,23,79.64204946239673,4335.941559734596,6,0
6454,69,45,64.22697431026492,7851.119612546071,9,1
6455,64,2,67.60913898843359,2021.5233061920121,3,0
6456,53,14,82.29758757868908,7659.542996623199,1,0
6457,26,38,78.34965349643583,4169.365518773151,0,1
6458,56,40,57.426338164841155,1253.6083834270812,4,0
6459,68,63,108.41143852998667,1270.614437324416,9,1
6460,36,16,86.7660523127356,4907.687124872246,7,1
6461,55,6,40.54063305998087,6668.23969839195,7,1
6462,23,3,51.99029935057274,6006.921049502764,9,1
6463,69,14,98.78781017032536,5279.456006821239,1,1
6464,64,66,30.452538102009946,1459.653693657087,5,1
6465,32,67,95.02319987242969,955.8860455904177,6,1
6466,37,31,55.88424411457953,101.95938729697257,9,1
6467,26,33,75.16910461084356,904.1715037480959,0,1
6468,49,1,48.055811717283966,6154.296199118734,4,0
6469,21,44,118.64565718204278,7172.462486313397,5,0
6470,67,15,110.58402921423043,1998.7686249578062,6,1
6471,35,37,112.84498369442518,6379.664499555679,8,1
6472,22,27,38.477551797751666,1670.9052483030503,2,0
6473,37,48,104.16900959617651,2069.2462985297916,7,0
6474,40,27,73.53971010240902,1870.8489456984012,9,1
6475,28,12,90.78592002736387,508.66628148845325,2,1
6476,54,67,41.75040667404464,1633.0840179913016,8,1
6477,39,30,91.1984645979216,3050.9924223977437,7,1
6478,21,66,111.42672445722961,3303.210751567492,8,1
6479,46,7,46.74813858487999,2544.784669755983,4,1
6480,61,34,43.335985154950656,4166.329756586549,8,1
6481,51,32,30.441454847347774,3086.186036748605,2,0
6482,30,39,46.6806675311661,7765.880704775274,6,0
6483,59,43,73.57922618156124,6478.068589216992,2,0
6484,26,43,103.27162914375604,7454.721032949083,5,0
6485,59,3,47.880026265763945,4503.672875080355,7,1
6486,48,46,82.11443890693134,5458.883066898329,1,1
6487,24,32,67.95906991730399,1416.7433632994355,7,0
6488,21,43,48.85790406177716,6047.007482173348,0,0
6489,36,3,71.03590811946472,1964.1717782056596,3,0
6490,59,63,36.79623963958772,1252.080129099992,6,0
6491,47,40,83.95775598485181,430.6888550393752,0,0
6492,48,18,31.56627211838507,3830.6189718555265,5,1
6493,52,67,93.0980525143228,2365.6351510718673,9,0
6494,38,62,37.77126783855072,7895.144663825889,5,0
6495,48,10,119.81591533168718,2073.690985924923,6,1
6496,36,52,102.3672594760412,6945.691914517367,8,0
6497,48,46,54.38403038597223,2599.866276137489,6,0
6498,49,55,62.62047722893123,6018.1021332680575,2,1
6499,19,46,45.91910211076885,5312.746349550672,3,0
6500,69,60,96.71145611799992,4538.09008182729,0,1
6501,27,26,58.0726969957774,3392.917053287401,4,0
6502,19,27,95.51855098195357,5401.729601472285,6,1
6503,19,38,21.840155468018057,3317.4989667131827,2,0
6504,41,22,33.56209595045957,4429.991851185827,5,1
6505,34,26,56.49743347025686,4759.433721004155,2,0
6506,49,69,30.890853339459273,2212.1062382932796,3,1
6507,33,35,80.11279922962409,2783.9181707125795,4,0
6508,33,66,25.083209853412328,242.59550210664483,5,1
6509,63,51,105.9762994589343,6832.056047818795,5,0
6510,56,18,96.13079987559824,6072.266839975015,0,0
6511,48,43,41.625647922795245,1549.890581093087,7,1
6512,60,12,68.37919061297178,2960.1827550676135,2,0
6513,41,3,65.18130784109205,3426.4489157713247,3,1
6514,18,7,92.48646153403777,2741.5916668006957,7,0
6515,28,6,60.15089004745089,6406.1181721881085,4,0
6516,38,45,23.29352978298457,5830.823578312334,5,1
6517,21,39,47.37358588498387,6160.553968115444,0,1
6518,24,51,66.6195805237042,7242.627402381391,7,0
6519,43,9,117.4492216160639,4801.694921612997,4,0
6520,64,23,108.11586669543453,4954.82119932163,0,0
6521,67,12,38.14061440021904,5803.279545213139,6,1
6522,29,62,92.3275940490771,5481.73749774035,1,0
6523,48,40,113.68254730147876,6971.5228453517975,5,1
6524,34,54,20.87926130352586,6184.565826171904,2,1
6525,50,7,92.09456736708259,1051.6230701825873,5,0
6526,28,17,65.93334956111573,7434.033062037515,8,1
6527,45,50,88.02361962831111,5496.484393379499,5,0
6528,49,24,80.55892735717903,1104.4528140281948,0,0
6529,18,2,118.46654944557015,6198.592512155868,5,1
6530,64,33,48.881540629786784,2931.458984939716,2,1
6531,45,21,98.61429818692648,6467.225505088375,3,1
6532,59,53,43.46398883130612,7647.706949622714,3,0
6533,24,46,63.56079775501729,2116.4120852605447,8,1
6534,19,45,117.53808739674118,6873.547264070783,7,0
6535,59,9,96.61362960141525,6211.134824137114,6,0
6536,41,6,51.582125628355904,5402.36071158369,4,1
6537,21,51,81.936928309195,3140.8723020312177,9,1
6538,61,35,24.969208350277498,967.9105540112332,3,0
6539,36,53,46.63949166209697,3922.784940567423,2,0
6540,43,19,91.83904896036145,934.7663752421752,0,0
6541,28,69,77.00935695883248,4051.1630923387684,8,1
6542,57,25,66.96728529767724,6580.316839127,7,0
6543,67,11,89.08760600159631,7981.341261767609,0,1
6544,60,17,59.8458890819826,1664.2688207955607,1,0
6545,28,36,22.61561445324131,1742.0785345414772,0,0
6546,62,21,64.10266235155673,6505.978322160646,0,0
6547,20,18,110.21291922932616,3805.563195147958,8,1
6548,29,60,105.66151283141213,7334.856308651867,4,1
6549,20,18,60.89971854095129,6175.0702768915935,2,0
6550,59,1,22.22214407603827,5917.7793413685185,1,0
6551,44,14,83.63072726203157,905.4342983717887,7,1
6552,66,8,94.11944277828646,383.4169648753116,7,1
6553,19,66,49.424357608427485,2602.426275312905,5,0
6554,66,51,67.66639996195742,1816.6570507067333,1,0
6555,33,60,119.18567952477085,5727.240198835254,0,1
6556,19,34,77.63430129815987,3660.796420911798,5,1
6557,47,36,55.10749056615666,4232.85635956846,0,0
6558,37,62,82.74888766401331,6528.557714688001,5,1
6559,55,1,38.00223068640845,3880.186985949104,9,1
6560,45,42,39.925237327458,4404.917934362653,1,0
6561,42,1,112.4924714714017,6754.330104623374,6,1
6562,49,54,43.92000411693307,3507.552893529351,9,1
6563,27,47,51.078937921574415,756.700992517432,1,0
6564,59,39,74.37772419697538,4221.471155784562,1,0
6565,57,30,109.96926202776064,4676.957305439495,5,1
6566,50,7,98.14488897190144,4143.194754072645,3,1
6567,30,22,24.37839206698749,2138.5911860231276,5,1
6568,58,50,89.30296688983692,1867.1515391918113,7,1
6569,59,45,70.40614826839929,3021.075338261548,9,0
6570,64,10,67.55528420023806,1413.2070341790704,2,0
6571,54,14,89.15583668255432,5361.587066263295,4,1
6572,33,46,39.623204621904414,4955.93172010919,4,1
6573,62,6,118.14886636617199,5095.925363862391,9,1
6574,39,21,84.5306530272449,1875.9001958055358,8,1
6575,37,62,56.56561746118562,2047.579212210684,6,0
6576,67,19,80.02022080701612,6320.383047038126,8,1
6577,60,62,41.647086328962025,5551.8830032122705,7,1
6578,44,53,83.38418648549562,7013.920808423575,2,1
6579,58,24,22.821714073779734,3287.695170436683,1,1
6580,33,56,54.118191140836615,4423.889873572246,2,1
6581,51,62,94.75168967475064,5936.3438768502665,5,1
6582,49,34,100.797784911414,7795.824255357196,9,1
6583,43,22,45.291941331396806,7918.091321480996,3,1
6584,42,68,73.94094612799864,7993.485758578416,0,0
6585,19,57,72.84928896891181,7135.1592162119705,9,1
6586,29,10,62.14560463767805,5153.241471182916,9,0
6587,57,66,42.843298275297855,155.07051123667677,8,1
6588,26,8,90.32282332287728,5626.395729894273,5,0
6589,29,38,45.23616817455196,1984.9361774818353,0,0
6590,43,62,111.10257371566158,551.6204637509256,2,1
6591,26,28,72.85012911185026,5607.756988666575,0,0
6592,27,10,107.04783373106218,6072.486324691928,8,1
6593,49,45,49.0742720804164,5309.521649325222,3,1
6594,51,65,100.7079156258732,2984.841292148425,1,0
6595,65,67,31.36635848999925,4136.932580225074,3,0
6596,37,9,96.68303420073934,7486.086253266404,1,0
6597,56,5,58.694584992530224,5863.926631217843,5,0
6598,19,10,66.99900888185869,4087.0054446447534,5,0
6599,18,12,36.680732025957276,4788.24830041347,6,0
6600,68,58,21.862768852439235,7428.700426936215,8,1
6601,53,21,86.61974931282816,3210.881925930452,8,1
6602,41,21,78.77182834004182,904.5653523401132,3,1
6603,44,65,82.24281520696574,2674.027309454264,8,1
6604,19,3,45.500175802691984,3380.081696416663,7,1
6605,48,69,43.9277462883106,2256.414571897857,0,0
6606,31,64,103.02963112692477,4278.882001475397,6,1
6607,19,49,96.12527525932332,2508.377213654011,6,1
6608,46,17,53.67901158413606,915.1187245208224,9,1
6609,32,32,83.78057159756804,1585.7412574878006,3,1
6610,29,70,102.81500041688139,7353.433059042799,6,1
6611,54,21,108.88294422179487,5073.805469896796,9,1
6612,45,7,20.580626090924262,2583.038830828098,9,1
6613,37,7,101.34623931347242,2998.6515087534754,4,0
6614,56,27,55.03923342469258,3997.7270541312982,4,1
6615,41,8,91.83782847761766,5417.72726514537,4,1
6616,38,28,57.140136459999965,4699.221129765783,5,0
6617,27,66,80.62490867940149,7468.315184047237,6,0
6618,63,71,84.67824400060186,5043.415729921245,4,0
6619,31,47,60.49927709162261,7295.256638879038,8,0
6620,54,10,71.27853311377449,142.89825740006629,8,1
6621,35,33,92.63133719191683,7135.419828183377,6,1
6622,41,7,67.63052686948622,5799.52284493175,9,1
6623,31,3,21.39804850851666,1460.3282874854792,2,0
6624,51,14,21.290419699751578,2178.0003520359037,3,1
6625,29,44,86.13108500493937,4388.198993394664,3,1
6626,39,46,104.7237537455598,1087.0114272692886,6,0
6627,23,61,98.52735375139964,6304.409325985162,1,1
6628,53,36,51.04003019331635,6350.273543157171,4,1
6629,62,13,67.11278849969544,2477.4970103751452,3,1
6630,53,16,43.416074010166696,651.5543392850882,9,1
6631,39,5,118.91499106666726,7911.894927945239,8,1
6632,31,38,46.05064492602319,2080.7581460301662,0,0
6633,33,50,61.62615928493666,633.713345407026,9,0
6634,53,38,88.11289513243032,2706.7231791300906,2,0
6635,42,56,107.6017669650776,7755.125771176916,5,1
6636,49,63,25.147568406713653,6364.1281407407605,3,0
6637,50,48,50.10196760271214,3894.6313305001327,2,1
6638,62,59,76.89858479644604,2512.110331632874,5,1
6639,53,44,81.83130813761835,3444.118178525003,2,1
6640,37,55,27.002743849986082,237.18830502207297,6,0
6641,35,55,86.40787378420733,5775.126803386554,0,1
6642,55,1,72.80643656085743,887.1897452595612,8,0
6643,20,8,102.76273793621446,4200.396857307027,9,0
6644,40,4,42.21891762083007,4570.1759176143005,1,0
6645,49,53,39.50269850218761,113.34921698812173,3,0
6646,62,58,99.33372219279558,7841.041145221708,5,0
6647,33,37,90.38691289396162,2486.8983977422045,5,0
6648,22,49,99.16733605776747,710.071582837715,7,1
6649,21,67,98.19341410280795,6849.669610249973,7,0
6650,38,19,30.40006758304607,1300.4255720056276,3,0
6651,57,1,47.85830472991508,297.14557617345935,5,1
6652,68,29,46.00851361364464,4008.0563687838885,8,1
6653,31,33,113.45872814168396,1126.3441878008298,6,1
6654,56,52,68.74665740503455,7861.142224195658,7,1
6655,48,41,31.105713270001736,182.24679423887503,7,1
6656,31,23,48.957790593001874,504.4590190901926,1,0
6657,23,5,107.19016485164714,6682.943334551855,6,1
6658,29,71,104.70663781653133,1994.0383987004047,2,0
6659,33,57,110.03394834405374,7301.614351733159,6,1
6660,34,6,58.852877273702,2557.9827224521823,1,0
6661,62,49,84.13409614899965,651.2829457472053,0,0
6662,40,22,47.81739198753237,183.6752124281314,8,1
6663,31,4,38.08253311523739,2332.2814887516893,9,1
6664,24,64,22.190107592636792,3842.4715464176043,9,0
6665,63,37,42.34409496893495,108.02727631595222,0,0
6666,49,31,80.4374136892273,4690.746900096765,0,0
6667,32,37,110.42103136067927,2735.9263135303813,2,0
6668,61,45,33.34205532154418,3182.21288196305,0,1
6669,34,8,111.8011560965442,2165.1464907650425,6,1
6670,58,40,54.538523487172135,4279.457122984396,6,1
6671,64,5,62.682840761432075,1917.9687135483362,7,0
6672,61,28,56.49785404687468,1165.094480636117,1,1
6673,51,9,60.86081399197039,7136.111948179555,6,1
6674,22,2,45.919314918766524,3185.3843659413646,8,1
6675,62,63,89.86046783114386,707.7497667458354,9,0
6676,44,51,95.81831102701669,1919.5497610740183,4,0
6677,69,31,102.31128908522648,2548.5492907864527,9,0
6678,40,7,54.12895833599671,6180.205843853471,2,0
6679,57,30,96.46268910277948,275.81840678185836,8,1
6680,31,58,83.76753574768152,3878.170958977103,0,0
6681,32,3,115.79160868403928,3320.770634318071,2,0
6682,60,51,62.47851666985476,7750.363172915902,1,0
6683,50,56,119.23097278833546,1522.5925971432307,1,0
6684,48,10,94.03940300078715,5060.178894693379,2,1
6685,52,61,97.62777549589974,1697.3553922325639,9,1
6686,34,50,22.5704860109661,4432.534227957543,6,0
6687,45,47,69.73983513360965,4484.999536858934,5,0
6688,36,1,72.83367123120252,695.2391658817728,8,1
6689,63,57,24.06001019205996,3705.9652241581307,9,0
6690,40,38,51.2131223490555,3743.1332528837083,9,1
6691,49,62,115.56441806277962,2621.1797257229578,2,0
6692,57,70,62.61114363601356,2289.55257413247,4,0
6693,30,65,38.67019845583074,1871.9539955180187,8,1
6694,37,62,71.33387070264081,146.93446780989098,2,0
6695,52,56,23.376557722046524,114.34864746288913,7,1
6696,22,67,71.59886999708573,4759.318965245695,8,1
6697,26,17,79.42683060300878,2402.564898011431,6,1
6698,46,8,55.769436255300626,1426.3203806872834,5,0
6699,23,60,96.25761980935596,5509.408123547168,5,1
6700,42,40,33.571407700100536,4278.3460988876195,5,1
6701,48,62,107.81834098806966,7328.170387361884,4,0
6702,39,41,115.54449103904203,6665.033802868825,6,0
6703,19,12,20.123452460288853,5841.160609689739,6,1
6704,62,54,104.27216600431593,1099.997461761614,6,1
6705,22,11,70.61051489073336,5362.101037774224,2,1
6706,44,60,66.14056338385167,5582.0188992072735,5,0
6707,42,68,43.86791068743811,6130.327460800214,8,1
6708,25,46,64.73250411116366,2178.748517683533,8,1
6709,18,38,115.04271496301374,5158.350278943635,3,1
6710,37,61,41.07876339543837,4984.399820432064,8,1
6711,61,17,37.904123845076235,3143.9493935107907,1,1
6712,40,66,44.1896304059448,5341.7051449135815,7,1
6713,49,36,75.18341943372664,784.8949343992828,1,1
6714,28,7,113.02998154332998,5183.689666863708,4,1
6715,56,16,77.38815907652575,4887.523115280065,5,1
6716,64,14,44.34824766058209,1763.9328173072938,1,0
6717,41,25,64.04523153212621,6563.887594206965,8,0
6718,28,4,59.040013178574576,7007.870602075355,5,1
6719,46,29,24.656946986243724,1762.82318330391,7,0
6720,43,56,71.06418485290585,700.0925654739076,3,1
6721,33,6,32.60063866336738,4868.246161978241,2,1
6722,52,1,104.22440420838751,3891.3484631680526,3,0
6723,37,39,74.89629092958967,3477.9944111702557,0,0
6724,63,1,104.46064826173757,6111.965807345207,0,1
6725,20,63,115.60446873780411,7760.334852120429,7,0
6726,18,57,114.31882907502765,3873.5433830719535,0,0
6727,64,67,30.042933430755376,148.62512232072208,4,0
6728,18,65,114.4817071550007,4810.510362853187,9,1
6729,34,65,99.57472077895102,5266.330389825731,8,0
6730,19,21,97.76581052607911,6641.344617363079,2,0
6731,46,30,29.01285402681754,1675.3151506593276,9,0
6732,37,33,37.95147022835991,4242.188304799554,1,0
6733,23,48,117.51633799147685,3632.338853075987,4,1
6734,25,22,41.33701571552944,5349.079643184783,1,0
6735,46,54,36.905333016740066,605.1502032550012,9,0
6736,65,4,56.23516187094678,7083.702160426245,0,0
6737,68,55,111.33561975348903,4138.143493482399,8,1
6738,50,44,67.61934635565555,7028.6590152629215,9,0
6739,20,12,112.05837190890865,2787.87334171879,8,1
6740,52,52,53.43387804152357,5262.825495660957,0,0
6741,22,65,42.652864522699936,7658.128679544346,3,1
6742,44,65,69.52030088510355,7552.695606607259,4,0
6743,61,10,81.54768902618886,7558.4117626926145,1,0
6744,29,18,59.14989986135561,439.28004008376,8,0
6745,37,47,54.60305095945317,3283.8264076987293,8,1
6746,62,66,41.80592847732466,580.1719338373476,8,0
6747,37,49,47.500676622177146,2544.8684048731507,7,1
6748,26,22,87.31179631523008,1479.1669512412486,5,1
6749,56,26,56.98735386136779,4999.085650483975,0,0
6750,21,9,27.975704172102848,6267.89459499663,9,1
6751,68,21,33.81553899525346,4155.441025580871,4,1
6752,36,63,57.237918839111074,6384.237279053272,7,1
6753,55,6,112.45024298478619,201.22504318922654,3,1
6754,44,14,57.90302616459803,6581.763280807645,7,1
6755,62,33,26.064207745167526,1509.0457750415715,5,1
6756,60,71,61.799425788001585,3741.393621097714,0,0
6757,30,24,86.88175939601658,3596.42636563503,0,0
6758,30,51,79.3596134948221,6997.92868040229,2,0
6759,39,2,47.88029623860301,7731.235263543344,0,1
6760,45,15,88.8088923048694,2115.4556356465037,3,1
6761,69,35,83.06243738653325,632.564063486288,2,0
6762,64,36,37.21729688289686,5239.122081393287,6,0
6763,62,39,36.2145003568245,4072.4406353503464,8,0
6764,39,4,74.71830820679408,4569.070621094486,6,1
6765,60,64,85.94385611161037,465.534680882999,4,1
6766,36,6,116.19105848602607,6224.947590781772,0,0
6767,25,57,62.193063073177974,1935.5919791896517,4,0
6768,69,30,96.49392396719134,2746.000569199089,0,0
6769,25,67,31.65207472913764,1903.9943291400537,5,0
6770,59,15,108.96090273156472,7572.962028677209,7,1
6771,43,17,83.31075413988398,1432.9023506706228,6,1
6772,65,18,82.90303313512473,5885.32013174354,0,1
6773,68,19,34.24426338324355,2041.4036221144397,7,0
6774,43,69,23.958372952589794,3456.864990955644,8,0
6775,40,24,90.14491379846196,7968.888829659769,9,1
6776,60,48,31.705645896458662,894.5562795130413,1,1
6777,30,30,32.69701494839327,7062.737925583934,0,0
6778,45,15,38.750014634698495,7573.7941805241435,5,0
6779,26,47,29.774648313960242,5615.995629941305,3,0
6780,37,44,82.53925204303069,178.70129890905548,6,1
6781,36,27,62.2004805848588,6584.308813851066,2,1
6782,65,64,46.609609240954825,7069.948228125169,2,0
6783,56,41,64.07494003715766,7849.379839414677,7,1
6784,68,68,104.41400020651997,6730.594407225756,6,1
6785,29,5,112.70794050436362,3620.137041721517,4,0
6786,32,53,68.74761446534416,5540.332445882044,2,0
6787,48,8,76.67529151128025,3932.515244462984,0,0
6788,31,22,45.719993033987286,2888.844961229433,2,1
6789,28,7,71.36003786371192,5048.769295890698,8,0
6790,43,22,94.81196069352322,6181.676273170029,0,0
6791,59,46,69.21372636561695,5123.616214757726,4,1
6792,44,30,50.20729007891697,6629.9691044050705,3,0
6793,28,16,78.2034347224959,1493.3622993405795,5,1
6794,55,5,114.66560308858446,3052.1869576649597,1,0
6795,51,67,108.79838539831117,2569.427920600416,3,1
6796,60,23,96.92423791754563,1633.604403375608,8,1
6797,36,61,47.6209632665209,3601.077187134272,4,1
6798,23,5,44.15595072164014,7588.195695630867,7,0
6799,63,23,103.85371897975979,4350.265504486582,1,1
6800,69,25,38.13174760821023,2362.5985259587974,8,0
6801,55,8,80.56113074866435,2897.078884593996,6,1
6802,66,21,63.89299435829642,4943.298122565309,6,0
6803,59,2,66.79864672923982,2886.6992603233343,1,0
6804,45,22,65.45434025275408,4352.939111073285,7,1
6805,18,68,109.99501467236601,2265.863158277336,8,1
6806,52,64,28.709425089545498,2832.857040111468,9,1
6807,57,19,98.29014494560987,5675.250084807242,4,0
6808,25,53,103.50126715752833,4718.484977986712,2,0
6809,69,52,114.28771471534901,838.5462201756982,2,0
6810,64,47,65.25999549377113,7788.141896197713,5,1
6811,24,54,70.00651918869167,489.76169137519264,0,0
6812,28,44,116.12945211409166,755.2226210251442,9,1
6813,56,7,65.8451060949163,5640.949785054957,8,1
6814,21,1,70.35484729762578,5693.3433015035025,5,0
6815,42,63,53.225431818938404,249.59071249149787,8,0
6816,29,39,23.16274506846499,5177.755805762424,2,0
6817,43,19,63.305455176149266,362.754116734006,9,1
6818,55,31,85.5091310847386,7690.082951731214,2,1
6819,63,24,88.99459106135572,5599.5264912801895,9,1
6820,29,69,20.65086468846095,1573.9670004355162,6,1
6821,60,65,100.10527747728287,1349.0278264673107,6,1
6822,68,33,69.2415614128547,4600.332191491231,3,0
6823,54,59,72.0745361386193,5104.797932529133,7,1
6824,63,33,116.17436881703674,6666.777275986736,1,0
6825,41,32,48.44611586558179,7236.237078787137,0,1
6826,33,59,96.16519889681673,3201.0142080598316,0,1
6827,30,41,77.47762456722708,6768.270254734767,1,1
6828,42,12,90.07984615580384,4384.802279002198,5,1
6829,69,11,61.78174517811243,3817.5989107559553,7,1
6830,21,19,47.920753896426845,5621.868103856525,2,0
6831,28,54,74.61259523689344,915.2401946227649,5,1
6832,49,57,57.494114635264694,2196.553395286849,7,1
6833,66,42,42.2911178829664,6552.425214749967,8,1
6834,24,71,103.92361481137624,4082.222822865531,7,1
6835,63,31,67.58315950012913,7273.543148208542,6,0
6836,28,52,104.73157411908994,800.7594976749958,3,1
6837,45,2,67.40315823689203,2575.961206742357,2,1
6838,58,38,75.6797697712408,2908.8441531518893,6,0
6839,40,32,119.52802413139548,3439.4905495129174,0,0
6840,62,10,115.15042120351598,7895.878407357562,6,1
6841,40,8,47.16898706668906,2554.2354411387932,5,1
6842,67,20,106.8655386449222,4197.591378426925,2,1
6843,45,20,59.040348369719325,4334.9634585809135,2,0
6844,60,9,27.124873791039278,6189.303714998196,1,0
6845,64,15,77.57810148254003,4191.165053277882,0,0
6846,43,63,117.70518594542354,4885.325464902034,4,1
6847,42,21,117.43136870052852,6051.291601011201,6,0
6848,46,5,32.646537816246806,898.942836971568,6,1
6849,36,35,97.12366666178498,7711.429775847258,5,1
6850,50,68,100.28330442502075,6785.80299102764,9,0
6851,53,48,56.874478431666006,3171.303647622545,5,0
6852,31,62,85.85951811884712,5854.498953682572,6,0
6853,31,35,68.81594782772217,6122.368324829099,7,0
6854,52,70,42.78930977099267,6816.946950383689,4,1
6855,47,21,96.12642812249875,1587.7029185590118,0,0
6856,45,39,46.27527078124131,5659.25174588604,6,1
6857,34,34,54.04477530416592,363.3901911576405,1,0
6858,20,15,39.001840491546105,1013.0750800256628,4,0
6859,33,6,91.92713037887043,6230.928987677479,6,1
6860,63,66,65.87240538305794,6522.7237306659,6,0
6861,47,56,64.33732548389332,4780.247971784061,8,0
6862,69,49,80.45628668900126,4695.319196052788,4,0
6863,46,1,35.726344724733735,6021.140284106644,5,1
6864,62,65,109.81538896257594,7258.070094500742,9,1
6865,32,28,66.5108956235931,3426.809849854275,5,1
6866,63,20,56.65268586820298,1007.086836998051,0,1
6867,42,48,32.66906089051925,6728.095136975576,9,0
6868,68,65,36.79542043674142,2798.9887531689487,6,0
6869,55,51,112.036031391386,1156.907608363664,9,1
6870,59,43,65.66170333997222,4955.469561128368,6,1
6871,64,49,92.21839193592608,4666.863009172348,3,0
6872,69,25,28.051635265853317,3846.5450313688707,3,0
6873,55,41,84.34645441264838,6892.398229552555,5,0
6874,40,71,112.15191923374212,2250.5840996866064,2,1
6875,42,64,49.99634508814911,204.558595746603,9,1
6876,59,61,77.91405007134392,2655.40287964338,5,1
6877,24,12,114.02191043158506,176.67708717681742,3,1
6878,39,69,91.93225538047201,4394.37056608503,9,1
6879,34,14,26.23255023840773,3088.1615135927987,7,1
6880,35,34,57.873714726043886,6530.147652770979,4,1
6881,66,48,28.57727560872884,6400.924284677459,7,0
6882,58,61,106.13175961991742,3533.644097059443,8,1
6883,27,35,82.16627012036155,1810.233661328002,3,0
6884,27,65,115.63817448338857,3437.1959409441465,0,0
6885,24,59,21.975632918580715,5166.410087094671,9,1
6886,65,36,62.308736985390425,1602.6272544259682,6,1
6887,67,19,30.436409954439473,6207.0682630053925,6,0
6888,55,42,55.04878226199127,2711.4256624386635,4,1
6889,44,69,36.1886823356587,7464.198259847533,4,0
6890,69,19,52.87937599934202,4143.777189169403,0,0
6891,50,39,101.92620047220291,6792.299619624805,2,1
6892,18,69,36.06993264827036,4965.55138434316,0,0
6893,61,52,67.36647569521882,4481.354565852028,6,1
6894,51,12,112.15831340605264,5488.828054532387,4,0
6895,21,47,119.87792878543064,6510.77987729131,3,1
6896,34,36,45.064111817508326,5191.609284836916,6,0
6897,21,63,113.55681707661002,6398.201428814449,8,1
6898,60,51,46.138868080102554,1604.6747992301528,5,0
6899,43,43,61.35284989835933,2292.3806689609287,8,0
6900,21,34,107.79236122333273,1914.8102905397232,5,0
6901,18,49,98.61761049242482,6406.595183735149,9,1
6902,24,18,105.74875572237353,780.415614970899,8,1
6903,47,61,100.02566793044507,6387.319259789651,5,1
6904,67,57,43.506100501004134,3173.4341685347213,8,0
6905,26,5,75.87951154306022,728.1065799374244,2,1
6906,52,24,58.52507183619219,3452.9674660590526,4,0
6907,25,64,65.97109684483686,2473.9681742174253,4,0
6908,41,59,35.39563021236307,4776.422243982932,9,1
6909,36,38,51.57675592251705,3832.960401441122,7,0
6910,53,33,105.76471214221868,2444.541389597966,6,0
6911,67,10,109.7558409886164,6911.900960803572,1,0
6912,69,37,81.01530838991386,3313.8892562799947,1,0
6913,60,11,69.82672570007529,3818.450935234052,6,1
6914,44,24,91.28396881493003,6788.3653455444155,9,1
6915,49,71,80.88532502222023,803.5472059177682,9,0
6916,31,21,118.36750063478135,3180.155820044183,3,0
6917,35,20,39.008879216420326,3282.5678235742794,5,1
6918,45,10,64.90447262464816,4017.022675737799,8,1
6919,46,47,111.82405022855536,938.3526796393019,9,1
6920,33,47,111.47370599085242,911.0149578714559,3,1
6921,52,15,69.53468465611735,3389.686050550735,6,1
6922,64,44,33.480900200138144,360.9291659391499,8,1
6923,48,62,101.49579674929025,2114.3764365711177,0,0
6924,21,6,78.51651865033476,1689.2963547953527,9,1
6925,54,66,97.31660158572568,3966.151464456241,1,0
6926,34,4,66.25236314105902,188.16050202386376,8,0
6927,56,23,40.388392193682655,5438.294257085367,4,0
6928,65,13,22.398940747952082,6859.1397263328145,3,0
6929,63,31,75.91382688397522,5683.257994090504,6,1
6930,43,16,36.104617888158955,6562.817537959801,4,0
6931,65,41,38.71372085978214,5182.199590005674,0,0
6932,56,1,63.63056309571643,4108.199571674219,8,1
6933,58,12,64.20770734388978,1830.2706187463725,7,0
6934,21,56,47.43870902057053,2309.048146694626,2,0
6935,47,50,33.19222084234685,2609.89322938419,9,0
6936,47,20,114.49527518223377,400.3395887852218,2,0
6937,39,66,33.16406158782599,7313.401294154012,2,0
6938,28,36,55.07725846011295,7212.391350803654,6,0
6939,19,38,50.486799260744625,951.4450112866458,1,1
6940,61,22,106.63378969585519,4497.87916784542,8,1
6941,29,61,61.006244847857054,3794.366224210303,3,0
6942,47,50,32.40434992343643,5498.970576631763,6,0
6943,53,59,21.02610284044954,4863.839518252843,7,0
6944,35,20,92.19496034745248,1082.1422293167132,4,0
6945,43,36,91.45010925678503,5314.613395198186,7,1
6946,24,15,61.77836713132277,4910.091201252697,3,0
6947,18,62,32.63080003123236,4296.666739993064,9,0
6948,43,3,57.163381257274786,3279.0095059284913,1,0
6949,40,5,78.98824509170308,7643.875853019998,2,1
6950,43,56,90.3942941806841,6810.572534357815,5,0
6951,62,31,27.82398924342762,4722.17130186737,9,1
6952,23,35,75.6307470614679,150.38481961416983,5,1
6953,23,71,47.61240784481376,3513.773613141208,6,0
6954,61,70,81.72662871336426,5632.683855545782,3,0
6955,25,26,84.81401228647609,1026.6244546789892,7,1
6956,41,1,111.06037017747185,3311.741970916764,7,0
6957,39,7,61.03783753889599,1614.6292692258412,6,1
6958,36,36,73.75906601353175,2771.32959847566,2,0
6959,54,25,46.82151227605093,310.6867117566024,2,0
6960,35,59,48.65570241451274,1101.185819892705,1,0
6961,48,61,24.60337815613625,3692.579116100158,6,0
6962,54,29,48.60689422985063,7195.7003761826645,5,1
6963,47,18,26.38286895906579,3975.5948106467986,6,0
6964,59,41,116.39157905858296,3679.3120027922846,1,0
6965,50,19,82.42632353761046,6321.798204474764,3,1
6966,27,4,37.31485611862941,2215.85760779405,0,0
6967,54,65,31.676635982033513,851.0431188763631,1,0
6968,29,41,57.01226204775434,1755.623700659765,6,0
6969,47,15,50.76473246188414,6351.276611899331,4,0
6970,44,54,47.9254780914453,5448.678608239584,9,1
6971,56,64,66.81960449310212,823.1121398068831,2,0
6972,26,15,111.28738429764634,5370.035966239252,1,1
6973,38,50,76.80502544030297,7459.256730586563,2,0
6974,29,22,72.12315045866191,455.1441524107134,3,1
6975,46,18,100.6548435161058,4969.702957750901,9,1
6976,50,2,20.402461159688915,3095.400101285005,9,1
6977,60,36,39.73856691552335,4058.148526206693,4,0
6978,32,20,69.61859343888361,4272.612646231632,7,1
6979,19,16,90.53090605220666,6191.264169992096,8,1
6980,69,67,68.50281949396383,4500.398906206217,1,0
6981,56,30,36.37159813008772,4785.376462188367,2,1
6982,61,55,112.99828176615765,2730.003565797295,3,0
6983,35,66,52.866513110544524,1094.967852495776,6,1
6984,20,26,98.8215681394504,5493.585434032475,5,0
6985,24,57,109.14133345976127,103.80890977976789,5,1
6986,60,69,54.64493776886665,2696.8656389739167,9,1
6987,35,2,104.53117813301047,1822.5472399548137,6,1
6988,61,56,91.07736831667975,3169.4141819734073,0,1
6989,55,62,110.4280836662006,2559.0174138042225,7,1
6990,54,34,45.13107017229777,5663.314930042847,8,0
6991,50,56,113.12776061382758,2155.6277996328477,1,1
6992,61,55,26.530647666993026,4529.927730140954,0,0
6993,48,20,99.36712853056488,3700.5863974576973,3,1
6994,28,50,63.566502070163274,6428.354292150629,1,0
6995,21,25,37.78899668529606,3481.93065411111,5,1
6996,35,25,27.94029551026796,6924.621015659348,2,1
6997,21,53,58.95475138989381,101.15156409729906,8,1
6998,66,14,58.9323921726521,4878.207206124634,7,1
6999,51,60,42.995738430698545,177.47524891989497,6,1
7000,46,43,41.55153983528428,5740.0811544134485,6,0
7001,41,62,59.9514298046816,1955.886974442846,6,0
7002,39,69,61.01138832051573,3101.851889007722,4,1
7003,19,63,64.23647991631923,3105.45636276068,7,1
7004,61,2,106.8759386727768,6786.737105043144,3,1
7005,23,54,81.12545064227575,906.5328110543387,4,1
7006,59,16,22.0433166071525,5368.485931467074,2,1
7007,42,55,71.90992417621837,7851.92895063421,2,1
7008,38,43,96.24512959857546,276.83699018712133,1,0
7009,33,61,25.64143066445172,7730.5641702183475,4,0
7010,48,38,62.26078792741066,245.39735865396298,1,1
7011,31,45,65.1210143257567,6745.080721826594,9,0
7012,56,51,115.40204523357757,7693.830915306963,3,0
7013,45,42,67.56839537829603,7944.916319948142,9,1
7014,49,24,94.99002626622023,3727.058593667362,0,0
7015,45,30,50.290204520905284,6948.964299376664,1,0
7016,68,37,97.93066511884315,1066.4823899338799,0,1
7017,66,53,52.26623664973406,3460.536275052665,1,0
7018,26,63,63.00235873450098,2533.0023118459094,3,0
7019,62,11,67.94822778116978,3221.8986997959205,0,1
7020,39,23,112.63629694180113,5645.648732888699,5,1
7021,49,50,25.345354780486755,791.0935803377665,0,0
7022,22,55,39.68671510108072,7985.495286596176,2,0
7023,40,55,90.57427461975038,5117.030556391665,1,1
7024,22,4,77.75776598819688,7000.78893392087,1,1
7025,59,54,45.15313904149758,6654.5949653863545,3,0
7026,49,61,48.92008874910048,6151.38059790657,8,0
7027,27,5,56.73094856086799,409.8658958802535,2,1
7028,56,18,65.03469493303285,4180.089905009967,5,1
7029,32,44,101.8027323252778,2692.3721720946032,9,0
7030,24,31,21.381547647196257,992.219014992538,2,1
7031,46,21,109.80197412134784,2809.622630717235,9,1
7032,64,47,61.302711163152814,5193.943994734641,4,0
7033,20,30,43.049751756641314,1921.9487861149394,8,1
7034,36,55,70.84126995273452,3612.303890858115,2,0
7035,27,68,85.96700426995783,3295.504524666337,7,1
7036,45,69,24.47522191936035,514.4574061706481,5,1
7037,46,41,91.57773516660826,5061.851982124126,7,1
7038,32,45,96.07611875838624,4988.890528111018,1,1
7039,52,30,36.61822843234193,7734.674591451338,8,1
7040,23,45,36.78814283769029,2454.241211388669,0,0
7041,29,45,40.378455454087685,3409.7131262719654,2,0
7042,64,45,99.66287120673037,3288.737216560364,3,0
7043,55,55,47.20030559311891,7365.976817787651,5,1
7044,30,59,99.59358380543546,3328.329591575244,3,0
7045,46,5,74.0523858938849,3597.8367392270734,1,0
7046,36,32,96.71713301718087,2093.521820114799,2,0
7047,20,6,75.36730416796108,109.22835674997701,2,1
7048,25,26,53.576889921179074,972.560303865403,5,1
7049,25,37,111.07141426580581,5660.72429627574,4,0
7050,37,13,91.52956618574642,5491.715187667577,4,1
7051,64,69,68.40548025156716,2647.9915254744815,3,0
7052,21,25,83.74284763752695,3836.749199201108,3,1
7053,68,13,81.5843355868993,2449.2893077044982,8,1
7054,38,20,55.81162165042701,5874.239469607371,6,0
7055,20,60,62.377174677952176,6755.744865840599,7,0
7056,62,21,51.825677763312065,7202.931811978255,3,0
7057,25,61,119.9518131415453,1473.5834392268546,2,0
7058,40,26,78.00644539843893,5590.63226049297,0,0
7059,33,54,29.20553210974623,7707.736949331656,8,0
7060,30,42,71.91071837016355,5239.83246263725,8,0
7061,20,11,24.99619646718399,2872.695734448762,1,0
7062,65,37,48.86520483129659,5123.976289825515,3,0
7063,26,11,64.59611159761832,5538.565813335379,3,1
7064,31,27,73.42704866019119,3236.673668897117,0,0
7065,30,34,117.61813997282547,921.5285093281019,1,0
7066,24,38,118.2221723804152,4892.612953409764,7,1
7067,32,61,29.80693699063544,6436.912324082142,5,1
7068,24,53,73.81326727628893,7980.854221672865,0,1
7069,55,65,101.7109395192114,1862.160625007242,6,1
7070,51,3,43.771282025275475,5633.072896035706,6,0
7071,58,67,95.05630985884716,321.5412813119818,5,1
7072,39,28,107.86190557049794,7761.619710007707,7,1
7073,41,14,86.24873960354586,199.25924604260604,4,0
7074,66,52,52.77033488451189,2934.480196945821,1,0
7075,54,30,112.31323193405726,703.5819065122345,3,1
7076,61,58,108.35200936741688,5005.6468967037445,7,1
7077,18,54,91.58253187940376,2782.048385303386,7,0
7078,27,69,56.36681134371731,5890.257057510637,4,0
7079,60,15,99.18963623947994,3942.386726677611,5,1
7080,33,38,51.61089815021412,3413.2869891805235,8,1
7081,63,14,45.29528513335707,2853.279158006856,9,1
7082,25,57,71.50133869112811,780.4204194157544,9,1
7083,66,59,119.71352250012508,1718.1163361657968,9,0
7084,42,8,100.4321941434121,5148.9097894090355,1,1
7085,67,19,92.97927321183238,4024.3381814562213,4,1
7086,29,32,65.20127466939773,653.7066676839206,8,1
7087,42,29,51.195000918581606,4397.218569354854,2,1
7088,34,41,105.59007631505159,527.7270254477546,5,0
7089,43,45,76.77327799810192,4142.642885407908,3,0
7090,63,13,101.3254951121899,7723.195430501224,3,1
7091,65,27,68.77537095709786,2528.0219744701762,2,1
7092,31,19,95.39574940121003,5815.674795273186,9,0
7093,58,26,106.77410586716948,5989.8611206766045,0,1
7094,53,53,59.139002646999955,3298.3903139480035,7,0
7095,40,51,21.356956990401592,4787.007991161288,4,1
7096,60,37,45.492656602090904,3829.1641165105466,1,1
7097,23,9,111.49150410844089,2338.56785571537,0,1
7098,64,52,88.7542260552291,6062.462552084266,0,0
7099,22,54,93.72187164369404,5652.330263622405,3,0
7100,60,3,52.52886142654214,7214.336030128522,3,1
7101,42,69,90.12729846749951,4983.196819310861,5,0
7102,35,8,84.62821454094252,3170.889115449948,6,1
7103,30,14,37.8373663477029,5740.659709011134,0,0
7104,60,3,116.86907774306445,4990.386213513273,9,1
7105,31,24,55.402559334774,4971.252123125014,1,0
7106,45,13,52.928697384004224,6813.718280522948,2,1
7107,35,43,56.9161544230198,7292.701456100927,8,0
7108,45,29,29.171961532076935,1523.9091489313298,3,1
7109,68,51,82.49635170932159,2580.9967713163182,5,0
7110,44,42,43.86242437463968,5237.415037643576,1,0
7111,49,31,100.33127563841809,4502.047746306018,1,0
7112,64,63,59.415618013394585,5253.376739045729,1,0
7113,26,26,65.8558482290652,3520.8153346847894,4,1
7114,57,18,84.64220541155589,3358.268208356791,8,1
7115,49,57,96.18711339537391,1029.4658515519009,5,1
7116,37,7,43.11153048481117,5026.821096825794,8,1
7117,45,48,116.62943297181461,1488.7066552631904,5,0
7118,50,60,82.23215459666812,5401.070605539979,8,1
7119,21,33,20.563862350038757,7739.870721516851,4,1
7120,63,3,61.562220992355115,2125.661337062734,0,0
7121,51,4,63.681782063075424,1223.0032122618777,5,1
7122,65,4,100.9164975974397,290.9844377193756,3,1
7123,20,42,50.51397741205039,3092.7347721281785,8,1
7124,43,9,53.122651629496346,1795.4273649694567,5,0
7125,25,51,27.049409285256793,3985.6894428370947,0,1
7126,23,17,48.35460245258148,4242.017621142729,5,0
7127,33,17,91.696170148585,2859.6891805791033,2,1
7128,41,20,83.47569195598196,6024.259155997327,2,1
7129,65,14,28.139408800789404,7247.972698626505,6,0
7130,56,22,31.469389211478298,1771.032472566865,1,1
7131,47,52,57.6925963925108,6706.7524099083985,8,0
7132,62,27,94.37577621410098,1136.3844080674874,8,1
7133,30,43,103.29182781286299,1906.747257893629,6,1
7134,22,3,21.46240430100174,4535.183921246904,8,0
7135,42,8,52.90105773074007,2521.993761169322,5,1
7136,37,10,62.4261863628575,429.51524565188316,8,0
7137,35,29,111.11328107904566,2429.4899195073053,9,1
7138,64,40,70.14065577094429,7248.474489915531,1,0
7139,35,65,46.97007652456838,1476.3629791823864,4,0
7140,19,21,59.00470651638448,6133.63195075793,5,0
7141,27,24,63.64344414947472,5806.027847435403,5,1
7142,62,60,86.99958735292785,939.1760469075123,3,1
7143,67,26,24.10877829674252,2702.5994202125466,3,0
7144,64,9,58.94516630243503,1595.9146841958086,4,1
7145,29,20,84.65546369144514,282.88643142684225,5,0
7146,64,56,48.33223153643974,1467.0213343635805,7,0
7147,30,36,79.17510066641542,1692.4657389064591,9,1
7148,67,36,55.72789301040441,1411.2439537049843,0,0
7149,64,22,95.87208675067755,819.6679545548309,7,1
7150,28,1,26.059769646249347,4257.810544548275,1,0
7151,36,69,111.79619807013563,2648.848429452171,6,0
7152,52,37,37.16125479489756,7275.1699551241445,3,0
7153,56,13,35.85470867493491,1578.9863973535537,7,1
7154,43,43,104.06429447732125,4862.614777761924,5,1
7155,63,37,106.92829230238887,7214.901035698575,4,1
7156,31,25,29.29733134458003,472.798243420475,9,0
7157,62,21,110.87189280149103,4178.592020417888,9,1
7158,61,41,47.329786672897626,3660.2836189963778,4,0
7159,41,42,81.86216854080556,7437.351003811531,3,0
7160,58,42,26.859349040789574,5343.741705707458,2,1
7161,18,2,58.0661101128201,2858.375138621146,2,0
7162,68,68,65.07246091045378,5721.017626214375,2,0
7163,60,8,79.98265693563106,4702.966763639421,6,0
7164,39,61,72.52719714144656,2842.6421944749563,7,0
7165,40,14,66.14929614915926,6303.464554899566,7,0
7166,36,21,115.96402117655879,5378.541102470278,1,1
7167,35,24,38.50227769877591,142.78875690551067,2,0
7168,29,50,35.79942306466682,6934.563387486803,1,0
7169,45,45,91.34190609006717,3237.0258695469297,5,1
7170,45,64,27.45518848702321,5199.036044639836,2,0
7171,50,64,68.28914559942767,3234.4697356781553,5,0
7172,36,26,68.40531191522072,7062.760149447811,3,1
7173,45,32,51.002533095909136,5241.600024893228,9,0
7174,69,57,113.04437416801977,4677.151051892289,9,0
7175,66,53,48.25434350960114,7844.091525810128,5,1
7176,54,33,48.844195223824656,2317.060108479143,2,0
7177,43,52,43.42999642237211,615.5088958318332,4,1
7178,52,18,34.578803522056305,4176.482419958541,7,1
7179,51,35,56.40110553484528,3449.740887145922,2,1
7180,52,12,88.08872600004301,3688.891387708656,8,1
7181,57,51,94.21628627707558,4998.828222457301,8,1
7182,33,10,101.3418916430681,4959.46092917033,6,1
7183,55,52,39.75438885315586,3198.887917319095,7,1
7184,30,34,23.563268823972976,6916.728489304182,8,1
7185,40,67,117.46858584883918,5246.522224948608,0,0
7186,39,39,21.433251928642854,7130.302264958476,6,1
7187,33,8,116.06788379580586,7313.915850309321,9,1
7188,45,29,102.88144187117999,1421.7653993007489,2,1
7189,65,22,111.20747610251365,5476.438803739376,5,1
7190,52,70,58.7185712611146,2608.3437243173776,8,0
7191,62,61,39.72019988510333,6707.789530932985,9,1
7192,63,43,80.6463685175565,5889.527479278491,7,1
7193,25,49,94.12511707164869,1670.106731454239,1,1
7194,61,29,33.086106632466056,7515.973055375442,3,0
7195,39,31,99.7621514684534,5499.484155240146,4,1
7196,38,53,40.859332001255794,7594.201515576893,9,1
7197,43,34,69.167729290846,1695.098260327927,5,0
7198,57,38,105.64824498781529,6970.670245749208,6,0
7199,38,57,39.34245110426925,5377.775281283519,3,0
7200,42,4,44.18846479827875,4463.064090882905,3,0
7201,58,2,26.277115649919153,6582.051908902206,4,1
7202,18,12,34.661411178313045,5099.624706081107,8,1
7203,23,35,34.65258197813687,5389.841268361627,8,0
7204,40,70,40.34275021541375,2103.9976156231182,0,0
7205,68,21,48.62003970649839,6554.724140187202,4,0
7206,40,61,101.49833644785409,5237.391348385785,4,0
7207,60,35,111.57638641811174,6770.674511736331,6,1
7208,60,48,60.628060922895024,2877.063027792731,7,0
7209,40,15,32.82089519883108,2720.5099670052114,2,1
7210,49,71,42.38099250955307,288.83342032786715,0,0
7211,47,15,93.62059768552255,6171.9820816766705,1,1
7212,30,6,87.74255192128898,2709.483658024838,5,1
7213,60,68,116.72073016056905,2684.977246676033,5,1
7214,35,22,21.448868059508325,5540.60767225068,4,1
7215,40,32,95.07587602823568,2097.664916505075,4,1
7216,32,22,70.57936004529816,7281.261844133175,8,1
7217,50,27,110.26929779224592,4350.721330916212,6,1
7218,38,15,77.6166674126867,7758.870164758368,5,1
7219,56,44,64.66677244614155,705.6838722566883,6,1
7220,40,9,86.58506094929947,2760.920404401053,2,1
7221,44,34,103.35234421809976,3113.6157129737276,6,1
7222,62,15,48.2498550172852,5870.32368863658,2,0
7223,61,62,30.752704378425793,1782.4018376518486,7,0
7224,35,45,63.30181183193205,3065.2322417223118,9,0
7225,41,58,41.451987281172855,7294.076097264974,9,1
7226,68,19,62.95411753952091,1004.951981143329,8,1
7227,64,16,119.104817279895,5988.059605203462,2,0
7228,57,8,77.41220937740219,5649.632381857008,6,1
7229,68,33,89.36002228467437,1130.9901050934614,7,1
7230,59,18,87.79284224614184,5539.076430211747,2,1
7231,24,35,102.07008362860635,4601.2919355403865,5,1
7232,67,43,114.41285990153796,2371.4264634382703,6,0
7233,65,50,85.88180982080534,2558.015440915168,3,0
7234,37,3,67.60946447532082,6680.638975152522,5,0
7235,44,59,51.783094641791145,1925.0183915031519,6,0
7236,23,28,56.02743001238671,4150.966182478627,6,0
7237,44,46,53.448060812405664,5481.082924695255,0,0
7238,26,64,52.44654912738899,1126.223385261148,1,1
7239,62,70,89.46250043820943,7465.595582608884,0,1
7240,48,47,78.77090299518642,2159.011088724246,8,1
7241,38,14,40.19950449177262,2618.795891725423,6,0
7242,43,7,116.96260191661959,5362.314331063133,6,1
7243,57,31,62.77255153543192,717.7140123754544,2,1
7244,65,51,76.60864010680784,5058.140250357072,4,0
7245,62,29,90.26009667897627,7336.636685467429,1,0
7246,30,15,81.36773766768955,2067.8153868812556,4,1
7247,66,25,51.105176909560086,2959.0710415983613,7,1
7248,40,61,99.77065734873767,1935.4382644179361,9,1
7249,37,41,31.015363957962688,6568.273116412179,2,1
7250,54,69,76.89958347036715,1424.101805685284,3,0
7251,45,4,47.33172230141007,2838.36305994327,7,1
7252,34,57,81.57623676730182,4848.072389258579,1,1
7253,45,31,41.79934810843698,3295.980018061394,0,1
7254,58,3,97.21996552093383,617.2075846059166,2,1
7255,19,67,42.75363312658326,7586.993274159232,1,0
7256,42,50,109.03921349668326,2769.4134898926745,9,0
7257,67,17,106.15549046702311,3620.6445808417448,1,0
7258,58,60,56.23934520138113,1423.6081481065896,3,1
7259,23,66,58.582028887402586,6936.266888462794,5,0
7260,28,24,90.15034576874905,2402.287424130431,9,1
7261,55,32,29.037353797248393,256.602042855752,9,0
7262,23,19,28.091941217567932,2599.580402444545,4,1
7263,62,66,33.63241968339432,7874.071507809879,3,0
7264,28,60,76.24753354498523,1260.058695238462,7,1
7265,31,66,34.900230483109326,346.4996551093667,4,1
7266,19,15,47.76172817729814,4667.5871628089635,1,0
7267,57,35,84.6911407540208,3036.1657170933136,3,0
7268,20,69,21.562377783671554,6380.304863762567,6,0
7269,52,27,38.023660795346984,5881.91333448393,3,0
7270,50,7,112.99306628757037,1564.81032198863,5,1
7271,41,6,86.3577623408713,4560.595210725288,1,1
7272,36,33,50.555111422321346,356.24445890307055,8,0
7273,35,58,24.530342406116862,3571.878002262368,3,1
7274,66,49,78.6048808412427,5741.020453550024,0,1
7275,69,17,42.28663098924406,3378.1744574933837,2,0
7276,41,42,116.01754387183333,1031.837767779271,6,0
7277,62,40,88.69609549868446,586.1153372158972,9,1
7278,52,46,117.41238863461061,6843.909653271296,8,0
7279,18,71,104.88988974115668,7141.482983597995,5,0
7280,53,70,68.30274151905407,2810.4306016206183,3,0
7281,42,68,86.95631476541436,1396.9613645829481,1,0
7282,62,1,101.21071955393,7831.068083681346,8,1
7283,66,52,77.81784816626232,4412.324048449564,7,0
7284,60,35,26.14875009682192,3865.574845355014,6,1
7285,51,69,67.04463138736311,5958.701204406904,1,0
7286,42,5,33.05733307866399,1434.0677814287567,1,0
7287,33,17,91.48467752101705,4681.918814890896,7,0
7288,51,53,88.0628915637602,7132.282615619953,8,1
7289,46,52,119.29081920521135,282.24103890908293,8,1
7290,36,14,82.88098017941077,5416.223684131579,7,0
7291,40,29,100.01379423839417,4456.2492504361035,0,1
7292,36,8,46.82878508888326,7611.326197348163,4,0
7293,42,1,54.00241352959797,2143.7182283854895,6,0
7294,33,29,111.70242523778373,6885.243971218346,9,1
7295,68,36,95.5192259625745,2540.9870448779507,5,0
7296,26,51,85.52691747976377,3495.922250896972,0,0
7297,18,37,45.402769258304026,1784.971761639511,9,1
7298,59,69,89.85779287251651,6922.369024705524,5,0
7299,36,53,108.67636450419512,1643.736319163518,3,0
7300,50,52,43.07976548946564,6886.2026467899095,2,1
7301,51,12,90.61239479158232,3699.345722307326,3,1
7302,33,52,59.36939533975087,6697.175401152884,7,0
7303,61,1,31.876741294062,2189.4596169679335,5,1
7304,57,7,96.3460676533682,1148.5681168325316,8,1
7305,35,17,36.71367891843364,4484.193993183225,4,1
7306,51,43,45.28962734903713,4124.552829740161,8,1
7307,42,71,98.29420408786922,2917.1982862279074,3,1
7308,62,17,94.21327856246376,5336.2892064534735,3,1
7309,23,59,45.4183066044395,851.6283471843414,5,0
7310,38,3,114.09646143463672,5013.808491829523,9,1
7311,23,29,41.52852250771915,1772.8731386518718,6,1
7312,49,22,119.36222149640324,1118.7409925682473,1,1
7313,58,38,93.78998719514395,7285.9046229903115,3,1
7314,65,54,59.25076905514027,3732.3865131152934,7,1
7315,60,50,33.0349206662484,6130.993285545393,8,0
7316,56,69,52.05099551596137,804.0237347432854,4,0
7317,48,30,39.373851146504876,553.9725362480585,5,1
7318,59,23,82.18395864940193,4009.3324820764124,9,1
7319,27,47,55.68551531379567,2592.8540972065334,6,0
7320,47,21,49.5007261243857,138.76761082491277,6,1
7321,69,20,95.71331917183721,1548.0276947010489,2,1
7322,35,23,43.05994348501831,1828.3265723746176,1,0
7323,41,68,78.68893174255047,2379.2002007956416,9,1
7324,69,21,39.45960928235456,7032.531058642474,7,1
7325,26,21,91.47986077330955,3422.7599959425525,8,1
7326,48,1,82.51214837525967,5467.5158847689845,7,1
7327,32,15,99.8153515177031,245.32913202611047,7,1
7328,21,17,26.849707476267895,6530.0128552746555,1,0
7329,57,51,41.01054495050215,1998.5986591516964,3,1
7330,26,63,35.44603605534657,2541.4106983924335,5,1
7331,62,14,39.05612402857366,457.5258126976045,7,1
7332,26,59,30.301407913805072,3336.573957191562,1,1
7333,43,50,76.20819014360728,6835.356504646356,7,0
7334,21,34,79.34314070505545,3092.0006391502843,0,1
7335,34,6,104.34897555940103,7277.9816389755,5,1
7336,33,49,61.773817644376265,6952.836065222187,7,0
7337,32,6,73.23847130744477,589.4914496551752,7,1
7338,52,69,119.13040594111109,2511.6483558763202,6,0
7339,69,7,73.18450833591791,7292.296729387939,6,1
7340,22,51,77.35760877520161,335.4906455498915,9,1
7341,22,1,119.5917414877384,6149.8854484092,8,1
7342,37,13,119.41293814497726,7260.78103529501,1,1
7343,32,43,62.4030445597287,6186.882046853032,0,0
7344,35,27,83.49468296029644,5976.133104346671,1,0
7345,64,71,68.08025078372532,6762.510627375484,2,0
7346,19,3,92.07154516572002,5359.737532152889,8,1
7347,46,58,113.83865211333915,3442.4598913854757,9,1
7348,30,17,50.96593083732733,595.7688555469358,6,1
7349,21,45,101.88751704389414,6324.942815614123,4,0
7350,59,58,85.484893277598,7251.503748423043,4,0
7351,62,56,48.01848012742173,4141.533046270281,5,1
7352,27,54,99.72996581819936,4306.832748200742,1,0
7353,48,29,62.71330191975715,3285.9671747539346,0,0
7354,58,54,32.03971754812949,6869.372625587486,0,1
7355,25,27,119.34163572758094,216.94610131228274,2,1
7356,20,45,62.56463329723189,5033.933541959963,0,0
7357,65,31,74.15525473761613,7268.5634722940285,8,1
7358,63,36,100.79617307637606,915.4563717049125,9,0
7359,26,61,116.08761351199334,7677.399845444104,4,0
7360,47,37,107.28878499603157,7744.657495877401,8,0
7361,28,67,72.50532078015667,7445.332824733617,4,1
7362,52,36,74.56960755331153,3754.114158178188,0,1
7363,54,5,48.08869366096629,3125.463023955149,6,1
7364,59,46,66.28028781590837,5676.9871185240945,6,0
7365,30,52,114.68388821751473,2617.6527217583243,3,0
7366,53,49,92.69409439386563,639.9188094535774,2,0
7367,30,6,21.187699074153294,7221.235090560046,0,0
7368,29,10,31.6506781822741,5115.362873460861,6,1
7369,54,23,112.38112699578551,1736.520536501016,4,1
7370,27,17,104.87193289276142,245.42763465144668,9,1
7371,26,44,68.61644657483969,5815.776138757333,0,0
7372,69,41,81.69782808672586,6837.119389838725,0,0
7373,24,15,48.96460103807249,3304.6158476217843,2,0
7374,19,44,99.2830752100424,739.0958657398461,2,0
7375,40,58,80.33174468894399,5224.1077778327635,1,0
7376,56,50,89.48257054559151,2445.739512655699,7,1
7377,57,52,57.49098380089979,1237.179127107188,7,0
7378,56,70,63.043800651148054,4132.132786129252,5,0
7379,38,68,40.76820829644568,3906.5654266488373,4,1
7380,40,63,114.80525429208718,4182.486231711144,5,0
7381,46,58,114.65570203865744,6609.065356117673,0,0
7382,31,23,101.77512472399042,3927.912471573716,1,1
7383,43,44,113.55551191991839,7214.270579992319,6,1
7384,68,44,86.53280525803787,6750.303895015109,0,0
7385,22,52,43.46518693030748,5243.8159993372965,7,1
7386,48,67,96.02105221924911,549.1296750819172,2,1
7387,42,28,52.52762092417024,6933.0606767563995,3,1
7388,48,67,64.04816892984141,7254.019032629254,6,1
7389,67,18,47.43501638553697,3062.872362631313,9,1
7390,37,27,62.36219177212697,4256.598901287206,6,0
7391,61,51,87.9317365656695,2320.0632980443647,1,0
7392,34,60,31.061056130502976,216.25903865839615,4,1
7393,62,49,30.520692899301643,3887.6633844211337,7,1
7394,19,15,88.3770012088142,1121.9358896832869,8,1
7395,42,68,97.95811667746075,1548.2652107900024,4,0
7396,30,15,75.14666847123651,3897.6154118158665,1,0
7397,56,51,38.164101406746546,6949.602893742175,3,1
7398,45,48,63.07568483609884,6772.598106858832,4,0
7399,59,1,95.81755223840145,7724.040529297268,5,1
7400,23,7,88.57331015524998,3913.1768863351595,5,1
7401,20,53,30.986547781937006,4460.870386744252,0,1
7402,52,31,116.9147180958245,6594.718251049069,5,0
7403,35,18,42.336388088633655,5627.419942157412,9,1
7404,28,12,42.03895045804547,1544.29464452848,0,1
7405,37,48,65.98572477454559,3245.5805415106543,4,0
7406,22,30,52.72431290000485,7440.358407404269,6,0
7407,36,7,118.3985988644394,1254.4044320129838,7,1
7408,39,3,27.6489773254132,1753.915354808563,4,1
7409,36,63,50.64391909232776,3265.214331176358,1,0
7410,64,6,58.2722160427296,7525.005648852218,2,1
7411,33,15,69.34589937219404,999.1633187770391,6,1
7412,41,71,21.640642872694876,5416.244696875185,9,1
7413,58,43,28.236213180828056,1143.767938905319,3,1
7414,21,18,45.78096427298115,4243.558181111916,0,0
7415,32,22,75.40020816855962,4338.851754597048,2,0
7416,42,61,96.77715701934723,436.7462416201367,9,0
7417,61,61,88.64953488149493,7637.530547095425,1,0
7418,52,53,76.70249127226106,6472.318778863228,8,1
7419,31,26,59.723283972765934,2492.548192057422,0,0
7420,66,40,107.06945022561537,1131.9319052969092,8,1
7421,36,8,65.97725432582604,2830.4510328899846,9,1
7422,55,21,49.925280560893,7164.784715329445,4,1
7423,53,43,82.93351148520573,1148.20041506207,5,0
7424,24,21,89.2114996586309,2859.6050767657302,5,1
7425,47,3,59.84702448588554,4005.0049548521492,5,0
7426,36,31,22.814328104591457,359.7861026145854,8,1
7427,66,27,29.413150023671058,2217.4663299452827,8,1
7428,42,27,104.55988918936617,4805.507759184971,9,1
7429,33,57,25.654792118530793,2659.3201916052326,6,0
7430,64,33,79.20196670421322,6977.150978790748,2,0
7431,57,44,38.370938544939186,7500.446807881802,6,1
7432,68,43,42.89262912441771,3588.1886370528177,4,0
7433,25,31,47.33339597361811,4302.961755788156,8,0
7434,35,65,23.829138619702043,5083.385319656978,7,1
7435,45,17,37.72352741402924,5349.826232148839,9,0
7436,33,15,85.04999845139405,599.7377607638283,5,0
7437,69,34,69.8717136208005,524.0674991026601,4,1
7438,36,4,99.73290857389358,6938.142626557256,9,1
7439,59,28,26.124210655149355,1836.9891696622415,1,1
7440,34,2,108.8898296251631,4714.433473256086,2,0
7441,62,17,119.63985318994727,5034.907334657508,2,1
7442,30,58,21.573997224878298,1399.2677914619017,3,0
7443,24,9,116.76400655399333,6116.613351480233,2,1
7444,44,31,43.586271297102,6940.970384551601,6,0
7445,27,66,89.2543138206037,2354.4836824098134,5,0
7446,51,62,49.24834431049263,7034.937429295153,7,1
7447,53,19,72.18128787475204,740.1936332400601,1,0
7448,42,55,71.04185098361657,6423.665017037171,1,0
7449,23,28,56.11054794490721,5156.878171455178,0,0
7450,41,50,91.75467682883337,4706.575236144007,4,1
7451,35,65,79.96364818633143,1918.0486841170905,6,0
7452,40,3,70.82770039431756,2958.5502419618806,8,1
7453,23,52,118.28393119182566,7291.404635734652,4,1
7454,46,10,114.00093261873263,3779.3545827634307,0,1
7455,42,21,115.54358457936615,4795.602666466083,2,0
7456,34,37,108.1323959803288,7493.227109088572,7,0
7457,63,15,45.51553387543798,3785.2586785536128,2,0
7458,41,9,54.9976030978181,3167.3269833079294,6,0
7459,28,44,43.10546195455079,7156.296677280155,9,0
7460,43,39,118.61768872228464,7296.014840594327,2,0
7461,68,5,35.26618697634912,2901.6422484857094,1,0
7462,51,25,56.65117555589056,4776.718492146634,9,0
7463,45,56,39.904442471935646,7713.44940538258,5,0
7464,20,64,42.34538121842532,538.2184916012307,1,0
7465,28,52,44.708788480321154,414.43911421261225,9,0
7466,55,9,83.9670675559954,4180.986020064948,4,1
7467,31,10,27.60493701915278,2400.797134650049,4,1
7468,68,10,77.2529873623784,4696.614090979787,4,1
7469,43,62,101.9286236284103,5821.933288175398,5,0
7470,65,60,96.65237766044308,645.6872664156816,2,1
7471,38,19,35.11716982823255,7070.703058837339,9,1
7472,56,38,111.47317347788052,2287.407309771952,4,1
7473,47,6,97.0090381404774,3112.6451092235343,7,1
7474,25,15,20.530251093284605,2762.590340515997,3,1
7475,68,47,93.73736335395861,6734.69537890467,4,1
7476,37,45,93.74216786219986,1448.1523812805965,0,1
7477,65,5,69.68160805399847,326.5184246620134,0,1
7478,49,53,24.59824160063722,7777.232732581911,7,0
7479,39,66,77.99059382823495,7846.996554246723,1,1
7480,24,62,96.57467600343092,2135.773356053468,9,1
7481,26,23,47.087405532100064,173.88581732361706,9,1
7482,62,44,86.70682182517874,5202.745107327336,6,1
7483,18,52,55.392619504438194,5222.859933841679,6,0
7484,46,46,77.38548329022312,7528.81804427919,8,1
7485,25,19,58.45657494316247,2457.917034866226,0,0
7486,21,47,50.37614660177791,1597.0830053822508,1,0
7487,52,52,105.59144754320444,4969.420542746157,0,0
7488,20,24,95.38382591853767,4553.001417911592,0,0
7489,62,17,54.5449133973149,5770.120670282268,3,1
7490,57,46,63.46316416152089,7092.50648599452,7,1
7491,24,64,89.1703417875346,4521.986981091917,9,1
7492,44,28,101.10787805905092,1285.594552370955,7,0
7493,18,50,88.43412628247124,4825.218652556979,8,0
7494,44,64,74.09315806826383,3055.402382706938,1,0
7495,33,28,115.43858319312717,3676.606726011918,6,1
7496,55,56,97.41436197415636,7679.926688024411,3,0
7497,24,59,31.559186039128868,4484.081728516047,2,0
7498,61,5,75.81390987920192,1282.2125551436452,3,0
7499,40,54,60.95566413956515,3600.952996283677,3,0
7500,58,44,99.49356367907937,1904.600970667687,2,1
7501,28,42,24.4663033857432,1170.3117052301473,8,1
7502,59,57,61.07235699624281,5726.649487446761,7,1
7503,50,47,51.82763153434859,5065.6956461973095,9,1
7504,67,25,34.11859845797183,4032.532045490317,1,0
7505,53,44,57.8804115319572,3443.5825367476855,2,0
7506,54,15,87.2800278184479,2645.5200734849373,9,1
7507,58,51,56.16778850325263,795.2688265261679,6,1
7508,34,53,78.00065753523653,2464.2302154885283,4,1
7509,52,34,79.28117959393091,6723.317521398108,0,0
7510,65,8,78.71111270580333,6291.035617239764,0,0
7511,22,70,72.95318839442055,7781.310019135807,7,1
7512,65,21,31.698823568238794,5282.9301858352055,5,0
7513,49,7,41.84559274353259,4473.754084790304,3,1
7514,20,56,100.00670762509891,2438.7514176186733,2,0
7515,69,49,70.23654889227102,707.1959158571253,8,0
7516,64,42,90.6076315836315,4982.344874040834,8,0
7517,52,23,76.99090802127617,3956.4813142385988,3,0
7518,69,52,23.869025450023834,6096.688655841124,7,0
7519,31,53,99.62137690179006,3353.677634483525,3,1
7520,65,16,26.43241945290495,7885.855727128523,7,0
7521,48,37,114.31740511585731,3241.1352334211274,6,0
7522,48,18,41.53769217050758,2731.265915801488,5,1
7523,34,20,71.24061434601495,6980.792376329586,6,1
7524,41,46,26.358804246578654,3224.5007418495875,5,0
7525,69,2,109.49323786658212,6980.088821053374,5,1
7526,40,63,117.99402545648044,316.0988564284168,6,1
7527,35,3,34.62925027211899,5571.487157418143,3,1
7528,67,46,49.57865424935198,667.6377006428687,4,1
7529,31,49,21.58744217938478,1271.0364583711198,8,0
7530,67,1,98.69654919674565,5630.59265696977,1,1
7531,32,22,51.14643326814126,2388.8143955868454,8,1
7532,32,14,78.88374693418312,1762.4238701072559,4,0
7533,23,45,23.92185012800146,6432.05648727182,9,0
7534,44,6,91.54602666747475,7575.350226972207,0,0
7535,32,65,72.94039633567269,1935.8071234525803,6,1
7536,67,21,92.49802459988352,2605.848054261914,4,1
7537,53,4,98.95643131509638,5741.179117450641,2,0
7538,25,3,28.92428661788337,6540.813677391422,2,1
7539,32,30,77.80921207932252,7993.382172585611,0,0
7540,20,31,84.99440338816218,2259.6287137034337,6,0
7541,64,34,71.6718753944995,4497.286851152811,1,0
7542,30,20,38.240939826512225,1158.749637492162,7,0
7543,58,54,99.5597284057737,2713.6368302781293,3,1
7544,51,25,119.74583288395984,455.2517126743625,3,1
7545,41,15,116.92702524285228,1765.624488407169,4,1
7546,57,38,97.75295649772313,4101.70531659828,8,0
7547,49,23,61.81077227864215,1393.6970704916396,6,1
7548,49,52,53.73004978400221,7126.128150363613,2,0
7549,47,66,26.85457991008318,5711.441190294219,3,1
7550,69,57,61.62863037516904,319.11442006150565,8,0
7551,66,57,35.6048597731799,7025.942290229189,0,0
7552,30,52,45.433471350602844,7820.835854144204,7,1
7553,18,35,109.18867731773511,4064.7064011593284,7,0
7554,51,14,116.8525631511219,2585.424352641664,6,1
7555,32,14,114.85590004657604,2181.3691502603897,5,1
7556,61,33,39.33556858433909,790.6140043265344,6,0
7557,31,52,110.08942082353228,3983.7140867453445,9,1
7558,46,1,34.150530090026514,496.1061746116148,3,0
7559,51,34,70.76602078761499,4080.313811487395,3,0
7560,35,19,84.36633672643734,2095.132681728235,4,0
7561,24,24,66.24668731004188,3863.8124490676496,3,1
7562,46,4,115.18374354168085,3405.2345981211847,3,0
7563,48,36,53.32127230916051,2510.4025908339795,8,1
7564,42,58,72.73776630980636,3644.242092181716,5,0
7565,55,32,27.54499354796636,3844.8677250406536,2,1
7566,31,9,105.2224580078157,6686.164916444385,2,1
7567,25,67,61.33633959439447,5359.6884131149345,9,1
7568,44,20,90.05321155919974,3521.9371216826803,7,0
7569,19,62,88.22456310494182,7251.4113068483175,2,0
7570,34,58,87.62628928342468,6070.352134376135,3,0
7571,54,22,70.6938278757441,698.1634871554892,5,1
7572,31,67,47.75187905478407,1314.5920512005334,8,0
7573,42,48,82.50945585613864,745.1762805259253,5,1
7574,47,8,116.17915038112181,2619.020542253933,2,0
7575,46,15,103.39492559463139,3541.60830434507,5,0
7576,37,32,30.876823155377657,4083.5427898030075,3,0
7577,38,53,22.318740158655007,6826.156369704554,4,0
7578,39,67,69.89713568704347,241.85465768660788,4,1
7579,52,4,97.58293517147361,3483.4784053864755,2,1
7580,54,30,51.390255316720726,3346.8871520890903,4,1
7581,33,13,90.12382779042275,7585.059899608487,4,1
7582,67,21,113.19212642388091,2004.1916492311238,6,0
7583,66,41,65.89845069346688,1067.0059140532048,8,1
7584,60,19,44.415965623062185,1223.8556762534104,4,1
7585,34,48,111.77578620802471,4209.127519029848,8,1
7586,33,63,67.22639640037148,3188.1400476931844,4,1
7587,19,20,60.783930667511,6057.722024075517,3,0
7588,21,64,55.3361571540924,2653.1407400129883,5,0
7589,38,37,62.30169524388131,1110.897840818603,7,1
7590,56,31,87.36578541823583,3156.3187387961684,3,0
7591,51,18,63.3719627220154,7075.981376848185,4,1
7592,47,20,52.422388855922016,3303.6597720263953,9,1
7593,23,11,94.36376655597195,6685.659007553669,0,0
7594,34,44,40.29714270243962,3035.08767824329,9,1
7595,56,64,40.19337246408881,2322.946428939992,0,0
7596,42,34,89.64355365489567,6221.415566252231,7,1
7597,22,65,106.67065301894732,1752.9527686038753,6,1
7598,22,55,44.12108394971294,1931.462578741511,4,0
7599,37,1,39.112497497642956,493.5214208001343,8,0
7600,33,38,87.03058812907523,1583.9811191277563,0,0
7601,68,9,82.08025217731527,3092.6416095174095,2,0
7602,58,71,64.72523465196122,3256.6243198477396,5,0
7603,54,17,29.586063984832794,3422.961886759429,0,1
7604,57,52,29.17854309818734,3889.574275259458,5,1
7605,26,18,97.73417890443545,4618.093864497292,1,0
7606,22,63,65.17691173956855,1596.4892943041118,9,0
7607,59,33,105.7967091241559,4950.15904630092,4,1
7608,19,4,77.47336515388623,2758.78124100738,9,1
7609,26,52,81.87381412176327,5898.684807599115,1,0
7610,60,9,113.41944419085537,4501.915156471908,0,1
7611,53,64,36.4615894039438,4478.722152021038,3,0
7612,39,30,74.30242292969959,5515.347209883698,1,0
7613,39,8,25.813859996603476,2730.850028533182,8,1
7614,39,5,55.89250478821191,3490.940230435656,2,0
7615,51,63,34.80984998012052,4704.8931606197675,8,1
7616,46,1,38.78359622845706,3430.2894020742324,3,1
7617,55,15,113.47947200605282,3609.634048026651,9,1
7618,63,38,81.06825282048808,2252.647875033441,6,1
7619,50,42,109.21581331898143,2370.3417074269487,6,1
7620,35,46,64.35201843907495,5621.7635153378105,5,0
7621,24,53,79.76433466633834,133.82102201176534,7,1
7622,18,26,23.209451219292635,852.7943354458741,5,1
7623,50,61,66.95022322743341,7595.5981270855955,8,1
7624,18,67,76.40566733437882,1577.442846717754,4,1
7625,41,54,21.677771426554497,3403.155045811505,2,0
7626,21,22,98.94891768236403,6812.512575371716,4,0
7627,21,26,49.542298427660555,100.80874295419038,3,0
7628,35,60,65.24870749607702,7408.915596819713,2,1
7629,44,39,73.56302853048246,522.5601287813124,0,0
7630,60,36,119.21971531284333,1449.8654912396846,7,0
7631,49,21,29.918414687418288,329.91799232603415,3,1
7632,50,41,75.5279562224498,4204.208365253327,2,0
7633,45,48,73.05941458002692,7550.445049675468,3,0
7634,59,26,26.890969560318215,6728.389231592889,0,1
7635,58,63,83.39383601951246,5154.013515490962,5,1
7636,53,36,48.685443389381064,1565.3602368314164,2,0
7637,23,24,30.37679661646207,6969.817078363175,7,1
7638,33,21,37.86419309184527,6062.72558998008,9,1
7639,51,18,102.36032332153927,2208.0973320251173,4,0
7640,40,15,30.412476243739388,6460.204390827268,8,1
7641,67,6,66.69273882403246,7029.495570451606,8,1
7642,59,43,39.52731211792212,5615.985498194404,1,0
7643,41,31,36.231986208501205,893.034792667173,4,0
7644,66,28,40.57117594170725,7875.550062305421,6,0
7645,30,8,69.27829345196203,700.4078128312916,6,1
7646,35,29,43.778842111157125,5270.344506386847,9,0
7647,30,21,29.673295035256036,973.1495161257905,2,0
7648,66,58,100.14008692471685,7252.7655331044925,6,0
7649,54,60,73.98214031716857,2864.8236990367923,6,1
7650,60,50,35.685365236857216,4140.873876863666,3,0
7651,56,31,67.14298486321701,1512.2165164756834,6,0
7652,59,47,26.836249987290987,4417.841299286788,7,0
7653,34,34,78.04298636187585,7516.835251388015,2,1
7654,32,2,54.03048195979815,7222.901258001939,1,0
7655,35,67,30.352852963016414,604.7777695976636,8,1
7656,40,52,38.364384986839745,3088.242201147265,6,0
7657,68,7,54.570270485072655,2212.707768033114,0,0
7658,47,19,100.64074542922428,3902.755669193402,9,0
7659,51,15,37.37556962298233,6686.460382447051,9,1
7660,21,48,30.96642214927983,5936.929106630502,8,1
7661,20,14,71.59390064656843,2817.4277180943945,4,0
7662,24,3,75.86969639802648,3123.060053541356,1,0
7663,35,50,29.024131766741718,5268.614436865098,6,1
7664,59,54,48.4484479207302,1634.3788337779179,8,0
7665,24,6,46.27640379142541,911.5513591414816,2,0
7666,57,49,38.622160946111535,2016.448867266286,3,0
7667,23,23,51.56381272006538,1079.8562076841954,8,1
7668,39,20,23.710851153829665,2880.675521653878,1,0
7669,18,60,85.15497829534785,7506.769694069468,3,1
7670,21,45,118.8487145033841,1050.3658605988255,4,0
7671,63,61,83.40467674692488,6564.744934511627,3,0
7672,66,56,56.10764505437862,4323.719448361406,6,0
7673,69,2,86.79103011456769,5099.934304356298,5,0
7674,67,45,77.15159210235763,1443.6507073428475,8,0
7675,60,40,104.67579305873446,1295.8491606279663,3,1
7676,46,24,82.18745609820004,1385.6750468133034,8,1
7677,38,29,83.40763546212487,5369.796723494808,0,0
7678,43,67,42.16641882729934,6007.527307259659,5,1
7679,31,68,61.56272385375932,7369.9350615462,6,0
7680,26,66,54.441606025567715,3245.7195860703705,8,1
7681,64,54,21.1425187403751,3749.5581343911067,0,0
7682,29,53,51.32807293890614,3809.800626366918,0,0
7683,59,49,68.60621243229502,2232.1934320138803,1,0
7684,68,32,79.9848633210081,2693.0379716875736,5,1
7685,68,61,113.45689467104553,6789.879865006374,2,0
7686,23,42,43.91137593598164,2815.405258228781,5,0
7687,37,1,35.24289911085583,6965.859205195533,1,0
7688,41,63,106.94456889989581,2511.6149207161193,9,1
7689,44,35,114.18474940884477,2785.076984086937,5,1
7690,55,51,68.79542485810843,4526.218887053399,6,0
7691,25,71,31.521656125005197,914.7020924314842,5,1
7692,18,45,68.53882992769712,7384.291910613051,1,1
7693,66,65,30.944332710326876,6581.158725244302,4,0
7694,66,14,108.31855787006627,5396.980237309861,9,1
7695,41,3,90.815010461625,7906.187608215202,5,1
7696,64,24,44.11370177100039,226.3949546405262,7,0
7697,24,65,108.66906933167867,3347.3764998153506,8,1
7698,36,48,83.79017290493194,6880.910160820226,4,0
7699,39,10,115.32633367208685,3520.836510214532,6,1
7700,52,13,118.0479849010547,141.40656079323801,3,0
7701,47,14,20.32817892357181,1346.2575132080365,9,1
7702,46,10,32.02142090275458,3529.172057855344,4,0
7703,39,40,74.69223308068358,5376.788101526516,0,0
7704,28,23,115.58528744672915,1384.9687202400983,2,0
7705,37,55,119.42336355096955,3639.5401763571217,1,1
7706,46,63,76.740793530352,201.0294481107994,5,1
7707,68,71,37.38014889452303,3872.2541256509485,8,0
7708,58,42,36.305002000870616,7177.803362289489,9,0
7709,59,66,96.38577581141384,4814.467449036361,2,0
7710,51,47,79.19376787062977,3581.179486694636,1,1
7711,18,52,74.8773898932763,1381.8487519851626,1,0
7712,48,18,66.57649233005164,1699.1066517804422,5,1
7713,47,18,92.51346265816817,704.428605553625,9,0
7714,65,24,105.80541790063455,5965.047244128739,5,1
7715,35,23,50.29580811956363,709.3686928409778,4,0
7716,34,12,42.09177671758906,3133.195747000193,8,0
7717,55,23,87.01991663149424,6023.7730787507635,6,0
7718,31,21,111.47324240549534,5731.299325366611,6,1
7719,40,64,54.81574401440862,4662.504116023672,0,0
7720,42,34,47.24482191774153,4613.331099595937,9,1
7721,32,2,42.61146302356195,813.5918343060581,9,1
7722,63,69,45.44909076966309,1481.8306468604706,1,0
7723,39,31,33.49333429603144,4324.4812111469655,2,0
7724,20,68,79.67782276083535,2849.83459321908,4,0
7725,36,70,48.08260686612557,249.60309863737822,3,0
7726,61,19,81.49443616579046,6405.517189745392,7,1
7727,51,13,28.30323495125681,5265.124810149224,3,0
7728,52,65,31.545679211787906,2673.7051866858637,5,0
7729,67,6,73.61419277969446,875.8210586097545,8,1
7730,18,71,71.1530944476014,4770.486009072076,1,0
7731,69,27,47.15099267378886,2853.5415916764964,7,1
7732,38,52,102.71308516205424,2117.5757623643267,4,0
7733,46,48,38.70471648675495,5799.607098827655,9,1
7734,23,68,56.06611241831861,2692.3854822905428,5,0
7735,54,44,75.55117060724022,1174.783083615611,2,0
7736,18,17,106.72111025153646,3905.0646078537884,7,1
7737,68,38,61.85509751667767,6644.879727171105,1,1
7738,18,10,59.860095544090434,6812.304395177056,0,0
7739,44,54,77.95374280317947,6809.811001922753,0,0
7740,38,6,51.66954154628962,3425.2667312717053,7,1
7741,33,6,90.91732531595895,6348.380268791535,1,1
7742,61,52,44.86959406670047,6816.823066927134,4,0
7743,57,15,102.31959969402122,3730.3518605219074,1,0
7744,43,68,47.23534131334612,2618.0411724709975,3,0
7745,33,57,119.27011622905123,5645.519919803691,8,1
7746,45,56,51.64624743276426,7245.30725161236,1,0
7747,18,7,107.88261386551977,7780.004632483647,3,1
7748,53,51,59.735595410605725,2392.7759648495285,9,0
7749,27,58,44.60548420309303,7653.751343440566,4,0
7750,60,64,42.61632504603553,4044.3297489891975,9,1
7751,34,26,105.01912818498782,2517.6741639777456,9,0
7752,40,58,50.87529863128767,7908.345070765879,4,0
7753,24,31,53.8563008959747,7034.683003478367,4,1
7754,61,66,39.69930558389406,5570.091055274795,9,0
7755,24,13,116.13247181162168,7170.043617960953,9,1
7756,61,18,44.47439405988301,5483.754194368842,1,0
7757,32,13,44.7443618981612,3579.1900076925494,7,0
7758,51,24,114.38978902546958,7589.59150072664,4,0
7759,63,57,110.08988549951829,7709.656653957135,5,0
7760,62,29,44.89108831799102,2581.9832685889332,7,1
7761,21,56,106.47255695179894,2899.723143050312,7,1
7762,31,54,44.98232130861169,3123.491482046696,9,0
7763,31,5,28.446416485287443,6594.953018566207,6,1
7764,33,35,102.0361348395825,6350.0506416605085,7,1
7765,24,19,97.15581578152863,7866.609327573412,9,0
7766,49,55,49.466712169147144,3775.1880485556444,6,1
7767,36,69,29.01389851226093,5920.460043134,9,1
7768,19,44,40.64388844771477,6868.0917117792505,5,1
7769,27,38,97.10565709064655,1847.720461258416,4,1
7770,67,62,116.47478149424266,5002.387877341896,4,0
7771,34,22,45.900207179449154,4426.890643537871,7,1
7772,54,40,101.82588010354492,5968.33333950316,0,1
7773,29,26,42.79326573371544,5593.881062679587,1,1
7774,23,5,87.96003918250835,6521.061625727935,0,0
7775,39,54,28.361346903152633,2558.047003776565,9,0
7776,49,49,78.529564038226,1809.2154942213933,6,0
7777,58,3,46.91898911947182,6461.0699741686585,8,0
7778,37,38,112.5845948733657,2948.4511051151167,6,1
7779,18,14,48.97508887789536,2371.8311076199698,8,1
7780,64,47,59.84406948623066,2760.866351662269,3,0
7781,23,14,104.06791111545809,624.1965293031169,6,0
7782,36,38,63.82745825467943,6207.840334642414,9,1
7783,35,64,43.84122517949184,5749.761302466632,9,1
7784,23,44,74.75443208942971,4466.270385247046,6,0
7785,62,70,103.9991195649982,5757.071341266954,9,0
7786,50,65,63.31776120046524,3047.752017311532,9,1
7787,40,25,33.288848920486764,2433.4157012719984,1,0
7788,40,16,58.30869131145168,6912.177815850352,1,0
7789,43,15,115.44751330941914,3437.391105284729,7,1
7790,30,3,27.20216203657722,1647.706157099052,1,1
7791,24,67,60.84451724480198,6017.446933337497,0,0
7792,32,37,84.80287939401654,2753.3876488609217,0,0
7793,61,55,27.851772621182285,1773.6252771078446,0,0
7794,44,38,54.49525470030681,314.992793955547,5,1
7795,43,63,114.05783539402631,7767.753890423516,4,1
7796,50,1,23.063569220614326,3791.58613318736,6,1
7797,32,71,95.1741879505943,1377.8871969207232,2,0
7798,53,19,104.13749661359961,6086.708160450763,4,0
7799,62,52,47.706072541775015,7112.443911565742,1,0
7800,44,30,41.471436951981225,4270.947141531004,8,1
7801,22,55,111.48208935862071,324.03972439788305,8,1
7802,19,14,96.40016954807244,2984.62939506984,3,0
7803,50,13,31.33807096070023,2020.5029214909068,1,1
7804,33,27,41.21972555164029,5127.540011862119,9,0
7805,40,9,82.13551549925545,4198.9766338384525,7,1
7806,55,41,61.94169288968924,2910.321065488096,3,1
7807,33,48,70.41743704378999,5223.190590765145,4,0
7808,31,12,115.15424351022675,4716.991328577371,3,0
7809,46,10,62.02354631919739,7261.27198323607,1,1
7810,43,6,108.1681995814269,4814.743323012656,5,1
7811,52,34,86.07447186605732,4110.923889221891,0,0
7812,32,52,32.16194587135562,6606.993664817092,7,1
7813,20,41,94.45070366477196,1699.1153871590816,0,1
7814,40,6,72.02090739563148,2024.1604809285927,4,0
7815,46,2,42.509725039198855,6290.227767353125,8,1
7816,51,15,48.95493230822981,3594.5667935554743,0,0
7817,50,17,75.73324247507513,3332.9633105307416,9,1
7818,58,16,80.1702490145793,7107.915840374659,6,1
7819,58,28,116.817640402948,4919.861370915239,6,1
7820,40,10,105.47201364105933,6442.982209158565,4,1
7821,24,10,40.58392869952762,6497.727077816523,3,1
7822,20,10,97.39920705671454,1048.2106006629722,8,0
7823,49,28,20.829180815164555,5264.248932110659,4,1
7824,48,24,32.9808461165144,7624.879075778042,0,0
7825,35,19,39.97004160662832,3892.2140080618096,8,1
7826,60,68,79.71993526591379,5884.241161626448,4,0
7827,24,56,39.46850063001867,4577.189909561651,8,0
7828,58,67,56.527294203530715,1718.2831965036748,7,0
7829,18,42,44.27797821420795,1642.02980117938,9,1
7830,31,12,53.74166243799633,3527.2820049691827,6,0
7831,69,18,114.2451444734066,3915.6255330944477,5,1
7832,49,23,119.73763525954301,4074.746296907123,8,1
7833,23,6,88.57221062641092,7644.505984270165,3,0
7834,56,53,77.23078714556809,892.0108986860641,4,0
7835,27,42,90.84478458162832,3106.161200952846,0,0
7836,24,66,97.16522004189083,4164.924737456059,6,1
7837,43,30,93.90127436095145,7708.590641267126,5,0
7838,51,9,28.18925282000048,4084.0870543556025,6,0
7839,47,42,51.029341928677404,6224.678188955063,0,0
7840,53,34,54.343138178974975,6019.297053533532,6,1
7841,38,40,56.925447415014126,4574.9079904849295,6,1
7842,34,17,54.431377865154204,1132.5545056892684,7,1
7843,50,29,98.70922974503276,1828.1938086702564,1,0
7844,27,50,94.76046678843782,1997.1080431098599,0,0
7845,68,49,20.460030289265177,405.41121647555747,0,0
7846,64,61,49.6381523494719,3095.822277876547,7,1
7847,59,46,82.36636477853256,4923.058406772255,6,1
7848,68,46,32.02656219887995,1239.703760037935,8,0
7849,29,17,27.11982944855324,1482.7844774094356,1,0
7850,33,66,102.83981194984817,5685.191994380868,3,1
7851,58,5,65.2684272172069,1437.1017716192532,7,0
7852,49,54,105.56873679208535,1169.1510631897565,5,0
7853,32,16,102.35527271765656,7824.950903005782,1,0
7854,44,7,109.33705221405856,216.4087178738706,9,1
7855,45,8,24.827456356064708,2670.724537899466,1,0
7856,34,38,38.613006610838454,375.99962498607266,6,0
7857,63,54,49.614316440142055,6720.5807293972275,8,0
7858,67,15,33.623038783786015,4709.93214271381,7,1
7859,19,50,68.54698207857142,478.8196378611989,1,1
7860,53,56,99.89768900390585,4961.3610168148825,2,0
7861,67,9,115.11818108497046,1072.4615018029654,7,0
7862,24,8,108.9574134476466,4016.2876010042414,3,0
7863,30,19,65.73366800158082,5388.362024885846,5,0
7864,32,51,83.64911013709522,1273.205559388845,1,0
7865,42,57,43.069612344865284,4026.6982211931568,0,0
7866,40,68,60.30089999319198,3713.546339708655,5,0
7867,39,31,107.1182595420003,7334.428767693904,7,1
7868,43,3,22.91975220194808,7966.041017144911,4,1
7869,50,43,73.27592726434743,5270.348128390713,0,0
7870,28,29,107.27982978990212,6853.387329401372,9,0
7871,27,10,32.20098738507605,5210.367463751775,1,0
7872,42,12,118.2546201951122,7022.661417904796,2,1
7873,54,46,21.23914639811692,3522.8492099965524,1,0
7874,65,30,108.61200114631643,4903.119876885724,8,1
7875,60,32,55.36725743949669,6776.839232912231,9,1
7876,55,47,33.26905816777627,7352.877189745248,1,0
7877,58,63,35.73581752545351,294.993593205748,2,0
7878,62,26,90.11787183542708,921.226269071602,8,1
7879,41,3,107.07196766559441,7456.259284571202,2,1
7880,57,23,84.1066353806788,4591.219280902797,7,1
7881,63,50,112.8724971360753,7922.517542077518,7,1
7882,50,36,104.24787950568991,6361.801037463408,2,0
7883,34,13,20.903180694065043,6563.30745157084,9,1
7884,41,29,86.94296644301347,3150.367810442957,9,0
7885,54,38,50.46346887142926,2134.576963896492,2,0
7886,19,5,65.45000117204101,4826.2474744568535,7,1
7887,49,20,29.403074813422673,7044.353579216493,2,1
7888,41,14,48.20991618716504,5833.018218795681,3,0
7889,26,8,83.26859674325075,3830.1836073741656,4,1
7890,21,48,41.8382130256324,6050.283760724203,6,0
7891,34,13,84.7536668271193,5554.141223339999,0,1
7892,34,24,112.30321707966723,7313.106256748941,7,0
7893,67,65,20.494030500495725,2182.102062738877,2,1
7894,65,34,98.57707197298583,1042.5605281303767,6,0
7895,47,51,84.13188801631883,3813.404187480884,9,0
7896,57,3,24.663276273379225,2952.538405810994,2,0
7897,28,58,99.01671372452203,7801.403061829129,8,0
7898,38,55,42.452103513713105,159.28308256340347,9,0
7899,38,42,46.58205407226249,7473.72618964039,4,0
7900,35,21,29.351568246937337,7645.125857749716,2,0
7901,46,10,73.43798153432594,502.5711764708028,2,1
7902,41,57,69.82237402682267,7127.601824050769,3,1
7903,27,25,54.7174506336289,3819.1528330883984,4,1
7904,62,56,36.875380776677304,6152.590817985544,4,0
7905,34,38,103.79535544990658,726.1186959660847,7,1
7906,35,61,107.63784300676717,7646.124193532836,9,1
7907,59,47,74.05796107136722,4899.632952927108,5,1
7908,65,54,44.422533359937816,7199.684996224396,4,1
7909,37,46,29.611006569868398,5416.408444258583,1,0
7910,54,68,106.85441674915627,4340.801323045625,4,0
7911,62,4,29.60527195895543,1462.7159061788184,6,0
7912,35,66,21.318003774945133,1505.8376286495236,2,0
7913,34,43,66.93975773386387,3833.305306428931,6,1
7914,26,62,93.12710219793343,6976.4935035668805,0,0
7915,31,4,65.75370044770406,1010.2275552666644,5,1
7916,66,65,25.14106069865361,7987.242682043376,0,0
7917,46,62,89.00291134218229,7019.706826361845,6,0
7918,48,2,84.23326205578509,3201.214288250763,5,1
7919,21,9,88.1529731124555,2099.6348129863445,9,1
7920,35,57,41.120249134904945,7383.769151808668,0,0
7921,37,45,99.5698409145199,1073.371791969422,8,1
7922,64,18,67.91682117481334,2843.5904898114,4,1
7923,60,48,73.63528105904403,762.9075531025499,6,1
7924,61,42,74.58300096542492,7632.352009876562,0,1
7925,26,41,48.680643707120105,4979.22129453556,7,1
7926,30,58,45.01341043370423,2755.819192920166,7,1
7927,32,42,20.47661304815364,2276.317006426114,8,0
7928,44,35,59.661034205540034,3608.3449189898956,1,0
7929,32,38,68.51029839390655,821.8899683574398,5,0
7930,45,67,94.28037456552985,7125.856548833449,9,1
7931,54,41,26.662696094429997,4136.428977910744,4,1
7932,36,50,112.39894123987114,5828.275184998103,5,1
7933,43,45,46.39584682470415,1946.592149386014,4,0
7934,69,71,56.67206901282478,4079.6191609258344,0,0
7935,43,19,24.83624655952618,1767.580476982951,1,1
7936,42,17,85.31364108181234,6547.147455502717,2,1
7937,43,65,90.89227973898669,6224.672577744209,6,1
7938,43,56,112.87912172897656,1270.7983611515556,9,0
7939,63,41,53.68290033152288,688.6045158149234,8,0
7940,45,42,45.73687298782335,6611.154218782285,1,0
7941,66,6,92.60865035708707,966.2184474401838,9,1
7942,35,69,90.68008884429278,4433.02344741415,0,0
7943,49,40,113.71240578533869,4322.449653658115,0,1
7944,20,41,40.5318624233284,1703.2581382440328,3,0
7945,19,9,90.52926226945353,4771.716080489784,8,1
7946,50,8,26.686857718935425,4071.7661389703653,3,1
7947,59,44,68.03681067572187,4122.594856747797,2,0
7948,36,58,31.939077726570837,2941.629813754886,9,0
7949,34,67,85.31459880944719,6723.585599708821,7,1
7950,61,13,80.14667616916857,766.5274466591702,8,1
7951,50,19,24.883293362972864,3565.122078004488,4,0
7952,29,49,51.961782258475615,2152.5492294997052,1,1
7953,66,30,59.50336322767527,6802.622690501233,3,0
7954,20,66,44.806026951296445,1878.135824015173,9,0
7955,60,59,23.86700440188101,6159.49610616982,7,1
7956,66,53,51.882189610605884,4930.9710468984,1,1
7957,43,52,99.26249014508285,7010.843017502232,8,0
7958,52,31,56.01090885916426,4790.972149076509,4,1
7959,25,15,52.33697552343533,4496.2264945877605,6,0
7960,69,20,114.17531379115846,6428.926522693952,4,1
7961,53,5,24.16307187145013,4543.643085336019,2,0
7962,24,7,96.7288195641983,6771.882265942301,1,1
7963,63,18,68.30935983143499,489.61243549202896,2,1
7964,63,56,114.44625075105407,4011.6838439181406,1,0
7965,53,45,59.347074416339176,6520.262955684168,1,0
7966,33,28,90.80423370055217,6802.084660632724,1,1
7967,41,50,26.993536439051486,6689.037481534001,1,0
7968,18,2,112.8772425583881,4874.612424931353,7,1
7969,66,68,54.45426667985926,7952.373602906803,4,1
7970,42,24,72.40045757842864,1532.9518316648816,8,0
7971,27,48,33.84816087629671,1478.214877161524,4,0
7972,33,45,114.55578712202409,359.2991287436153,0,0
7973,33,58,87.29704039298935,7915.7636924194185,7,1
7974,25,36,25.39474768361122,2849.3620096897994,2,1
7975,46,2,35.52067791792834,6120.2280183562825,9,1
7976,56,18,59.98339976426497,571.7114709262876,9,1
7977,45,49,41.67710123842718,2459.636040006656,1,0
7978,23,8,50.462556951633054,5028.3939970197225,5,1
7979,33,58,119.74911608761765,4245.762759184194,3,1
7980,37,15,85.86486971498026,1741.2110935974981,3,1
7981,33,17,112.22176023144519,3746.584011058205,8,1
7982,24,23,63.579837485432904,959.3777357875834,9,1
7983,58,66,91.02822844905678,4387.3574307710805,7,1
7984,31,70,65.96902921612886,865.837400135054,2,1
7985,60,27,52.82245428550241,5123.8901147201495,8,1
7986,43,37,71.91731465010562,1327.324866833673,0,0
7987,43,49,62.731104178748666,4421.978548916874,6,0
7988,31,64,118.05406486806937,1120.0533706034332,6,1
7989,24,34,69.6166405216401,3265.612426005117,1,0
7990,50,18,101.11131328987955,2879.4692038130265,6,1
7991,43,64,86.68194682958485,6075.644528680852,6,0
7992,62,44,67.96272372174225,5165.176992452666,8,0
7993,37,17,67.4150072466336,7503.001681183625,5,1
7994,20,59,54.189011706203765,7383.094150419728,9,0
7995,69,13,30.698180763205613,5827.468625634767,9,0
7996,21,52,96.14693289373167,6187.627350659355,8,1
7997,43,60,111.8094793200539,5036.808090958968,2,0
7998,28,42,41.79548546601177,5564.1395228832835,7,0
7999,19,64,112.56734939291974,4976.056712204085,3,1
8000,31,66,43.23042180582782,2562.9437472809905,0,0
8001,61,34,73.00791019837752,2870.4477020504974,6,0
8002,47,71,54.36219961271378,4640.397240960015,2,0
8003,66,64,31.450878591225823,5789.397726419048,3,0
8004,29,33,25.28383749555473,3308.340463129632,2,1
8005,43,12,56.53465321442274,1227.075626531361,5,0
8006,61,19,24.734386454943994,3729.395629985593,9,0
8007,50,9,30.42064375378513,7709.183782226941,0,0
8008,30,17,34.22975787979842,1791.286256547256,9,1
8009,31,50,20.191570617899906,5227.645786990272,6,1
8010,41,39,35.325221584365345,7862.080205492945,9,0
8011,51,41,77.72786803783745,3072.2779837389744,7,1
8012,61,10,101.95231220959364,7114.280509848661,2,1
8013,43,12,39.342995940806986,6925.668865690569,8,0
8014,38,15,28.087260384750028,2778.455176299108,1,0
8015,45,28,92.95141984358722,878.2868684146141,9,1
8016,65,4,20.816271145721604,1510.4593210776018,9,0
8017,53,36,93.41621020363812,2989.4185070014983,8,1
8018,57,65,33.11172358668813,7677.161040667656,4,0
8019,19,47,42.82850621194035,2268.156145879967,5,1
8020,59,39,32.006991088802955,7422.23149282461,1,0
8021,26,38,44.73381570513945,1532.7810163752044,4,1
8022,40,44,99.81759384617949,7761.518162960493,5,1
8023,32,51,33.254410512507576,2419.4758296441773,4,1
8024,30,26,119.4165632293534,5101.428881185524,3,1
8025,40,36,52.70977760977919,650.5606733172107,7,1
8026,34,69,112.19681255083289,2467.346952379787,1,0
8027,65,1,39.00330798355466,1764.6122103892328,0,0
8028,19,53,38.789751994440174,126.99168260274864,1,0
8029,37,6,76.53356830430738,1338.4813229668612,3,1
8030,37,37,25.060008490467794,4785.518833713808,0,0
8031,63,2,100.10028976355929,3180.3693683168053,8,1
8032,20,69,63.961525066805386,5808.310752834336,0,0
8033,29,41,89.91964733528545,5401.489342425357,4,1
8034,57,51,37.46322034960194,6414.466121162558,7,0
8035,19,47,84.23573507861904,6949.4976819577705,8,1
8036,53,13,79.40706543516936,6576.621474676928,8,0
8037,31,69,95.56612519179437,3639.6806337752396,7,0
8038,33,66,49.74012926509706,2538.949069887511,5,0
8039,36,59,113.31655749715092,4068.1894574509265,5,0
8040,51,68,116.1301069395732,4327.5152024405315,8,0
8041,61,59,106.81236112213547,2574.078683840923,1,0
8042,63,10,77.20337661605419,4366.051706604169,2,1
8043,23,13,62.02882706613506,935.6592521005896,5,1
8044,30,2,25.799241856995486,1925.2301806207752,7,1
8045,53,15,114.72278014609896,5993.779886435389,6,0
8046,39,46,115.17813436983668,1544.374603757546,7,1
8047,35,57,21.868845497968387,1198.3990011228611,4,0
8048,29,10,55.68875466407201,2370.0112114340313,8,1
8049,69,22,108.00363682582618,3031.2880224138994,5,1
8050,47,8,28.08520330396183,2695.5346071409017,9,0
8051,68,21,39.65663767102074,3059.3825404287977,1,1
8052,57,22,117.86773168195909,1205.307508891106,5,1
8053,24,45,104.72888121203485,1406.6217479968668,3,1
8054,49,40,111.20634940837637,1963.0963388208386,4,1
8055,65,22,34.215441865531716,3275.7369378811677,4,0
8056,36,30,41.131595896684495,2753.6029027856493,0,1
8057,23,62,80.54165843517491,6351.545958270215,9,0
8058,37,45,70.17382210026992,4251.5915147783,4,0
8059,44,35,49.85033905470489,4648.03811366447,9,1
8060,60,42,108.38462997372464,4528.684181790811,8,1
8061,54,5,110.1388615535573,3250.322962642143,7,1
8062,65,27,49.168401014661114,7845.818060412826,7,0
8063,24,70,35.57531405919398,394.89733944940514,2,0
8064,22,62,34.90924207703135,1805.1184470672426,8,1
8065,28,32,68.44251953919391,2348.772119375078,8,1
8066,32,8,33.29184954013529,7062.2547267049285,9,1
8067,20,18,67.33402220952253,7359.066172852823,6,1
8068,22,15,66.19340728598574,6784.2201765337295,5,1
8069,40,26,108.41102132056571,3393.912750482144,8,0
8070,54,53,49.621043980003705,7325.528728947397,5,1
8071,26,44,76.06524586409775,878.2139601529612,2,1
8072,32,32,94.34998642840964,5254.234132230209,5,0
8073,20,28,79.59147950499064,7504.067842894045,1,0
8074,46,39,115.40678449801369,6063.708736569602,1,0
8075,23,32,80.22774804997701,2295.1506319576665,6,0
8076,34,18,110.18621784701118,5768.295960367076,7,1
8077,43,70,44.5056389253743,2428.6306195450434,6,0
8078,38,11,76.07527727794364,981.498702259569,4,0
8079,25,32,74.33059265666544,5766.050117286695,3,0
8080,38,20,118.94521101400835,1515.890485340178,7,1
8081,28,40,40.45063133991235,977.4130166439626,8,1
8082,55,8,34.09933983659775,4458.904431723039,6,1
8083,25,35,81.16720776304204,5002.939545553739,0,0
8084,59,69,42.36921433320633,503.3446472057607,3,1
8085,41,21,83.91553456502899,135.30421519317989,3,0
8086,52,24,117.24890885195508,7068.355610105898,9,1
8087,31,17,114.65059953974576,1010.4952316080391,2,0
8088,31,18,43.1103024643998,4712.794617117277,3,0
8089,27,12,37.089634821214894,7633.015354625041,8,1
8090,29,16,76.07392871625457,4144.089915692318,0,0
8091,55,4,78.67772882231502,1204.4042725039117,1,1
8092,61,34,86.22500713806502,3208.527575454708,6,1
8093,63,46,94.14909259868084,5029.932967971414,8,1
8094,51,31,80.09573106720042,6126.433132846724,6,1
8095,58,25,31.17530037196628,4894.81015710719,0,1
8096,27,24,99.01579705694478,371.09430256341335,6,1
8097,34,65,27.951718452462597,1230.5126355930504,5,0
8098,34,25,21.999268621719207,3037.233341480449,0,0
8099,20,28,96.96581966118765,5675.138114075233,0,1
8100,48,36,74.83574244356758,4716.191002082916,1,1
8101,68,6,89.85914185865234,453.09037041670325,5,1
8102,18,66,58.274732420759875,6395.398670070717,3,0
8103,29,67,21.109249352449247,4880.483007710538,3,1
8104,56,48,53.10153491310254,7108.485280457279,5,1
8105,21,70,80.81352329231426,3399.4594802441193,8,1
8106,59,67,42.57030704701097,3972.5940686166255,0,0
8107,30,48,88.78043336329314,3303.8510801197403,1,1
8108,51,65,99.44010098919449,5807.39078312124,7,1
8109,59,44,65.42669983655591,6041.833761306381,7,1
8110,38,63,107.57212980691675,5813.614912978483,5,0
8111,39,46,105.4816564569118,2403.6344688492663,5,1
8112,21,19,107.80579527918337,5124.649142640909,7,0
8113,35,64,86.1037032656835,2774.372512536368,1,0
8114,22,71,50.47889996735799,6690.183253728634,1,0
8115,36,50,68.1251282371572,535.4176821010526,0,0
8116,19,63,91.05106495310913,397.9939462702963,5,0
8117,29,41,41.05636532625728,903.4965538864855,5,1
8118,34,7,93.88435092545264,1698.669236259199,5,0
8119,27,9,74.80886170930403,397.31933677097845,1,0
8120,51,4,29.60174402835633,665.7718447696413,6,1
8121,23,49,75.72863270001672,2517.8462926037137,2,1
8122,25,6,26.67761382124833,888.3463861035203,0,0
8123,68,21,21.430728504662206,6436.3828357308485,0,0
8124,28,15,108.96276699072845,525.5523727889826,8,1
8125,29,67,68.99161116044947,7272.642630394944,2,0
8126,26,66,74.32896550403248,6979.632397133695,7,0
8127,19,56,47.99377716302669,1746.236490457056,9,0
8128,25,68,74.27447194574935,665.0637168767363,6,0
8129,28,32,36.886869214973274,933.7268567302125,1,0
8130,53,66,94.56457973845251,4516.797069647916,1,0
8131,27,29,102.33491604038856,4847.234345880538,3,1
8132,38,66,105.58757799192604,2593.1040099988395,1,0
8133,37,34,30.665271742793003,2444.9859795447255,4,0
8134,65,27,75.77544003447929,4298.860021042443,9,1
8135,25,60,100.87509698440329,2514.461548130796,6,1
8136,53,39,32.82164882123883,7481.124007250075,1,0
8137,46,44,29.952240817407663,3122.791053334408,8,0
8138,59,36,101.6941998670021,1836.5286153187858,0,0
8139,29,19,99.67360388912226,1253.122287642137,1,1
8140,31,45,64.8693136963468,5090.49472780276,6,0
8141,65,21,30.97111688600648,2680.626766120465,4,0
8142,67,23,71.61231573169516,1591.4791774197201,0,1
8143,38,27,59.48032000046662,2278.9426446164466,3,0
8144,39,19,71.85474310440127,2532.264427177579,7,1
8145,38,41,63.98952020255826,5044.084420587624,4,0
8146,61,26,76.85144133908892,1479.983852014741,1,0
8147,67,28,92.71297185132939,5889.149744414207,8,0
8148,47,64,97.48599036508585,2508.5699178266286,0,1
8149,56,68,84.89821982378442,3957.645765991063,0,1
8150,37,51,39.89406150463927,5273.228177950101,9,1
8151,41,48,59.712302560511915,4394.59884683868,4,0
8152,40,10,27.122402873572163,5331.644981444281,8,1
8153,24,39,65.16737280751715,2648.5044802965995,5,0
8154,26,19,117.03394127248511,7711.254362193502,4,0
8155,18,64,84.17307075910107,3726.0188007105817,5,0
8156,43,19,35.461251466349694,2643.275517407238,5,0
8157,55,62,46.85776597754326,2441.512293777088,8,0
8158,55,13,26.45736463025468,437.2902602875208,8,1
8159,61,25,38.241389015196596,5509.966365277078,4,0
8160,39,42,68.78416434777778,2173.8706894373668,3,0
8161,61,39,54.48563814286327,7675.548629948356,0,1
8162,27,30,40.39623173087667,1762.5134884766544,5,1
8163,23,5,34.65984135628561,4282.980430114429,6,0
8164,34,18,85.6071116977206,5910.218528691952,6,1
8165,68,21,75.81023768728511,6973.9108290859585,0,1
8166,67,50,104.26403122148679,1336.0410532955887,5,0
8167,55,6,38.32528857277534,7884.672169926563,7,0
8168,41,50,104.79854599282461,7263.316984009687,2,1
8169,68,66,77.79111725598561,7706.513153197505,0,1
8170,27,1,46.62231939797156,6836.099000378953,6,0
8171,25,57,47.35531405685112,7033.586901465161,3,0
8172,38,30,59.03803901438524,4830.748435713987,4,1
8173,23,58,66.01272166667943,6777.94949862732,1,0
8174,38,52,28.250508473688267,4318.705527120047,6,0
8175,56,37,104.1999165666328,4351.915647844003,0,0
8176,41,48,32.15410693241941,4544.382726017841,3,0
8177,50,1,68.34598430298817,7970.911606734123,7,0
8178,35,19,58.29682331909218,924.7192370872209,6,1
8179,45,46,71.22870843119428,6464.318830116977,6,0
8180,69,67,108.7482517068172,2259.168932665124,6,1
8181,49,2,118.90883398561063,2953.693952522164,4,1
8182,29,56,22.027137268275837,736.2127327176213,9,0
8183,65,17,59.323943172519414,2877.4328729341496,2,1
8184,59,22,101.76105309172435,7927.025307379996,9,1
8185,44,27,52.660288026197705,3236.8471684414803,6,1
8186,27,55,84.90361759185217,5390.534567780748,7,0
8187,63,32,119.22592037664604,1053.6341864761491,6,1
8188,69,60,84.67712888159438,7387.727957014549,5,1
8189,59,28,31.119137762326893,6639.18850157971,8,1
8190,49,28,104.29319569539857,3151.725003155878,5,1
8191,59,25,116.66574372925297,2852.8603281148476,4,1
8192,43,26,91.25084212988676,3514.9093277567395,5,1
8193,42,71,61.906809984307024,3269.9396445505395,9,1
8194,28,17,114.84001753454244,2138.6013575083416,3,1
8195,40,7,116.85720150491983,7927.685565911501,5,0
8196,51,56,113.51167434991574,6503.317000067437,3,1
8197,69,64,61.181900231008065,2216.593750109646,4,0
8198,57,20,98.9707673968847,7855.625928112738,5,0
8199,40,38,85.417935903406,222.6880905703465,0,0
8200,46,58,37.97066658855868,3559.3913301623966,5,0
8201,48,16,73.5514901677154,4598.933056783618,5,1
8202,24,51,94.76910091286369,396.93431468199276,0,0
8203,57,27,109.59122759653094,1372.1938065600311,6,1
8204,50,51,106.25983704065536,2139.2355492638453,9,1
8205,38,16,35.46585001854821,5789.793755879715,4,0
8206,19,60,68.80332464852108,7523.973878035676,7,0
8207,35,40,67.82686294607849,5033.82718625666,4,0
8208,64,67,109.87370618979223,4545.026568981307,9,1
8209,50,2,20.193730913686686,4340.397047808797,4,0
8210,54,48,93.87135376269276,2870.5588335069133,1,0
8211,51,52,81.86415165462653,6638.943334483858,3,1
8212,37,24,112.15714731765662,4372.062762066447,3,1
8213,52,2,65.6917350331738,1917.8151166574094,9,1
8214,68,65,85.76722498755007,1180.9665444962172,9,1
8215,67,20,117.27470304215423,7885.548867408766,7,1
8216,35,34,94.39037629159088,238.03839867381447,2,0
8217,63,41,26.738397412976738,7474.1762369194585,0,1
8218,41,41,36.75335509726745,1824.5960793244565,6,0
8219,25,23,102.1451102959748,5294.641308185016,8,0
8220,47,38,53.47955409736589,2482.106952225237,5,0
8221,61,44,90.59181105982749,6892.502253850544,1,1
8222,27,67,89.9823733343828,4393.218045234707,1,1
8223,40,62,119.37005233882049,1214.3562722556599,0,0
8224,69,12,66.98727236363408,2231.696503547894,5,0
8225,66,30,93.78323605059232,2630.5167312011,7,0
8226,28,65,24.875287728610232,7098.78667868177,0,1
8227,19,41,66.25910206930885,6157.2335077775515,0,0
8228,43,20,38.668154481713096,6653.73976962585,0,0
8229,53,6,104.05715517131769,512.7922839474745,9,1
8230,50,4,103.9908332016071,4672.379423238783,4,0
8231,64,10,43.63644207056953,7993.497751065707,6,0
8232,30,51,51.82851531164682,6303.077148521183,3,0
8233,57,38,90.24777844603521,1053.5906829803246,0,0
8234,42,1,93.8265923412267,5462.663522518054,0,0
8235,21,8,85.76316021143738,5988.058185071947,9,1
8236,59,63,119.66946375261612,4162.562011779128,2,1
8237,36,33,106.8683211985112,722.1498674101919,4,1
8238,35,15,61.705888075252254,374.02125813021985,4,1
8239,54,31,52.69767215418836,7508.696608190868,8,0
8240,47,21,79.68497479960804,2134.360327281087,8,1
8241,36,3,101.76363358335038,3093.8482034457556,8,1
8242,40,66,67.53434737365528,6382.692573785489,7,0
8243,33,35,93.76926068316395,5545.159899067801,8,0
8244,18,41,21.91600395060424,7751.669030271247,7,1
8245,29,59,112.58401082981041,833.4296816682236,7,1
8246,41,16,97.38347275154524,5684.664635225895,7,1
8247,51,56,59.41900867641329,749.6079369435895,7,1
8248,25,45,58.40123255192921,101.30742235904245,4,0
8249,35,59,30.288680774850533,1049.8187868832042,9,0
8250,65,50,101.61537238825284,4972.134201405975,2,1
8251,22,12,96.86295092571844,5441.922721661787,3,1
8252,43,12,83.02497075356163,3562.8849920357147,8,1
8253,47,33,30.145647214403454,463.95860692565134,6,0
8254,30,49,46.234136563707075,5109.069189330477,8,1
8255,36,21,65.89144732646183,777.9580729332714,6,0
8256,46,60,46.59719437642259,1219.6380209545418,7,1
8257,20,52,63.39739231529036,4149.347909689533,2,0
8258,43,54,42.59575406376523,2788.9488446512973,7,1
8259,57,39,54.96005038060167,3771.5560254830907,3,0
8260,29,49,85.22968835966276,5117.107538654821,5,1
8261,19,64,109.2361080779695,1364.0555856750345,0,0
8262,28,26,58.503068123282524,7155.3852435589615,1,0
8263,61,71,89.19082311607575,4519.892510705297,6,0
8264,45,7,33.47930863825203,274.5368766971562,5,0
8265,35,62,74.08179778557614,5064.777449697502,9,0
8266,30,24,112.17042255545135,3759.1135610150054,4,1
8267,54,40,22.793580445738343,5642.948980659265,6,1
8268,39,47,46.755736172680855,6293.8656212066035,1,0
8269,29,8,33.249353368014425,7516.874341780441,9,0
8270,19,54,73.31214794964147,7986.931774772497,3,1
8271,54,9,87.96424640713253,4441.974248424272,4,1
8272,24,3,25.777919206310933,4535.915989714555,7,0
8273,43,54,27.028442064055128,277.31748270728923,5,0
8274,43,21,106.96291927489054,6934.8467405420115,5,1
8275,41,48,65.62331485675082,326.8721489859161,4,0
8276,29,47,66.29515996386479,5098.051975308232,9,1
8277,33,68,114.45803949581169,878.7581320794169,4,0
8278,40,63,52.020961026493175,2358.124972441006,0,0
8279,57,16,109.70236470327903,1208.6034695747312,3,0
8280,26,5,117.42547445762636,1185.4148760890744,8,1
8281,49,11,44.16941976504303,689.3477603037506,1,0
8282,32,29,71.40388492125429,2611.267657685478,5,1
8283,54,70,73.43561529002584,3446.8456211770704,1,0
8284,30,48,106.6168111792064,3769.338223374053,8,1
8285,22,15,50.39081363818216,3573.693511790148,4,0
8286,28,34,99.80424433534148,4237.167070932693,8,1
8287,27,60,117.10073912780118,6892.316740576833,9,1
8288,69,62,104.03366527442992,5091.193264078783,4,0
8289,30,2,110.91402834567175,236.55680066152124,8,0
8290,58,19,90.83544391429696,1466.3229980985175,1,0
8291,63,49,110.39557602771737,2856.703594975622,6,1
8292,67,28,36.48506353523273,7597.445300032527,7,1
8293,32,48,91.2361415041626,716.8272398544074,2,0
8294,59,37,93.18773549714761,5709.942172995404,0,0
8295,24,49,63.91809464994206,361.4357407844971,1,0
8296,57,48,27.973846735791213,2964.0436351155295,9,1
8297,45,29,82.24437462608272,6184.175233338572,4,1
8298,49,60,25.188080657048065,2817.0417578629854,8,0
8299,52,29,58.24024961565495,3499.2282738930794,4,1
8300,32,58,59.36702289757517,7251.90577331269,0,0
8301,65,48,119.89225084633328,622.7358214224546,0,0
8302,53,23,49.98020337291105,4268.5323691598,1,0
8303,38,27,102.04539379236886,2993.276712870309,0,1
8304,23,7,25.31716852183538,7714.112204984544,7,0
8305,18,49,72.97659853858404,6370.149652404238,1,0
8306,21,54,73.6691678556012,1064.4065411956562,7,1
8307,28,68,82.87498531944622,7426.537078108319,4,1
8308,61,42,101.00052033899384,1768.5850498847728,0,0
8309,43,59,96.1923381723148,770.059383925079,3,0
8310,54,44,96.10081283323746,4378.58691037649,1,0
8311,40,26,63.22939343242869,5919.389402812606,5,0
8312,46,23,92.74714824665264,5756.802027020075,4,0
8313,38,8,69.13157177491215,4319.042944131431,8,1
8314,65,53,26.69511783450022,3992.626047915651,2,1
8315,62,14,109.0181782611727,7759.396788694905,4,0
8316,62,71,109.01633061387604,6582.414849979033,9,1
8317,66,7,52.28787646551393,5619.256301330011,6,1
8318,44,9,111.39026192809402,1642.170562121171,8,0
8319,56,3,95.79840385050815,6576.1884591105445,2,1
8320,57,17,60.08012308620231,6023.267873776628,3,0
8321,30,44,53.150559842525354,7937.010138243567,0,0
8322,40,46,117.5142699386101,1150.6613526795907,1,0
8323,33,58,91.2626963111311,5750.833627989499,2,0
8324,47,28,57.88099547712002,7834.757224964852,9,1
8325,21,14,84.19838879808052,3754.4849152313127,6,0
8326,57,9,77.15261990373689,5893.942503065499,6,0
8327,33,26,72.45400227039607,7805.428139308899,0,0
8328,48,2,84.47018988118438,4425.130661857371,8,1
8329,59,34,73.76263221803619,5622.428598154502,2,1
8330,42,19,85.47903536863807,258.66999909555796,2,0
8331,61,39,110.75685622236391,4205.354334448909,1,0
8332,29,13,119.32649681452719,2120.8232077313432,2,0
8333,43,5,90.92868733480134,1136.8326745692827,5,0
8334,54,50,112.78208017504326,5697.924868982491,9,1
8335,65,23,105.8410253882954,408.80696237590064,3,1
8336,50,29,49.50373979812792,7248.434697458756,1,1
8337,45,26,113.29079830430356,4190.4119129796545,7,1
8338,26,57,27.080900005262148,5221.017909996092,0,0
8339,29,1,52.992182104354484,2102.134913097505,9,1
8340,22,28,83.99449351048,1539.324847645409,7,1
8341,69,62,72.69154458951421,2025.6536067849102,1,1
8342,45,47,74.24123928293626,1935.1146289339174,8,1
8343,52,59,99.4888329801248,6929.562863518269,3,0
8344,22,31,39.47036822861923,6319.9812715533435,3,0
8345,51,70,118.20755099674587,6836.618619579853,6,1
8346,63,49,63.745822729717055,5905.489144901345,2,0
8347,51,5,114.98432648055952,5184.047855568929,9,1
8348,30,31,58.31158644968327,4270.21004887228,2,0
8349,56,37,80.17866688516357,2197.3064284012794,3,1
8350,59,15,65.0311471323136,5672.367366044215,9,1
8351,62,52,87.59351638519703,1179.0168012263607,2,0
8352,65,69,38.36247293841865,4137.386194180254,9,0
8353,31,11,60.062853284048494,1642.6706711943662,7,1
8354,28,43,26.83811221074314,4087.598508547723,8,1
8355,59,70,79.81014169900135,2421.8685617074043,4,1
8356,55,23,116.26816985891227,522.4893893382418,2,1
8357,21,40,24.590651515738575,4079.3012016254397,6,1
8358,50,63,85.96300245015665,1536.4586487296237,2,0
8359,24,2,97.50979636376597,1373.1247572963093,5,0
8360,58,47,41.310842417762885,3136.4905916538205,3,0
8361,25,30,47.3074293368547,2958.1185470415703,6,0
8362,54,16,40.15810862400353,6948.96713833692,5,1
8363,68,59,49.74126366763075,4560.632480860299,6,0
8364,27,47,31.00825591933742,6851.082682264525,3,0
8365,60,30,57.034787128542234,1260.0016677223996,5,1
8366,32,9,56.89291953143948,2922.751133439588,9,1
8367,55,65,100.72674566054089,4487.1039790680425,6,1
8368,32,59,100.09583156007184,1309.7117483385853,9,1
8369,22,64,99.67233633093647,1111.6508239659636,7,0
8370,46,8,76.70359132189303,5325.072625874617,9,1
8371,36,52,52.588068686633456,5265.288369345293,8,1
8372,68,18,61.09645164004338,1949.8534462789164,2,0
8373,27,58,51.77435047620818,1894.2760879673692,4,0
8374,29,49,78.19279049807213,5989.021656707662,9,1
8375,21,32,113.79791213136663,1024.2039314069025,2,1
8376,48,48,48.44967840557142,7393.781623745586,4,0
8377,35,45,65.88518176461297,7555.534316220032,1,0
8378,33,54,85.511693013934,6980.839353037046,2,0
8379,57,46,104.46949117955828,1764.3506623098176,6,1
8380,53,31,45.333392064096486,232.73382321351644,7,1
8381,42,37,48.028995098039054,7499.857650419316,4,0
8382,40,16,108.51655322559363,2817.377436092739,2,0
8383,29,46,28.025811998580302,2552.2410934079344,3,0
8384,51,46,80.54476059672126,2167.25288324148,2,1
8385,53,61,106.04554160959871,2031.83576708623,2,0
8386,54,46,112.17427503515333,5902.970994489087,8,1
8387,20,51,21.268725423286877,7272.359665050666,3,0
8388,26,62,56.966597749418426,6309.845290888273,5,0
8389,35,35,45.726478612104664,5425.45293107089,2,0
8390,60,42,76.80325887747232,2373.284746210298,7,1
8391,52,45,83.28622768136293,4421.0114548260535,3,0
8392,51,68,119.97744776055288,1972.0406637370008,7,1
8393,58,47,71.27624968989257,980.9061232349645,1,1
8394,31,30,75.14668787372698,1050.3144029641685,8,1
8395,21,24,61.43135078056419,4869.775931381512,1,0
8396,46,66,34.76772378385757,403.98930433678,2,0
8397,58,43,50.332464028059846,7788.710516848579,2,1
8398,62,34,44.69849177110318,7964.185061622545,4,1
8399,67,23,100.1219691348342,1280.4550608705024,2,1
8400,32,61,74.58164215523124,3475.689036614759,7,1
8401,45,37,49.619363021534205,6167.800546588305,9,1
8402,59,13,68.90929028935032,7645.027932925004,6,1
8403,33,71,41.886488309541555,7141.437278096264,0,0
8404,29,7,38.51271505732179,2112.565952752049,5,1
8405,69,42,105.99422372418859,773.0557770959595,1,1
8406,22,38,114.48108544661389,2380.9619499439054,7,1
8407,51,52,28.00146078269879,3554.1758004874428,9,0
8408,59,44,96.48827071864204,2943.5127059805236,7,1
8409,18,64,65.33115364272902,6213.566070907459,6,0
8410,56,13,58.89716413082533,2136.524314396759,7,1
8411,49,28,88.94113095478211,6883.233214321446,0,0
8412,43,1,46.625368533436564,1882.5119780935943,7,0
8413,34,43,22.05812262835874,2954.681155005234,0,0
8414,65,42,41.4002847820015,3637.6916350035212,2,0
8415,44,50,38.49250767091689,2400.623326153989,3,0
8416,41,60,23.404938155356252,6154.340672404543,2,0
8417,52,1,52.13154160263213,3335.4229701938143,1,0
8418,63,51,67.45185335141399,7107.5036100642465,2,0
8419,59,16,93.58286970505785,7712.3504024299,8,1
8420,56,39,52.566132549259684,6892.476505105654,1,0
8421,43,15,39.45402656577434,4228.738860984283,4,1
8422,66,33,43.06197692536054,4127.486380649209,2,0
8423,55,53,109.11770791617145,1805.3939135168598,8,1
8424,40,17,40.472040641736875,4778.9935335401915,6,1
8425,39,6,107.92406675165103,7626.533230976804,9,0
8426,21,31,64.70989954877955,736.791568411895,2,0
8427,66,69,113.44004323485264,6044.413573326124,1,0
8428,26,40,60.80921363046986,6969.362479158431,1,0
8429,21,30,37.76829338058173,7894.957527515614,4,0
8430,24,69,74.90299292113376,2744.58595455875,8,0
8431,40,7,78.77066028490677,2909.035755256432,1,1
8432,19,13,83.54893032732697,1915.224409091478,1,1
8433,66,4,61.14967184695272,6333.602645251845,7,0
8434,41,50,24.86013407944952,1206.3128435393037,2,0
8435,57,3,82.6719922949512,2215.3589942561052,2,1
8436,48,12,113.30301542669717,2432.572626386745,5,1
8437,64,65,115.75586285057302,3061.9518879163356,5,0
8438,48,27,79.68853678610147,3431.152738534245,5,0
8439,64,50,21.98870179544318,4516.29722176078,4,0
8440,57,17,30.60384808488123,7592.149239832704,3,1
8441,65,32,103.39905257694427,2053.510006125319,8,1
8442,68,51,102.97444376533421,6255.84265251268,3,1
8443,60,17,114.60156052683621,5443.483282060289,0,1
8444,51,34,76.37744228668132,1016.7968150059088,7,1
8445,41,35,106.38162944684392,6501.976335747578,7,0
8446,66,24,102.48869256818773,815.8330590759326,2,0
8447,43,54,78.94208062071002,5937.5172141988105,8,1
8448,33,18,98.36375533670537,5754.715287378257,6,0
8449,64,50,32.57105445124714,5546.274706932835,6,0
8450,30,46,83.92027568801203,2285.8695135674475,4,0
8451,32,48,115.3450956337194,4629.599216972006,2,0
8452,44,33,36.195749843940774,6116.464547320397,9,1
8453,21,27,94.40426818000012,5136.976364935283,4,0
8454,33,1,52.07857973433846,6454.0151923031335,2,1
8455,47,59,101.710392371783,5534.270682914925,2,0
8456,61,10,89.72109337056676,2268.1541159286285,0,1
8457,47,25,112.61742576066234,1309.1467041027904,3,0
8458,53,57,91.19354196938953,5092.633992150352,8,0
8459,20,66,61.03105949628616,6102.091208878699,5,0
8460,39,15,21.08925344903258,1224.351323688503,5,0
8461,66,28,99.29168967708281,1481.0816171131307,5,0
8462,39,13,60.846496665540556,195.34784334140937,4,1
8463,67,14,87.06340948348597,4300.81853018319,1,0
8464,67,66,30.506648124841877,4384.099277202742,4,1
8465,66,34,109.0968635897655,4050.5987552094757,9,0
8466,29,25,63.56577974065051,2596.479148612552,2,0
8467,38,54,111.96917338086818,3479.7087524877384,9,1
8468,21,12,90.7017433794491,6153.270486441523,1,0
8469,48,9,32.14622620980532,1536.195361970606,3,1
8470,61,31,77.91966134076992,1692.2283045740614,9,1
8471,48,53,110.99344479417873,5369.128291735062,8,1
8472,40,43,99.99705598834313,6948.516901329185,6,1
8473,37,38,61.798040757624996,2789.108399066794,9,1
8474,32,42,115.5064397253907,7468.680168658204,8,1
8475,40,48,46.857618080152676,555.6409815794545,2,0
8476,45,67,57.51077033183158,1036.302630539424,1,0
8477,33,66,94.97141732867983,3733.6809939958516,8,0
8478,54,16,43.29045572155161,5815.533298265462,5,0
8479,38,16,71.5374469959548,3029.612021411313,9,1
8480,32,31,92.87891901041543,4482.503592324052,3,0
8481,34,58,84.39677661423481,325.7084165765498,3,0
8482,67,28,35.536991412096825,3748.491062202452,9,1
8483,54,4,82.96603161278345,2016.3467223536184,9,1
8484,30,10,77.27105288051072,4179.313840233253,5,1
8485,36,51,75.78448250391125,4254.082321960352,6,0
8486,47,18,102.60471865372462,6049.955531808737,9,0
8487,62,47,38.38960225250139,4364.748860148527,4,1
8488,35,32,95.15659870434474,4952.726464945579,7,1
8489,31,30,96.09260177350818,4284.207995667344,9,1
8490,53,36,92.26454395808683,7923.981731648054,0,0
8491,53,9,70.596831347876,6353.792959193472,0,1
8492,37,36,59.55387477377374,6069.595721217955,3,1
8493,69,29,59.467716007287954,5055.349741850734,7,1
8494,36,16,93.38087139422406,4274.128524713616,7,1
8495,62,21,69.78967025828713,2823.581402890315,5,1
8496,61,64,53.84337242309269,6293.3466160968665,4,0
8497,24,66,82.54696844053215,1597.9124144588382,9,1
8498,61,59,103.70112605030168,388.73630952141104,9,0
8499,21,28,26.150874116828177,5615.5591517719995,1,0
8500,51,55,117.21369577714376,1244.3284045519952,4,0
8501,19,31,29.665193958190432,7240.226053811355,4,1
8502,22,33,71.17381207029183,6188.382957059163,1,0
8503,27,60,76.02095440377961,4857.73058483567,7,1
8504,49,41,33.82107053613482,2580.004764029409,9,0
8505,59,46,111.55937530176794,5139.744636809739,4,1
8506,58,49,67.1467077292494,3867.1678500915455,4,1
8507,30,65,34.312051446039334,2400.072895775348,0,0
8508,56,42,91.16124028477708,7566.123919064646,0,0
8509,22,23,86.34043452426098,1378.9263813952914,0,0
8510,27,27,116.28655697814476,6051.731620424928,7,1
8511,27,32,64.15163246877482,6420.30468634549,9,0
8512,55,3,46.779597316475936,7619.177404608798,1,0
8513,44,60,25.999400629526207,4440.389795437054,7,1
8514,68,17,93.31215250802694,4325.513772013488,5,0
8515,38,32,81.72776892304223,7370.28475119748,4,0
8516,25,7,117.26108349007595,6428.636748795394,5,1
8517,18,71,91.21649798036324,6132.7281884086915,3,1
8518,45,69,113.3161479938216,6334.182728269367,2,0
8519,66,58,119.15787947795805,3996.1306225678663,3,1
8520,56,40,62.84311442326858,427.20708086527,8,1
8521,31,48,35.02950133692771,1666.2925809098851,7,1
8522,38,51,39.58507769032637,5179.637492547865,7,1
8523,47,57,51.837522311231666,3229.7107555912457,0,0
8524,38,71,70.88957670662728,4893.484962336324,4,0
8525,66,37,32.24199993963562,4458.255431655948,5,0
8526,26,55,50.17178718552357,3565.416413899392,8,1
8527,34,41,50.77938473829154,1954.3513696994748,9,1
8528,22,20,20.40856549647128,5779.7831371512175,9,0
8529,48,33,55.41687396663927,7281.456525036027,5,0
8530,69,40,31.61522000846714,6182.713379711238,0,0
8531,57,34,62.97113796623891,1048.3020653649792,0,0
8532,55,62,39.65367374037491,4349.8029341482725,6,0
8533,60,19,102.21142396931961,6699.392840688097,2,0
8534,36,43,28.052535277382354,4768.756078619223,6,1
8535,53,69,106.56604314182002,3572.596371216948,4,0
8536,67,63,78.05266155245982,2347.916163458875,0,0
8537,50,10,65.86406631983576,2710.086929632798,7,1
8538,30,13,74.97423168939102,2013.038957774282,8,1
8539,31,5,57.610912917766925,1646.2389653042972,5,0
8540,50,58,32.761190499194505,4752.0346740887535,1,0
8541,46,59,96.58798157837799,4124.139948547297,8,1
8542,60,59,112.79115900964156,5905.181365242274,1,0
8543,66,15,115.00676231198646,2532.643345129852,5,1
8544,53,1,87.07115062227444,3740.5102365487974,9,1
8545,61,38,61.034742651666726,5474.924730497121,3,0
8546,27,53,67.83599622764964,7709.546902022798,5,0
8547,48,52,85.69656969893157,2856.0761729598944,3,0
8548,23,1,102.30725165083479,2455.8500699456645,2,1
8549,18,11,57.45671375430405,3649.378130302468,7,1
8550,24,58,111.67812247811112,5818.6043113620735,4,1
8551,44,40,52.42721549306129,7696.247353939469,0,0
8552,38,60,73.08597753272042,4338.636954196053,7,1
8553,45,44,116.13618000356136,6518.277899133058,2,0
8554,33,6,113.81989154256102,3768.7584659858476,3,0
8555,63,28,89.57450895277492,414.87131665168516,8,0
8556,40,31,52.45601944750087,7164.269343293827,2,0
8557,69,8,41.903503318400354,2390.0369323183663,4,0
8558,37,5,28.014335533354423,1195.4585662912755,7,1
8559,55,54,90.86544047393853,7969.67580124675,5,1
8560,42,17,70.34506940020357,2844.4520706045487,2,1
8561,45,38,77.22876939442573,1178.6523909678508,7,0
8562,22,9,67.23921739257378,2561.1832096621456,4,1
8563,38,14,68.29464335734428,4159.317251585008,5,1
8564,35,26,77.12736192049653,794.860983373596,2,0
8565,64,62,111.42620061760377,2885.7045914747573,7,1
8566,23,25,22.93662994680477,5383.965739930875,3,0
8567,46,36,100.16367795731624,7335.86283873813,8,0
8568,36,33,59.051626055826574,3239.7577080251267,4,0
8569,50,3,94.49242672829998,4560.05754138482,0,0
8570,18,11,114.85263292443564,5124.891379738858,8,1
8571,62,58,50.62869935263352,658.9524867688486,7,1
8572,20,64,28.955463674379892,2803.5778348808726,4,0
8573,59,18,43.229843631492564,5505.606719783854,2,1
8574,38,47,42.20928311125626,5911.722583272898,8,1
8575,52,44,94.1849417460254,2912.0216703732385,6,1
8576,58,59,26.185818172511738,153.21637776344954,7,1
8577,57,50,25.093357985573377,154.2382419546829,2,1
8578,20,69,89.3608594483836,4351.148140041086,5,0
8579,42,29,75.67196848760237,4456.7385826063955,3,0
8580,62,67,61.77675448432034,4490.1835157840615,2,1
8581,55,2,77.53684069770452,5801.849220060039,3,0
8582,62,25,93.5247905968639,7378.028225983678,1,0
8583,37,19,30.34713727067793,7922.344641101358,4,0
8584,69,40,75.32864159809425,5638.427361536543,7,1
8585,61,2,102.44168329143054,4160.58986922932,4,1
8586,62,65,56.242917057831235,1213.858906730487,1,0
8587,51,62,96.3017987622639,3134.983917258693,6,0
8588,38,54,104.54208391465092,4622.407658871059,7,1
8589,65,45,102.09291918201339,7998.487001272742,3,0
8590,40,49,85.03564019858612,1103.1548242132271,2,1
8591,23,69,91.73445183964586,6365.304122113093,7,1
8592,68,38,98.7675180714781,7991.627566483737,9,0
8593,30,4,93.3709309497632,6461.80113547142,1,1
8594,66,17,65.16801622865788,6160.438860494777,6,0
8595,40,53,35.91209428719556,2143.580982805985,9,0
8596,26,53,50.97305998855272,126.56380657105147,7,0
8597,34,31,40.724656224205816,1885.2979959890326,4,0
8598,19,22,56.144415432500224,6339.420909083773,6,0
8599,36,11,68.93310801824282,947.5214686694023,8,1
8600,36,34,115.9046671734246,2439.3351611119547,7,0
8601,24,15,115.94627949892627,4543.7916407408065,4,1
8602,59,10,96.95885209168566,4680.50137348408,3,1
8603,59,53,118.01402883633405,4389.61065451785,2,0
8604,37,48,119.8015815824459,7848.979613458876,5,0
8605,26,31,108.52567477986433,197.0562056420875,3,1
8606,34,37,27.950358320613805,3952.0282296262667,3,0
8607,44,28,62.60441034642619,4084.9229005899374,6,1
8608,64,31,73.41199810253421,2417.244851655507,9,1
8609,19,70,32.40825856156474,4248.063077704305,4,0
8610,53,14,100.86306272431251,5418.910742324547,0,1
8611,36,16,34.86834149487809,5414.77167043958,4,1
8612,34,25,58.332877539298394,794.0701083593558,5,1
8613,22,39,26.891217992788135,6439.433847250076,0,0
8614,56,66,72.45930879586429,7452.607657677142,2,0
8615,35,38,79.7041446834684,1076.5336779045144,5,1
8616,24,41,93.51768501606796,3391.4582570720313,6,1
8617,34,40,53.9461488682953,4142.826799517717,6,1
8618,56,64,79.0531499603181,1165.091345816913,6,0
8619,53,16,93.41473396604718,4076.7339967305297,8,0
8620,57,59,96.2035148910024,1734.1848093326141,1,0
8621,62,11,50.16418464500371,7489.351563687408,2,1
8622,21,1,26.770393017812502,3642.9157004246867,6,1
8623,55,13,23.761947755155425,7959.719885639043,5,1
8624,42,30,96.80602846925837,467.43807131298354,0,0
8625,22,69,58.54389171812458,1107.887880461102,9,1
8626,47,18,33.39426628033515,3601.365324265062,6,1
8627,29,13,38.448893552127224,7007.438350962267,1,1
8628,21,32,96.61504748031234,4486.283743853294,3,0
8629,41,71,79.8902000690765,5885.51144312715,6,0
8630,46,50,70.14031661635708,3446.1489422714253,3,1
8631,26,71,82.30075856245327,420.0450831991571,5,1
8632,21,31,33.74995541574241,5217.719211627006,8,0
8633,68,51,51.9042242910157,5108.611511340613,4,0
8634,41,27,57.40635173850721,664.281454034385,2,0
8635,31,60,51.44977693797888,1449.963606982459,5,0
8636,22,33,106.44163121349362,3861.630811213771,3,0
8637,35,53,78.14211446526173,3628.436943177413,8,1
8638,59,33,92.93214074838936,6044.098252996144,1,0
8639,36,41,43.67060898756965,3160.563781681299,9,0
8640,29,19,46.40740372957504,5340.071886722751,4,1
8641,35,41,42.53359830781463,5664.945966377283,8,0
8642,34,42,88.79795776455575,5195.530490254316,9,1
8643,47,23,54.90409956905184,4809.392018045184,6,1
8644,41,33,60.50841324041631,6464.899497149616,4,0
8645,28,20,90.91216078388611,5291.1450905213105,7,1
8646,52,25,117.17987018832055,6690.056336657361,1,0
8647,40,52,36.1875313733318,5129.8156615889275,3,0
8648,34,12,26.26762682348034,1355.8868333068858,5,1
8649,18,32,39.48459319674609,2544.618710483661,6,0
8650,32,33,93.49606849632782,2709.807126626529,7,1
8651,49,68,39.46272910490163,841.9322188215231,3,1
8652,26,15,78.43524026248863,5569.222594205524,8,1
8653,32,51,79.0316536498982,4801.378055986301,6,0
8654,45,6,49.44231002970811,4759.063882064136,1,1
8655,41,69,26.87262798766287,3880.2866800132083,8,0
8656,52,69,59.920051745160464,4390.684551982005,6,0
8657,39,35,38.67854222565356,163.8896032659059,4,0
8658,44,34,38.44732102665241,860.3597486031452,2,0
8659,36,63,72.2588871028741,5498.488466675911,8,0
8660,62,68,87.31211380977535,2165.5877705656612,6,0
8661,29,18,27.541505226652802,952.5011452594831,2,0
8662,37,26,77.83213986425008,2696.376555485517,4,1
8663,18,61,44.620164344846074,2110.41214468417,2,0
8664,38,48,87.32980610196827,332.04246263596343,2,1
8665,66,31,101.02158362023667,3343.4066461265793,6,1
8666,62,34,100.70136356658838,313.53064973425376,8,1
8667,18,7,56.98613582407343,103.0877611911662,4,0
8668,27,7,76.72696738775443,6360.54263016483,3,1
8669,64,47,99.36951838373803,2588.275875348253,3,0
8670,49,8,26.08102614804772,4583.932440601967,2,0
8671,56,1,80.56243361723621,2452.23107900227,7,1
8672,39,3,103.65219838244457,7447.187207644197,9,1
8673,35,53,57.235699790152644,5860.531728853828,0,0
8674,65,38,65.54081139812868,3016.4450347531556,2,1
8675,63,51,89.87280685593498,1763.9526447183937,1,0
8676,49,15,26.78847118656988,1188.6704225434942,6,0
8677,44,67,58.56359604206256,6123.107603428505,5,0
8678,45,64,49.5710770223849,3678.9903831744446,0,0
8679,35,68,21.69942495871308,1932.5106932453214,2,0
8680,56,5,39.59726612332601,7365.045962657222,3,1
8681,66,10,59.58835655888493,3181.7615326029972,9,1
8682,46,8,39.742870840057094,4393.592449991803,6,1
8683,35,12,80.23983181945565,6876.613555765218,2,1
8684,61,64,64.86526073363089,6683.6630011561365,3,1
8685,25,59,23.94812947733848,5139.833690630861,6,0
8686,48,67,47.504026431251695,7120.127886261582,3,0
8687,51,50,21.9476770379214,7621.575475398173,8,1
8688,24,23,55.8135179894476,7487.401663473427,5,0
8689,53,40,45.911001774583355,2857.15795158282,1,0
8690,35,18,88.81867821684617,3237.6516600099435,0,0
8691,55,21,50.740692559653226,1999.9805333524027,7,1
8692,26,1,57.5158664584364,6710.955764393877,2,1
8693,26,38,92.53339318632086,1062.4143866929292,6,1
8694,63,41,68.09176759086529,2905.1586243347024,3,1
8695,25,42,75.64543785958399,176.89225399256844,2,1
8696,68,9,104.13466637474485,4797.705324628878,8,1
8697,52,23,40.688830545736835,5301.236024898795,5,0
8698,35,11,118.91855285275903,2067.001256837488,5,0
8699,22,71,110.0105091840394,5920.172153161981,5,0
8700,31,31,48.6552828601061,3114.140624568372,2,1
8701,45,26,109.293841762056,2562.517519765433,5,1
8702,47,30,95.39561582968135,7653.706843892531,3,1
8703,21,34,113.07564719621517,4750.670469045263,1,1
8704,56,46,89.11351881257458,2093.3232273294957,2,1
8705,37,69,87.44773829841586,7867.612999628379,3,0
8706,42,5,20.34644090975313,3161.642142861179,0,0
8707,45,61,67.46115286750565,5217.855295631431,6,1
8708,29,38,40.0268606178423,5818.445925926096,4,1
8709,19,28,52.408145916900736,3436.1369803947205,8,1
8710,60,26,117.88156339963415,4333.742602960992,5,1
8711,31,61,28.550195782617664,1994.2772362688293,7,0
8712,39,23,92.24864704537926,3779.991870556547,8,1
8713,48,46,37.29448418708732,2555.320695305824,5,0
8714,40,30,20.74013394961483,4424.917670927953,6,1
8715,65,67,70.14187088479004,5392.133681481438,5,0
8716,37,33,36.12152987596931,4950.641086796631,5,0
8717,55,3,116.5466255981577,6236.062408810186,1,1
8718,21,69,40.36967371092962,428.0872305329366,4,0
8719,32,42,39.20352740348679,720.9144123555333,5,0
8720,41,62,23.216692466083813,1721.9814397269113,9,1
8721,42,58,52.98196386789113,7887.8400150695215,4,0
8722,18,57,22.411167492899914,6422.117616685334,3,0
8723,24,1,69.8886635243127,7400.556036258185,5,0
8724,48,60,70.56106428274087,2249.513777156454,5,0
8725,29,69,25.324328706398596,4633.466317144453,7,1
8726,59,59,44.006227698741625,4483.589890423564,7,0
8727,22,46,103.21064851443516,4599.199714134565,9,0
8728,61,34,66.25447729253665,5768.778832869709,0,0
8729,67,25,63.46100415857717,3212.4422477783096,1,0
8730,59,42,89.87769473617982,5449.961845525734,0,1
8731,55,29,91.48819434892722,6328.652648608781,9,1
8732,29,25,96.19626007956865,2383.6785643863573,6,0
8733,56,54,103.04823250861944,7571.371272534409,7,1
8734,35,67,43.22506464023695,4192.5793161503725,2,0
8735,19,15,26.638060727935102,5888.82535981786,2,0
8736,27,4,58.02648786133209,5858.506711469987,6,0
8737,32,38,105.50979106231523,4565.422220793218,7,1
8738,47,20,27.802866428556797,2649.20118773804,5,1
8739,61,23,77.59537988029501,5368.821749477144,7,0
8740,34,37,90.10829491413934,789.5504992711724,1,0
8741,21,62,68.14072132822972,7853.339562937402,6,1
8742,24,8,45.51754436066081,1553.5783641599053,4,1
8743,58,37,52.6309481823363,2275.8668694206735,5,0
8744,48,45,27.165209798358607,7640.069178822465,6,1
8745,68,33,49.25835473386801,1573.6768815865612,8,0
8746,56,7,24.43780075612743,1443.7323169546257,6,0
8747,51,22,92.63249981339686,6455.834240911062,0,1
8748,23,5,109.79952785116863,2085.1765546937536,4,1
8749,67,15,83.3513128453593,848.3400453076549,3,0
8750,55,21,85.67032229331868,1890.4799197116572,7,1
8751,62,17,67.21423371403863,7118.1513271342665,6,1
8752,68,56,35.6036449205108,2314.5215650870346,3,0
8753,51,50,20.772514125336965,5590.9780796945415,2,0
8754,61,7,54.39759976105711,3221.599912887855,5,0
8755,32,50,95.14885573709562,2170.7382601038325,7,1
8756,31,60,116.04315793155816,1237.9745165061452,2,0
8757,23,7,63.1084925741899,7780.314655580576,4,1
8758,67,40,56.5391012333533,4216.81279971524,9,0
8759,54,45,64.59585063313813,1006.5644462022914,0,1
8760,67,59,62.777489580419314,1670.6304110323654,9,1
8761,49,55,82.5879832998645,3317.646913964307,9,1
8762,20,64,93.41473970980933,4398.947160258713,7,1
8763,20,65,98.49580232545802,1536.1947060935042,6,0
8764,39,54,84.96048094347479,2294.0540264414767,7,1
8765,39,40,63.77239587873579,6291.279968420874,1,0
8766,27,53,115.01037555515384,3398.1046391079644,6,1
8767,68,44,91.10196963712663,111.07870583900613,3,1
8768,20,63,62.665804084617754,526.1282784110089,1,0
8769,29,2,64.65817770955044,3570.694725557189,8,0
8770,46,21,101.79808499290154,574.9301269202216,4,1
8771,65,50,64.05408877224377,1473.8448533130204,6,1
8772,34,52,71.62736227790911,5850.223897046211,3,1
8773,24,9,49.155229191962405,3895.0322153004095,9,1
8774,30,20,103.89148338852985,3911.4492719844566,3,1
8775,19,18,72.228548030332,4825.922925468142,2,1
8776,21,30,75.25359383894278,6329.29747839315,0,1
8777,27,65,108.06754027133988,1352.8290135428306,1,0
8778,56,24,112.05172678472096,1467.0759895577535,8,0
8779,41,47,102.419379666652,1059.0904167829353,0,1
8780,34,44,26.537041297730838,7500.951290234265,4,1
8781,69,29,64.35091017801145,4660.5927667294945,1,1
8782,23,68,54.33309391524254,831.8593413376568,3,0
8783,36,17,41.35147813291187,1843.0999311228622,6,1
8784,22,5,110.89538758457859,5832.16139431148,4,1
8785,49,50,109.00689583145038,329.0342626586024,0,1
8786,27,40,66.52978832832505,5832.678908097089,2,0
8787,26,46,33.45608506728635,7300.568903722543,9,0
8788,44,51,21.336562033178744,545.4159495939589,8,0
8789,30,11,63.84670805648187,1572.7215214926134,0,0
8790,36,12,23.99551485735431,118.7909527472079,9,1
8791,38,13,80.95559419197602,961.3410652645856,3,0
8792,41,64,80.8408870880069,4974.233013310717,4,0
8793,55,8,109.89394479174483,454.06059107917145,9,1
8794,21,65,39.00491282893566,3464.0970963419704,2,0
8795,41,9,57.139424241354405,4076.873955746194,2,0
8796,52,2,105.95453887842788,7262.369876353089,0,0
8797,20,13,67.4296502490115,3846.893808559173,5,1
8798,21,2,25.972328897194423,1226.1096012442267,3,1
8799,54,68,31.078391159552858,2385.408495584864,7,1
8800,57,48,101.34545715784512,5410.343388700157,5,1
8801,65,3,94.3697430028513,985.7149007598379,2,0
8802,52,68,107.58815171667919,1930.7678645830629,6,0
8803,48,6,31.886116590914376,7966.639256460324,2,1
8804,61,5,96.04167437965275,143.72311021285105,8,1
8805,42,3,85.51043649581891,1302.2481742529142,7,1
8806,57,10,43.22932411410428,6765.118145956057,2,0
8807,30,43,117.3904385555611,900.9179834614978,1,0
8808,21,19,77.03548191512311,365.7639441180526,2,1
8809,63,14,110.68779753971353,1058.3672004367518,3,0
8810,31,21,105.90931342069864,5579.417790712797,2,0
8811,30,43,53.31254605226116,7945.573201399986,8,0
8812,44,28,73.59568619868132,4766.020969777635,9,1
8813,23,21,63.136829940467166,1082.0985255659962,1,0
8814,34,36,90.90775702600757,1551.852290593743,7,1
8815,53,24,78.80420045434278,4347.687867573572,6,1
8816,57,54,98.48535330372412,5753.699678766372,0,1
8817,66,38,21.175225959798453,5337.006243915306,5,0
8818,52,17,88.77932614145584,4640.339336763045,5,1
8819,34,22,51.906515521965495,7891.531229027528,8,1
8820,58,45,42.4222139889418,1664.468206473246,9,1
8821,19,61,100.12413663586723,1465.9415294488347,7,1
8822,30,11,28.922121118818538,6886.583562305314,6,1
8823,69,61,42.84600450991412,2397.4916620113268,6,1
8824,19,38,40.373434109977815,2726.9583795937865,4,0
8825,69,66,61.98254450597019,4434.478305955224,1,0
8826,45,33,52.2336784557261,3112.0709143611775,9,1
8827,60,43,92.04683171096701,2372.35941153497,4,0
8828,43,31,89.93698806014766,7345.6845638542145,0,0
8829,39,35,52.5470891106039,1121.2662824524984,9,0
8830,64,37,63.698077614579525,3293.889288899299,5,0
8831,60,47,40.7908184179773,123.43976381287864,1,0
8832,20,23,87.08349004962706,6478.883913729112,0,0
8833,52,36,59.62227401325755,1430.5088841579982,0,0
8834,29,40,33.28261044422153,6206.620974845488,0,0
8835,41,15,32.72654919115113,1273.9646043773375,3,0
8836,22,37,52.23206784211755,3392.236895389067,4,1
8837,37,4,94.73250286361957,5852.661014173034,4,1
8838,56,22,22.550433613150037,2239.389545081044,0,0
8839,56,22,45.77746931828821,2579.9452923141985,5,0
8840,30,17,36.248615888875726,5371.847708735877,2,1
8841,58,38,115.64778213056148,1582.837770694879,3,1
8842,62,24,90.52816039710264,7619.096622817695,4,1
8843,29,6,43.32326841189462,1591.422705106788,3,0
8844,30,68,40.74605854361946,6024.964137088008,3,0
8845,27,6,105.80305453872766,6440.531067261924,9,1
8846,50,26,39.02266964164131,3057.526472898754,0,0
8847,57,41,119.7059200197227,1334.2892113012874,1,0
8848,33,38,48.230312001139964,1410.6377754539583,1,0
8849,62,43,28.433271486953497,7885.057875671288,1,1
8850,52,53,89.09418940168581,5830.738498685344,9,1
8851,20,15,80.96427925841738,3655.374749862553,0,1
8852,22,56,119.98221653614567,2133.0633344052135,9,1
8853,43,56,100.20857443719751,249.3899696831164,7,1
8854,28,31,62.88365331332391,5396.664468669448,0,0
8855,24,57,87.66114481630837,7659.639138777544,7,1
8856,27,51,101.7849453603352,944.0613410952217,0,0
8857,59,24,71.37265254432951,6060.480852749669,9,1
8858,69,58,47.28714507352116,1310.5714093534068,2,0
8859,51,4,41.010564228636966,6357.630943010924,8,0
8860,20,10,49.52814366136144,3027.5254762808668,7,0
8861,25,63,104.80687816698051,5725.286463497238,1,1
8862,48,15,58.04323724887353,7417.630994284821,3,0
8863,28,63,48.666415856631744,4999.099639884807,7,1
8864,62,19,100.5887227795081,7373.522291857352,8,1
8865,24,63,23.19203417745435,1956.6925700119336,6,1
8866,62,56,79.39582709303421,7827.257094514292,0,0
8867,19,21,107.36318031862716,6995.49976859427,7,1
8868,23,34,61.00837490556074,949.8293397135317,0,0
8869,58,17,46.93181613592844,3366.9639807640774,8,1
8870,49,18,69.17090694359564,7423.533239968229,7,0
8871,37,66,91.74771676920794,717.1113821172862,3,0
8872,51,51,71.66055630351994,3684.7258234649066,9,1
8873,67,65,20.76389946257731,5816.390719651007,3,0
8874,33,43,27.832455610801592,364.23374846589047,3,1
8875,42,57,92.13284230897014,6047.364141391736,5,1
8876,29,10,59.995133487549865,2953.5003644817193,1,0
8877,24,37,98.47758312702351,2070.0373508672333,3,1
8878,56,48,84.94899141059089,4650.180782664296,3,1
8879,34,69,78.15158343218788,4400.216611448528,7,0
8880,62,56,110.13751683784112,7004.12036097932,1,1
8881,28,36,22.13220734807127,5440.42319234232,7,0
8882,23,31,35.50343613978017,3432.7283011642726,9,1
8883,40,55,82.43759554919758,5236.093454579516,1,0
8884,44,38,26.582804655009543,6026.169477844302,8,1
8885,63,15,84.49704850606913,7504.895782909316,8,1
8886,23,16,118.41210770252677,5663.666563324312,5,1
8887,55,53,107.88080989945338,4396.5916089234815,9,1
8888,19,56,79.09169240254285,3046.5426552228587,4,0
8889,39,7,109.39766743059621,7142.720695032884,6,1
8890,37,57,31.62681512662652,6360.90511367901,7,1
8891,42,55,65.46941649255642,709.7320110438244,7,1
8892,32,52,62.867611581207576,5626.375518726522,2,1
8893,66,4,53.6447586992991,4356.121676958988,2,0
8894,46,43,20.02013981343104,918.787020584446,4,0
8895,25,40,109.10290186112522,4563.1909840185435,4,1
8896,54,30,97.7706610152795,1620.796871856066,1,0
8897,66,10,85.28575155997888,5694.344588123327,4,1
8898,69,7,32.896684385163404,2299.844319121344,0,0
8899,50,36,57.82051336915041,1287.7170759663543,6,1
8900,39,35,112.43269973678312,747.5860597312283,6,1
8901,67,39,81.69296050695466,3977.315755754771,0,0
8902,64,36,80.34105365260251,1677.1147153427298,2,0
8903,22,20,111.31265747570346,6855.509909832049,7,0
8904,56,49,75.98337248996377,123.70872897306187,8,1
8905,35,59,79.76232485569793,6764.746437873685,2,1
8906,55,49,54.571569447621734,4216.630006128159,5,1
8907,54,26,57.14409292323716,7384.949800428363,5,0
8908,47,36,88.56068624141525,1716.4289326709356,5,1
8909,68,43,52.0435216631312,907.9630102373121,4,0
8910,48,43,75.910792058785,5037.16985289919,5,0
8911,27,33,47.91966911565796,5683.146615950841,5,1
8912,32,45,36.61252379544453,3043.4219708690775,9,0
8913,59,45,65.44024589387014,208.07337139157278,5,1
8914,65,15,41.74460124141072,3315.003421409742,7,1
8915,61,17,109.84943050815409,1946.916702060788,5,0
8916,35,12,50.36129658270329,2845.010166890801,2,1
8917,40,22,79.74020955393212,4103.360222914528,6,1
8918,50,23,46.34418405452039,5648.500451411823,5,0
8919,33,12,45.80192627247665,7709.479761994183,8,0
8920,55,68,55.06360814784079,1237.5987706657031,3,0
8921,52,51,111.5874567320949,5471.205469544725,0,0
8922,51,13,59.149773828526655,1942.370469327277,5,1
8923,45,57,102.12664694241444,1843.5671596749578,8,0
8924,19,55,39.72980745384329,5105.07722999791,7,0
8925,47,28,24.81695431364311,6230.396218773005,1,0
8926,30,44,98.16779213014415,7824.5176350337,2,1
8927,58,19,74.18748974571014,6173.76340095685,7,1
8928,33,46,70.37258130269214,1342.7882490168029,8,1
8929,22,3,47.22058492494136,1880.680984982977,7,1
8930,45,20,27.231701485935183,6114.97858987915,9,1
8931,56,25,68.28600363328461,4263.2044400385175,0,1
8932,62,56,106.72263587993717,2433.7233058516144,2,0
8933,37,61,32.00220137034859,3827.0876459786523,7,0
8934,41,55,112.91708793471723,7327.615370491674,0,1
8935,44,35,47.47290802416147,6069.235004613936,6,0
8936,47,59,73.21862928286623,3660.512170691672,3,0
8937,62,39,26.650839546658183,7846.376004701085,6,0
8938,44,57,62.50465938026458,6379.509549491291,3,0
8939,43,67,32.58978864071635,146.38019730986937,7,0
8940,24,34,24.79737860772075,987.7013014935311,5,0
8941,59,41,116.65576934276497,4476.353431575789,9,1
8942,64,22,93.00945354641325,2864.637972353036,9,1
8943,55,27,91.90577210136607,6519.214234305694,7,1
8944,22,21,29.05496894837521,7175.927360479333,0,1
8945,40,41,112.93505244877419,2001.14153073445,8,1
8946,45,31,66.94685150098856,6129.957968873423,8,1
8947,51,27,105.2284068057431,4329.639107948573,5,1
8948,32,37,21.260110111377077,3196.539620073243,8,1
8949,49,66,49.820648133750694,6315.562409913322,5,0
8950,43,54,119.60471221264656,4562.897901800017,5,0
8951,65,9,62.783804269539914,5118.74399483571,3,1
8952,48,42,108.84935388643547,591.807042919922,2,0
8953,36,36,52.79983483710397,4728.449461936147,2,0
8954,26,10,72.53291322682063,2475.61904603179,1,1
8955,46,59,105.42190659259606,3997.0243806195544,3,1
8956,68,40,80.58205602039354,1853.88730059982,8,0
8957,56,54,92.51923426447117,4954.3576648444305,6,1
8958,21,39,42.88332042195641,1265.0038165993021,2,0
8959,20,7,35.58904374551394,1070.9409436404355,7,1
8960,46,4,43.0306443409656,1588.4500339388853,8,1
8961,69,15,69.30486462870569,6557.969882496453,0,1
8962,28,48,100.09647647678183,364.91811801909245,0,0
8963,50,6,55.39938504762663,5863.660129392448,8,1
8964,55,35,76.48157819919712,546.4099361820754,8,0
8965,28,71,100.48124609782379,4775.672185359234,6,1
8966,44,68,43.87764660926419,6211.11192902319,2,0
8967,50,58,108.29757349198094,1925.4761414331506,3,0
8968,38,19,115.30823122223833,1647.980885820343,6,1
8969,56,62,23.897013579932164,2384.507203713429,8,0
8970,48,71,25.91111100847872,5626.944872706041,7,0
8971,55,10,29.09597187462169,2113.1300341840547,7,1
8972,63,25,97.67684085096447,4063.9829619058423,0,0
8973,19,44,38.93369451789777,1162.2821915129593,5,0
8974,44,58,92.5695986465907,3743.445271222906,5,1
8975,53,25,64.12760698718864,5035.354947081626,4,0
8976,28,40,103.62550093714026,667.3695205509856,0,1
8977,64,70,100.85554128042612,6541.844015077233,2,0
8978,35,10,115.9662561382447,7505.743758494829,3,1
8979,18,66,45.103785047641104,1629.02729669227,9,0
8980,52,25,42.92391627720322,6099.518690839167,6,1
8981,52,71,23.15079752885993,2576.3866327908977,4,0
8982,48,11,61.04160954265289,5446.124503766282,1,0
8983,45,36,65.9063168755417,2522.751501575602,2,1
8984,56,49,116.45138334294381,6912.510749907799,0,1
8985,18,48,103.07852941719732,2842.153874362798,5,0
8986,42,7,36.67917180499236,6805.762514864194,7,1
8987,60,51,99.84893626082008,6152.526318293782,3,0
8988,55,17,37.82992808357559,1650.9589087811137,1,0
8989,37,32,27.776506985777708,1339.929339566964,3,0
8990,20,26,103.70827514567365,6259.281489415168,9,0
8991,68,22,117.59595818569281,3183.395707404442,3,0
8992,19,13,28.81185445278041,7600.206037166111,4,0
8993,35,12,101.3924876218482,7549.2912910921705,2,0
8994,61,71,105.92126486431675,5578.496981827072,8,1
8995,27,1,31.87555842664422,4054.584683412373,6,1
8996,22,33,48.3253471771946,1640.2417319290435,8,1
8997,26,14,93.36606390130649,7070.902617377282,6,0
8998,19,64,100.77302795825284,747.7838392869816,9,1
8999,51,43,55.397412204966514,3025.7750866670267,3,1
9000,55,58,35.99293996795209,2621.834132599972,4,0
9001,48,41,84.8344476009238,7671.587750982643,6,0
9002,27,68,90.19686032434781,1033.1158192889031,5,1
9003,67,39,70.3607853895028,7132.184973346501,8,1
9004,29,1,34.49410676400156,3705.833593328628,2,1
9005,53,41,104.4486744322612,475.2413780814211,7,0
9006,38,45,84.52659590665166,5858.0441845755095,9,1
9007,66,13,106.91642488308352,896.9461720033468,3,0
9008,64,71,113.29690744900826,1972.332218490454,8,0
9009,23,9,100.56978554380689,6417.857796173045,0,0
9010,65,63,115.86574145163348,1322.3828709048878,4,1
9011,66,23,115.42577457458637,2671.2133415947515,3,1
9012,20,54,81.9344555390336,2951.88648972144,4,0
9013,27,47,92.81741018955056,4751.5402936418495,5,1
9014,22,39,89.94085353068685,6340.473044554703,0,0
9015,63,26,82.11361950221567,1923.408961721134,7,0
9016,43,1,21.935517583085222,1725.6850631233658,2,0
9017,38,14,55.59066820856361,1853.0304896298762,6,1
9018,62,65,30.007831371148036,3114.733806323269,6,0
9019,43,69,50.025911013217765,4327.314984357418,8,1
9020,55,67,26.856480692609747,206.2151402462426,6,0
9021,61,49,112.00314966513318,6264.350924521774,7,1
9022,43,50,65.13299156559526,7421.057858590979,3,0
9023,25,58,38.93644476753854,6763.804505894924,9,1
9024,22,53,78.4779231063952,393.7576426927556,3,0
9025,32,57,39.64509333726201,4243.587048792574,9,1
9026,33,18,100.44403217904262,6530.814179290314,7,0
9027,18,16,50.591910974025105,2818.504301770911,3,0
9028,33,2,51.490063286493076,7186.5952855407495,3,1
9029,54,13,106.99509439164191,7106.34945992193,9,1
9030,20,45,75.92028846502348,1219.4657141916553,2,0
9031,69,43,108.730210575551,3999.6830840246616,2,1
9032,64,54,61.28880298653581,302.7731136562642,3,0
9033,48,31,54.392769655207786,2326.6909014503626,1,0
9034,30,9,70.62029972661082,6513.795420355959,2,1
9035,33,48,26.149167120290954,7803.610784870564,1,0
9036,60,18,35.42007712093212,7315.253725620828,5,0
9037,38,11,41.95216357263173,436.38492142947257,2,1
9038,19,62,101.66772826864619,7421.171148435361,1,1
9039,44,19,93.37987569107608,6598.92059707187,8,1
9040,55,24,39.33072787839436,6954.8498823308055,7,0
9041,43,13,47.674756437352585,7327.131524756927,4,1
9042,55,46,114.42618634671275,3956.621348623547,8,0
9043,63,53,28.580296222602414,1768.6245207074392,4,0
9044,42,29,74.74550981480601,266.09028629604353,4,0
9045,28,36,72.2006992014499,286.0313386378355,3,0
9046,25,71,92.57078171576892,5175.840240310178,2,0
9047,25,17,46.143537635350256,2764.5127055006483,9,1
9048,50,48,113.4772650797905,4017.5835534045173,8,1
9049,24,24,61.058288162869495,1137.5478989009355,3,0
9050,55,54,48.57196072342049,7806.5555928596405,6,0
9051,38,1,53.68694168458648,1126.549696758873,4,1
9052,25,67,54.87223488002855,3613.9701145309173,6,1
9053,68,6,39.89284136652799,3602.4929115336586,7,0
9054,38,55,112.80539198077606,168.244594869584,7,1
9055,37,38,37.487518460933416,5375.603994022904,9,1
9056,25,33,108.28326343393692,4351.863524126147,5,1
9057,63,8,60.49292199404274,4030.2198909710432,4,0
9058,48,20,46.92764835107516,6562.870223041164,1,0
9059,67,55,39.85089528386613,2004.9837753118918,7,1
9060,46,48,70.43423299082701,6902.664797299538,4,1
9061,65,56,86.92585429895664,6931.751437830742,7,1
9062,26,10,109.82210304604813,6632.212295741149,5,1
9063,32,52,85.24465837101344,2797.0424228106704,7,1
9064,47,50,68.36624902727701,1384.2037747806532,0,0
9065,43,34,23.347606457822614,3853.899164101088,8,0
9066,27,36,111.54269056756196,2152.7443607783043,8,1
9067,46,61,110.23692429824396,512.2342075519324,2,0
9068,33,16,57.87169673208249,2307.8130951114995,4,1
9069,53,18,22.90346626756125,3806.1136622505715,6,1
9070,37,71,93.33695515076037,990.6107934443277,7,1
9071,62,47,99.16808768571322,7560.236497629664,6,1
9072,54,32,74.2465829555347,5283.199331410427,2,1
9073,39,43,60.28749852628207,1177.091776348729,6,1
9074,24,40,105.1132837802999,6515.307186238234,0,1
9075,40,65,39.25164166867568,7431.897536931588,4,0
9076,58,35,63.95581892158208,2175.9941621921103,8,1
9077,57,69,22.448611071869067,1231.696783807821,1,0
9078,46,50,36.40105279774862,2647.5564740362374,2,0
9079,33,12,114.08312346780107,6674.765517065356,8,1
9080,55,58,77.80832503647575,1483.2417535118204,2,0
9081,45,63,100.55923295278184,6256.83803581507,7,1
9082,65,49,68.65004141027136,5758.479768166372,5,1
9083,55,36,103.48270980085401,5245.7969896925015,6,0
9084,48,54,73.89505108413188,3523.208244854128,4,0
9085,31,47,20.453771341098562,2997.4852349175035,9,1
9086,50,32,109.96990070308281,773.5380058337121,6,1
9087,26,53,34.856611983591264,2923.1107035664195,9,0
9088,44,32,65.05547613077708,4854.550268894413,9,1
9089,41,62,67.66743288487247,7195.852807554752,2,0
9090,30,37,24.723627368971385,6681.683851462679,4,0
9091,43,38,25.30703854392449,354.5042688964001,5,0
9092,46,30,96.25518094447068,1197.0168717600272,8,1
9093,68,58,50.04507900506949,6803.055027027866,3,0
9094,66,32,60.96281662398841,7520.615083888861,7,1
9095,60,66,76.41125154652397,540.8898721286012,7,1
9096,45,51,57.33861045473418,5639.891306392424,9,1
9097,45,11,97.5037426543194,2989.2916042673914,5,0
9098,25,59,108.44646536191675,2977.8929550538255,7,0
9099,40,20,25.971788411985823,5177.0866209532,4,0
9100,46,37,83.54033839046087,6500.707094542008,0,0
9101,22,49,51.76600074571484,2271.2166519548728,3,0
9102,59,19,78.32752784167924,5672.299318130967,5,1
9103,24,55,68.39073181322985,5123.422839317379,8,0
9104,59,40,53.36785210122822,4186.833226673483,3,1
9105,53,7,29.481564633064245,4859.16341564182,5,1
9106,58,5,75.94399115028976,242.6217249734014,9,1
9107,44,42,31.279256642678035,132.12084658654624,4,0
9108,63,48,35.61200881766951,4448.46467686958,8,0
9109,19,7,118.217525493091,4240.45687165728,9,1
9110,42,11,51.67051903470788,663.5481220861075,5,0
9111,26,49,78.4436189621471,3987.00798032221,2,0
9112,44,30,47.223194201906395,6084.477322714113,1,0
9113,18,41,106.55094386061468,4375.499307719339,2,1
9114,40,3,48.33401908733505,4189.152896987738,5,1
9115,27,40,56.68851516374889,5771.476786013592,9,1
9116,59,51,80.83875778100331,1457.5692349295775,7,1
9117,69,32,106.99867076445865,3714.0962039752535,7,0
9118,42,48,101.62141545310133,1269.5782275373042,4,1
9119,20,71,46.38598855569633,4238.338345650146,0,0
9120,23,71,102.95549574955342,4776.337316502317,0,0
9121,23,20,90.11953153909631,1061.2190827802726,6,1
9122,19,35,118.9828490411016,696.5700646863094,1,1
9123,35,24,113.54476679862513,1417.1955278153173,3,1
9124,40,40,73.31367220453774,4732.067224185509,9,1
9125,19,52,94.99286191925412,1597.9913734635409,4,1
9126,29,39,77.01797019872284,2274.422148744798,7,0
9127,39,68,79.49954421149724,5650.112974870385,9,1
9128,54,61,30.150082997777876,2061.924133538072,8,1
9129,37,65,20.224570847765527,3240.463216698996,0,1
9130,56,62,24.818637447488726,7437.878341631871,8,0
9131,41,2,116.66306678944242,6617.473229752787,4,1
9132,65,6,32.62682279229892,2118.230776249476,3,0
9133,37,43,24.438970417518608,4820.848831074337,9,1
9134,18,40,50.9644209707165,5359.8549393115745,4,1
9135,18,39,78.81799399545282,7211.907926875911,8,1
9136,34,28,114.84606443029328,4424.991802503034,7,1
9137,18,63,89.98875785514869,4534.1663329039175,9,1
9138,69,64,47.63529689001668,7118.732986471854,4,0
9139,62,12,113.90580182371482,529.6158659329686,9,1
9140,47,41,23.604107526520085,5062.316447829022,4,1
9141,58,29,117.90540072667928,3391.5287311745587,0,1
9142,64,23,25.8640700826449,7287.130741469083,8,0
9143,20,51,95.3849973057166,7688.268145496066,2,0
9144,63,45,24.529753917345293,1444.9533873855316,0,0
9145,28,22,113.15614423685071,2323.600917882517,4,1
9146,41,10,30.866589673113914,2260.3174318255255,9,1
9147,39,7,25.04790130271351,894.9582553675962,2,0
9148,61,15,108.92651548249475,3915.256853223261,5,1
9149,62,46,29.5793883917625,4153.343144763252,6,0
9150,43,61,99.79312907800835,4626.5282513104785,3,1
9151,30,61,94.70346404560078,5337.371094925416,3,0
9152,18,51,79.88780384883663,597.0478744714662,1,0
9153,41,38,57.796272021930655,5017.620011759913,1,0
9154,27,12,111.5580549632989,7319.093376575016,6,0
9155,52,66,107.10812558681245,3694.428733963604,4,0
9156,41,54,62.62471109564929,943.0283022106511,4,0
9157,45,39,43.17249563146482,778.9578111545939,1,0
9158,53,39,47.25716694184145,2325.8428769961447,6,0
9159,33,30,42.03235773625539,6044.944547748993,1,1
9160,57,48,74.12519627605441,2161.897277008966,4,0
9161,33,31,106.85388285702976,6533.214207179253,4,0
9162,34,25,97.36119671981704,6575.3072610311165,2,0
9163,68,68,99.5510459945439,3711.1835204505155,1,0
9164,32,51,64.82884916996454,2476.231858941398,2,1
9165,33,13,52.244483179838014,4821.570506401383,4,0
9166,32,63,95.73557707050526,6503.188176758802,5,1
9167,51,42,99.32982758544875,610.1093042066657,3,1
9168,28,54,89.53537064807057,7632.045992280159,6,1
9169,18,67,23.210712254226845,5202.6121720386855,1,0
9170,32,56,78.96846880684838,3245.3672748145887,5,0
9171,43,19,54.70458292478846,4097.551960739184,8,0
9172,68,46,39.61927490265675,3146.1807245371756,9,1
9173,21,15,89.43952633422987,3359.627130122577,4,0
9174,60,32,46.85261356860779,4805.371225652753,3,1
9175,22,49,111.28411589558557,575.8999251716459,8,1
9176,52,21,49.807907376319484,1485.4792873812012,5,0
9177,30,65,75.51805996436435,1893.612601447853,3,0
9178,27,70,102.77621636516336,3319.3627667989103,0,1
9179,28,27,60.211833802738326,3031.3544836607525,8,0
9180,35,23,102.8657959241027,5805.416021380857,9,0
9181,51,47,92.36963974686624,2147.5170127878514,2,1
9182,56,12,112.08659530831547,550.8698554957222,5,1
9183,58,66,52.58345625897654,537.9937446026252,0,0
9184,59,5,30.502806478013227,189.37337760917202,5,0
9185,67,9,63.03494979304274,400.4054516607673,2,1
9186,40,20,98.58134691891381,6883.4193305072595,2,1
9187,24,63,65.04351133900552,5608.2190504599985,6,0
9188,56,71,46.19879301930707,7967.856210594533,8,1
9189,20,30,22.76031775730148,260.4705521614821,5,1
9190,29,16,51.30238029558273,6807.112253495023,0,1
9191,24,5,91.3381111163138,5598.845001203324,8,1
9192,66,29,34.761375622673654,5158.705208664294,4,1
9193,43,47,54.087938030723805,2916.603792391553,1,1
9194,50,22,22.023146170511225,3076.146576840831,2,0
9195,54,57,92.17550032259912,6779.933405031403,4,1
9196,65,35,108.06830470511753,5736.522638264196,1,0
9197,32,60,76.85283176880343,5395.500984783257,2,1
9198,19,70,22.5872105892631,342.1296947532407,7,1
9199,58,60,41.76253125495331,1556.1251215458144,5,0
9200,24,58,63.84691352949282,7704.733235872379,1,0
9201,49,3,78.75812205614855,3689.532873342483,1,0
9202,21,34,69.62763424704711,6273.00651877148,0,0
9203,37,45,111.58660464112714,3175.669287157145,6,0
9204,67,50,113.86363164015053,6138.1507294310595,5,0
9205,53,2,30.715246253916554,1041.7792880335373,5,0
9206,49,15,33.839087820733866,432.8113550556512,4,0
9207,45,37,55.805491223239805,3782.7949150128866,2,0
9208,30,15,62.123488190059454,4774.004954123511,7,1
9209,18,60,78.60666926611256,2657.2449413208865,2,0
9210,52,64,97.31597497876567,5756.436561040249,4,1
9211,65,52,33.57677055617425,4016.975226209545,7,0
9212,47,23,100.26396960775403,7433.703095593196,2,1
9213,53,37,81.00283134753141,771.4250880938083,4,0
9214,42,41,118.08844607950016,625.8900787685324,5,1
9215,33,57,85.11676780825323,7250.462632751189,0,0
9216,36,25,91.60915047407177,5385.946349178531,1,1
9217,18,37,39.52088664021695,5401.834476239152,6,1
9218,22,40,96.88619553590362,317.68625601805235,8,1
9219,68,46,27.926617768317367,7507.634281359926,9,0
9220,39,60,85.6530436188186,6197.417941850682,3,1
9221,41,19,25.557290884870135,6138.087060670143,4,0
9222,60,9,31.52258213095968,7304.244166641644,3,1
9223,62,69,30.786627431659078,4667.41001211343,2,0
9224,69,5,25.24840648225563,3217.8644854540694,9,1
9225,54,26,52.11389169458963,3897.3654318254544,1,1
9226,53,19,119.43524579025362,6240.201556205531,2,1
9227,53,30,54.82253684615363,6172.96686185943,1,0
9228,21,48,96.07759133385498,4915.73430927911,7,0
9229,53,16,33.231701585710056,1822.8348436820343,0,0
9230,69,71,65.44910802654547,6569.184321641577,4,1
9231,35,18,38.51158355648922,5213.208388860553,0,1
9232,67,56,39.20971700932041,1847.9699650697828,4,0
9233,33,21,29.969003657403796,3897.091153082963,2,0
9234,58,31,63.20441530279321,7977.9300129080775,8,1
9235,35,1,27.55349207486694,2694.200728735134,0,1
9236,39,3,110.98113563556609,1020.828856689722,9,1
9237,19,25,64.79003215719544,271.17259575492704,0,0
9238,38,8,103.85661414378814,1558.5956215673937,7,1
9239,53,65,117.94644497055121,1577.033817903332,2,0
9240,61,62,87.77791788202396,6878.740714443893,6,1
9241,56,7,110.15107571341734,1333.6225186602996,9,1
9242,64,7,33.53675205030024,6914.942440839601,4,0
9243,56,8,102.99936458624359,785.0604167008029,1,0
9244,46,19,47.121733320997585,7262.489968820006,6,1
9245,43,17,67.25980388421608,2125.1926651785657,6,1
9246,38,11,84.65826490943323,4930.834689722604,2,0
9247,34,49,110.35435925352138,1361.8447597526147,5,1
9248,33,11,111.09938009297419,3181.4394902214913,4,0
9249,48,41,29.2102377141845,777.5656569992508,0,0
9250,68,62,56.45554888210584,4678.272813629054,0,0
9251,26,52,99.31752066842166,2832.4321435726847,1,0
9252,48,66,90.31568892322254,6831.985660536063,6,0
9253,31,68,22.635244502082802,1536.3501785638994,2,0
9254,66,67,64.98894050569497,2311.905708928363,8,1
9255,54,40,102.92530951236176,1500.3119512806186,2,1
9256,19,5,93.76844373337728,4554.199963864638,9,1
9257,69,22,61.18497923323227,982.8027517236485,3,1
9258,65,37,93.51611223467555,1595.9203415607533,7,1
9259,63,11,75.12107091366065,5460.070553191895,3,1
9260,31,44,111.26289980682864,687.8747596339273,6,1
9261,50,53,78.71271744005438,5970.993009546389,4,0
9262,52,61,60.07341787943681,924.2345637668678,5,0
9263,56,67,106.29206245682343,4725.361200712053,7,0
9264,64,13,24.98688423066409,7982.694699105293,3,1
9265,68,11,110.05106436374767,1473.7539636331048,5,1
9266,37,11,89.63468144977854,2162.5819174638837,9,1
9267,19,7,114.06058604240779,7197.5705665135165,1,1
9268,68,17,45.05048691269584,5047.663622583747,8,1
9269,58,48,89.49213646398613,3990.997260554055,8,0
9270,36,14,100.94632669059946,4545.3702684332875,9,1
9271,54,63,90.21025797858768,2434.413222642745,9,0
9272,35,64,41.03337022892651,6857.042077420117,5,1
9273,33,65,47.55895680728436,5987.625297764877,5,0
9274,21,34,76.67423484526736,5175.4848154379315,9,0
9275,29,9,64.67506026907695,7460.766525994364,6,1
9276,46,37,93.51171884165282,4667.075798287136,3,0
9277,24,30,57.867669146632046,4143.829157508002,6,1
9278,31,41,105.94805218597226,7807.977878438664,9,0
9279,29,45,63.192040503675024,1727.5114948044545,0,0
9280,52,47,24.00412807147924,1221.5485682618664,6,0
9281,22,7,21.736407588494572,1382.0346693168892,0,1
9282,34,14,84.67425860845478,7916.591863327948,7,1
9283,59,48,74.05531182818258,5252.783333691785,9,1
9284,49,6,74.27446433562886,2516.790766863954,5,1
9285,27,34,99.00090160284455,2066.924654359909,0,1
9286,60,46,57.57202346397196,547.4448617163076,0,0
9287,34,59,119.54469975949847,1142.38389676166,3,1
9288,22,70,114.55301006098522,7274.563392560614,6,0
9289,62,8,21.296176715782472,6003.994379684759,4,0
9290,59,24,109.57427681987562,7538.321902581574,4,1
9291,26,67,88.05496503701072,3447.474397996149,7,1
9292,66,4,70.20903368160349,4849.77424388356,1,0
9293,50,1,78.27474740940424,3921.0029460920255,3,1
9294,53,34,104.18573632643214,7062.944632253778,3,1
9295,53,9,115.10373920730237,7931.916908665224,7,1
9296,35,63,76.03336247364425,7468.924140437919,5,1
9297,26,10,38.12914471885899,4824.641197482697,9,1
9298,46,10,83.97539838222649,588.2356197869511,8,1
9299,67,50,27.621896838858067,4978.460242874959,9,0
9300,31,44,83.51387368348678,866.6746300958156,8,1
9301,42,48,100.86118025268735,1196.6896417220237,3,1
9302,32,6,55.333143648588695,1611.6231156941667,9,1
9303,23,24,27.11844242551737,2971.5980263325805,6,1
9304,59,58,89.22261284129063,4775.1132208389145,2,0
9305,46,64,53.93287501685791,2735.0740259725308,5,0
9306,32,56,44.909665188055165,3672.9101479546575,0,0
9307,46,12,88.9181758943242,473.5833613709807,4,0
9308,21,35,116.95864689087948,4996.0866257229345,5,1
9309,35,71,94.53223774257374,5290.550947496942,4,1
9310,67,6,69.13500405593754,885.1821695945896,6,1
9311,66,65,80.05107224241482,6302.425532346263,3,0
9312,61,60,34.22789086857888,5214.9305055296845,4,0
9313,56,68,101.32132856828079,3968.86249132277,3,1
9314,33,29,80.42950106114189,4467.593006034213,8,0
9315,28,38,116.58303979980172,4074.061302967086,1,0
9316,31,22,117.9483368289948,524.9642554490988,0,0
9317,20,8,55.45866924404031,5907.680741353981,3,0
9318,68,63,118.85459355126709,4143.304031356241,5,0
9319,67,13,115.68335281025902,1465.3084426259695,9,1
9320,59,27,83.9831963805136,5477.773744599716,7,1
9321,55,18,53.346442845915625,5591.018287890235,3,0
9322,62,18,95.33402207477691,1786.6142083615669,0,0
9323,59,62,47.12372313561359,6392.3110745231015,8,0
9324,35,14,82.98438966745806,3706.3873344600174,2,0
9325,37,11,22.4581613799564,1526.8159388057545,5,0
9326,65,17,82.85827965441736,5295.198026173009,9,1
9327,42,51,115.16082847335618,4814.143019821345,7,1
9328,55,14,43.51430427062196,1446.209974005294,4,1
9329,30,57,97.81794867157775,6991.556308243576,6,0
9330,21,6,49.34235499156016,6850.821228380339,9,0
9331,31,57,90.78497487286415,6706.332244062738,8,1
9332,50,4,89.99723698735254,3253.9000858084996,0,1
9333,45,11,38.47377416904785,6614.519920575087,7,0
9334,69,11,79.71279104210198,6773.882936212827,1,1
9335,54,8,105.91689531131537,7972.668149687181,0,0
9336,25,59,58.25330694395612,7665.076483571823,3,0
9337,61,21,91.02769513489126,3124.493946797864,5,1
9338,51,65,87.44300352345465,1665.813573661142,7,0
9339,61,24,45.75140018006037,2410.4529035653686,0,0
9340,22,30,111.86435597857033,4008.771690660552,0,0
9341,22,57,76.3512084116273,6463.115307471186,9,1
9342,48,17,55.52926568055241,5811.57404023615,1,0
9343,62,59,36.43583757024367,6322.930794609753,8,0
9344,26,31,67.3458352419769,3101.4183466099566,3,1
9345,59,64,93.01134379017,2050.546689835329,6,0
9346,49,48,82.3640269770988,290.62442237583207,2,1
9347,50,23,92.70525595527633,5046.850614422744,0,0
9348,20,70,99.1760752300384,6380.798113081692,0,0
9349,47,30,64.100476648944,7124.209903311652,8,1
9350,67,55,72.01661840242923,3862.279278475983,3,1
9351,29,7,118.64221115808905,7428.401647837311,2,0
9352,46,12,116.80513958208655,1699.055286895633,4,1
9353,20,60,61.481712475885914,4163.587172841794,0,0
9354,43,52,88.51795242064951,1788.7651844715313,2,1
9355,47,27,46.75901783278528,1585.7965494291393,3,1
9356,26,12,35.26975456356484,7631.7662428185795,5,1
9357,43,13,96.84012226237336,6560.151440967772,8,1
9358,19,62,63.61799694180243,193.21918188599,2,0
9359,20,29,37.7052803650019,2221.25266159381,3,1
9360,63,35,95.8847923520547,1720.5684833244106,4,0
9361,21,60,111.51703597940234,1262.3600231422813,7,0
9362,42,29,113.3273500457737,5609.558191980676,8,1
9363,68,31,79.63337084626195,4578.018867550187,2,0
9364,30,61,67.96411289748735,3686.0831089258745,2,1
9365,56,2,34.18665861618056,1597.0267616745325,6,1
9366,61,33,99.27898042561033,2293.182644625087,8,1
9367,52,62,114.53231521002897,2913.1982872942835,0,0
9368,40,59,108.94604136173967,6305.3132180752045,0,0
9369,26,40,95.17834544376709,7914.596525231198,1,0
9370,19,49,20.456886259077606,1553.4187319425314,5,0
9371,58,32,60.77508746073407,2798.029084257097,2,0
9372,61,38,61.071417170180794,2313.5922177024377,7,1
9373,48,13,109.43682329597318,448.13241727897724,4,1
9374,61,54,26.565071691904834,1831.8289697837774,2,0
9375,64,13,73.12225838819266,7222.750152739971,7,0
9376,19,39,33.613440392711716,6758.579613091931,7,1
9377,49,23,86.22939142659723,1424.0187894065746,1,1
9378,35,14,99.2255488178181,2992.687799668694,4,0
9379,30,17,84.19592119716313,2555.34413664849,2,0
9380,63,24,99.45851410206258,1267.1523836278361,6,1
9381,22,58,80.74962977318803,5015.444856138836,1,0
9382,59,63,38.983911047487645,4502.652306885765,8,1
9383,61,34,58.26635185023747,3473.231528633136,1,1
9384,27,51,115.68688161972551,6858.436792054943,1,0
9385,60,10,48.81749127780067,4995.719586101969,5,1
9386,42,21,26.286238426335,2148.262092282511,2,1
9387,51,37,58.48299748955526,3052.267423878963,2,0
9388,54,7,56.63071188441145,1286.2381652867516,9,1
9389,47,13,67.03088157324177,4771.848857570294,1,0
9390,24,30,76.03034220812125,4734.369794967853,4,1
9391,23,31,119.24232665070895,6974.45111918197,4,1
9392,20,5,95.62339421860172,6860.951938231899,6,0
9393,30,32,23.589076425771033,6711.842064333588,7,0
9394,20,16,91.27123282065126,4436.723325642089,7,1
9395,43,22,102.42317484117584,5250.956504983802,2,1
9396,41,64,109.56307388843864,6226.781357349398,5,1
9397,23,44,62.400610290240124,824.3101645499179,4,0
9398,60,40,51.36255681058495,2474.723371905061,3,0
9399,66,37,103.93247927232382,1435.8105482754074,9,1
9400,59,16,97.76154093585387,4140.594785334236,5,1
9401,29,43,73.60424499658258,6717.576857397601,3,0
9402,66,63,31.78827844151522,1922.6245602330875,7,1
9403,53,15,85.17613390681011,5874.137927848748,8,1
9404,19,44,26.56675664328742,3306.009571453259,0,1
9405,28,9,30.036680469016723,7234.291712833836,0,1
9406,56,65,53.11402389252315,5051.637372688105,3,1
9407,51,44,57.11754968680624,7814.768744205741,5,0
9408,43,20,66.19740388902801,2040.7912282494701,7,0
9409,35,70,53.91429592187487,7399.271188086485,0,0
9410,38,33,23.37881554345193,2920.7405407196293,2,0
9411,53,6,35.74156844257336,5013.542952172994,3,0
9412,57,31,31.511196583203432,1478.6148862331986,9,0
9413,69,66,63.118359856595944,6102.302449096712,1,0
9414,63,18,41.21289271816645,7828.178428889539,8,1
9415,61,28,49.354529289496675,6320.666319497745,2,1
9416,39,68,67.15674633647262,4964.794265699473,3,0
9417,47,65,43.5561859810528,3640.8904057632526,3,0
9418,67,45,44.592910438605934,2827.3668316733565,0,0
9419,60,58,103.31441773865687,3410.199670496278,4,0
9420,47,47,74.80868680606496,2693.477670843519,4,1
9421,25,66,105.67594515799968,6678.407949339175,1,0
9422,51,52,71.45259152192104,7155.577873497235,0,0
9423,64,36,110.92642324233215,7602.295717106936,4,0
9424,26,1,45.474207149300156,3405.062343072017,4,1
9425,68,39,81.6670033447201,4415.13170713723,6,1
9426,37,1,70.32317738538788,4657.473826235662,9,1
9427,57,14,111.8690926683193,5243.596601288876,9,1
9428,42,71,61.847957785733115,119.40509304579643,1,0
9429,36,23,105.48238132665675,6757.248404325982,7,0
9430,22,43,76.3904050605864,2218.3111668564666,4,0
9431,28,22,90.85429518604973,3830.096143095633,4,0
9432,32,60,108.68930931195563,6748.389230656953,8,1
9433,25,27,119.69064147047952,7975.16356091045,1,0
9434,36,56,93.11395586477195,6379.579687805601,9,1
9435,40,2,51.452195291778274,296.1825745592146,1,1
9436,44,39,49.90119932921097,3013.1579491691573,4,1
9437,57,51,50.91038248919642,2052.9640254507385,0,1
9438,49,19,29.790832029949826,7716.64068995297,4,1
9439,43,62,25.359889192886936,2187.408440173309,4,0
9440,44,71,78.08428763236975,7552.4665036816,7,1
9441,36,67,101.05885272216923,7506.388356665015,5,0
9442,67,63,23.61345398153602,6731.341472109953,5,0
9443,59,5,76.66342964218404,874.7669569161014,4,1
9444,46,61,57.17611212228292,115.76230125122795,4,0
9445,56,71,109.24852025576186,6371.676365288337,7,1
9446,58,7,34.53869288808862,6762.062554971,0,0
9447,50,50,76.34320050095457,7701.235376529751,8,1
9448,36,46,117.09207069947925,1825.2226304769554,5,1
9449,54,14,54.503296646506264,5891.857096601567,8,0
9450,36,69,94.17769112935055,4200.6088977064355,1,0
9451,50,65,108.24511550400854,2695.0094210489906,2,0
9452,64,65,38.621056247172874,4889.698979466294,0,0
9453,33,57,119.2527180262004,4430.775209344928,4,1
9454,40,62,100.93866650390302,2409.125754296224,1,1
9455,24,20,33.75642581125396,2220.8534508412336,0,0
9456,43,26,51.08847005148376,3943.9837707634433,8,1
9457,49,44,82.49700383573436,3844.888417040027,8,1
9458,29,67,108.49177626043925,2486.216355027171,5,0
9459,25,70,39.48355225922774,2183.476148518913,7,0
9460,22,62,93.12055825454951,7639.028532213662,8,1
9461,59,45,47.06480132180208,6912.726987488505,4,0
9462,45,11,100.54164506276646,6552.554932853816,1,0
9463,22,34,88.34420272750333,1792.841772548352,3,1
9464,66,46,72.29090346686073,1595.399176387829,2,1
9465,43,32,84.98659624090001,6493.699244554977,9,0
9466,22,5,107.64452455338171,1558.9273467687583,6,1
9467,39,63,58.64258598464837,4077.933892464786,9,1
9468,32,29,96.92501801560286,1849.2321154850008,9,1
9469,30,48,35.89054348754965,3086.7512909942016,9,0
9470,45,16,90.11855654419016,6842.288396535389,7,1
9471,50,25,95.06573624717106,7142.20491169575,4,1
9472,60,29,64.29976967544552,7973.766081966169,1,1
9473,40,52,99.36221052995774,7556.843812119145,8,1
9474,50,46,75.71033658778771,5402.880722647308,0,1
9475,60,25,113.62743976694658,3510.6353541613666,4,1
9476,35,23,31.24664359613645,555.7697648063413,2,0
9477,67,34,33.08214262651818,4904.512296677488,7,1
9478,47,67,104.24274420445555,1764.377229831961,7,0
9479,43,34,104.23612745663522,6816.076642253888,0,0
9480,33,32,67.12247512082587,4436.30114686279,3,0
9481,30,29,116.39622098722307,5894.663294879482,9,1
9482,56,9,87.93893186267032,5420.6107740275065,7,1
9483,50,66,118.2853246762062,2843.9164154675304,8,0
9484,43,57,73.23953952013183,6096.779796679732,8,0
9485,65,39,40.16133442480156,6762.664426565257,1,0
9486,18,7,64.43931270291306,5978.63044731229,8,1
9487,66,69,118.04868419470144,6236.773564561947,7,1
9488,55,8,57.04139530294075,2944.1227633671797,8,1
9489,19,18,115.70164331348333,7555.134668711073,8,0
9490,66,49,99.70213476743166,3454.1197350130014,2,0
9491,23,16,64.21063277929974,7186.696726517069,4,1
9492,63,21,74.18710319575835,6876.694179483324,2,1
9493,67,10,80.74390772822954,1082.2147054895845,5,1
9494,55,4,86.57660847303056,7733.537420773779,9,0
9495,59,44,27.66992166151197,7971.099314528624,4,1
9496,41,8,113.35880524162133,4888.557482159105,1,1
9497,35,55,79.69997131006654,6286.56940179359,2,0
9498,44,19,113.11492196038196,7476.127596659349,6,1
9499,58,64,83.18984712883648,258.19268471007706,9,0
9500,25,40,63.101548900975104,7446.921191954054,9,1
9501,45,51,76.69280115363323,5056.192488296952,4,1
9502,27,9,102.9503274040285,6644.805562917337,2,1
9503,34,30,52.61258314516737,4371.705956856999,3,0
9504,46,56,115.64600570759187,4291.31371120878,5,1
9505,23,44,66.59551978057364,7190.393825382419,7,1
9506,31,59,115.62370020973864,4109.028851229726,6,0
9507,39,15,108.07566147432631,3827.136110854286,2,0
9508,23,68,96.76619564158122,4904.691586584292,1,0
9509,43,70,66.74377994372061,4196.70285118263,2,1
9510,56,61,78.69451443143201,3625.666953493773,4,0
9511,29,23,103.80294123603257,1526.138242999583,6,1
9512,52,47,74.40558018647006,3239.463848351764,7,0
9513,31,17,93.81895765384911,2328.1610365913166,5,1
9514,39,57,99.06590510067633,3263.6713394698454,1,1
9515,68,54,71.30952456686848,4785.950532972575,1,0
9516,40,52,73.62475183536688,4909.928723069544,9,1
9517,65,22,39.78347172218824,1985.4256785123985,4,1
9518,24,39,44.47391777070842,767.3813082661283,4,1
9519,57,13,110.49431831942118,5981.057743369891,0,0
9520,67,66,104.03296126633181,4275.708472696784,0,0
9521,42,52,21.0122558540114,3592.600662132271,8,0
9522,30,14,106.93875859880623,1123.804203555886,6,1
9523,38,63,22.52348855868021,3375.8436324803697,7,1
9524,58,71,65.82804029423284,6563.58579130234,4,0
9525,27,28,26.74327261109027,4693.34147276998,2,0
9526,26,46,116.8823138457169,818.706550613724,2,0
9527,32,28,117.23192558042162,2724.97355170614,2,1
9528,69,2,81.08709419666172,7840.436004717333,0,1
9529,19,17,59.22049108235336,4401.609024076376,2,1
9530,42,59,71.19927501945793,2362.529028807629,1,0
9531,30,52,96.22993204819157,7316.213494995172,7,1
9532,51,4,42.319295972018374,2754.4050086267694,9,0
9533,68,3,64.17224912169294,5866.2679425432725,9,1
9534,51,37,93.72686902530849,1263.041995173145,5,0
9535,52,24,59.539247783712725,1336.2956013816265,4,1
9536,55,35,23.199652209269644,4534.380760597958,0,0
9537,20,2,70.73944190551197,1994.6042167427697,1,1
9538,59,33,93.74111625395466,489.72348357394634,1,1
9539,23,10,117.68164091845601,7419.076975807772,6,1
9540,65,62,23.704615319735073,542.3174340552079,6,1
9541,66,43,73.99206021509771,5767.759304895755,5,1
9542,36,69,64.99386621389576,2730.5879993099315,7,0
9543,20,59,44.24487892909399,7474.6892243714465,3,1
9544,35,9,83.77627200472377,7889.813874470073,8,1
9545,56,60,36.362249285578216,2749.902145515423,7,1
9546,26,63,48.386476731485274,4769.74387486735,2,0
9547,69,52,98.17573901751244,6206.579561110519,2,0
9548,29,23,66.0411740025555,1074.9338648679543,8,0
9549,22,30,119.36706469198847,5704.752200596036,8,1
9550,20,43,58.64607441487941,7258.96012688372,4,0
9551,28,68,66.32610661002164,1510.1701234489938,9,1
9552,47,21,50.02577620885341,6725.809721493964,0,1
9553,21,43,43.629360619104546,1013.2674341004019,2,0
9554,22,7,112.2281411194817,4589.583402683928,4,1
9555,18,16,94.88266401287311,2780.9729873104093,3,0
9556,44,23,53.340253220141335,3826.5552985257114,3,1
9557,45,58,90.01559896457246,2474.994258375289,0,0
9558,46,31,116.57837504365607,2158.261035746393,5,1
9559,35,69,27.404796561391393,5970.799600271119,9,0
9560,29,6,46.45044043708593,1862.5943966127577,3,0
9561,30,65,40.05785491950014,3326.463048945257,0,0
9562,58,59,106.97831636444101,2269.0009266029388,9,1
9563,19,28,37.91903295515161,1985.2171645335563,5,1
9564,54,18,50.807599598966405,5054.059277063694,4,1
9565,62,10,74.38607733261847,458.88606843837795,4,0
9566,33,7,82.10943555869497,6332.300022329298,1,1
9567,65,37,100.81837625326558,4415.249105231766,0,0
9568,41,45,60.73232465539037,6644.65542924798,6,1
9569,52,16,73.42447226538928,1782.826268845212,4,0
9570,39,14,116.54620750442054,5704.307722640391,2,0
9571,53,11,49.736173664340626,3422.6123473113853,5,0
9572,28,34,44.809421116532484,706.7514196090535,2,1
9573,63,60,91.05991913417515,6044.563498477421,5,1
9574,46,13,97.11362712004718,6121.279159655642,5,1
9575,52,39,61.47789031803083,2240.243240534829,8,1
9576,65,44,41.297891822189065,7336.763549769126,7,0
9577,32,28,97.89226558113923,6135.361394457126,0,0
9578,48,40,87.04928952790381,2523.383216074776,6,0
9579,59,16,107.62278012802393,1988.9606450027286,8,1
9580,58,50,104.43264643271213,3576.707490139251,1,0
9581,60,28,40.519518450423334,2413.0395367454994,8,1
9582,33,68,103.23391800886803,1814.4821259246082,5,0
9583,27,60,37.51737411189037,3252.8959820793903,2,0
9584,66,12,106.37039037779056,303.063360328157,7,1
9585,49,16,97.03209340326784,3271.1474583829163,6,1
9586,68,53,76.98610742823985,1851.134762916683,7,1
9587,19,54,84.22216758104462,2188.240077110277,7,0
9588,41,49,30.40792708747582,752.1709612344304,6,1
9589,40,36,23.9885181486332,4752.560300721412,0,0
9590,19,62,53.06467417339086,3828.872897823825,9,0
9591,55,26,102.14058114171901,6029.956285329254,9,1
9592,48,56,66.57855731799727,7898.0791389168435,9,0
9593,68,22,42.33940300532069,1044.3186669824343,7,0
9594,57,69,103.45488999148158,2252.158202732062,4,0
9595,43,49,42.86272586489729,5491.387611554743,1,0
9596,46,2,101.54937232409418,1974.7648719014621,1,0
9597,20,53,65.29795309181482,338.16537257957793,1,1
9598,31,7,66.34948872672818,967.4723291889272,8,1
9599,42,20,47.271960985824215,3525.6527269219937,4,0
9600,65,30,110.01740208993525,3503.198751769282,2,1
9601,18,67,28.878527569413407,7781.207055952441,5,1
9602,20,59,34.44063013035245,3781.0052677923627,8,0
9603,43,66,83.58847682462077,5456.734889001097,8,0
9604,35,3,105.01152657563482,3988.387913535417,8,1
9605,26,56,29.54512501852276,2232.35614141133,9,0
9606,55,17,93.37522494166082,933.063414405341,3,0
9607,40,52,94.25115331394863,6886.684727110185,4,0
9608,38,7,78.15227301649281,1306.0352860382789,0,1
9609,18,5,68.6728048169663,865.4595657906392,9,1
9610,38,54,52.10877593075345,1789.2460271294208,5,0
9611,44,61,55.14617924326665,119.66024995602884,1,0
9612,59,16,87.44334724154709,668.524683617444,6,1
9613,23,67,26.52872912139103,5118.054470629428,3,0
9614,61,59,78.49349875446256,2024.0260941773713,3,1
9615,53,47,47.87321924528471,2774.245555571176,8,0
9616,45,48,66.66059119439426,6698.868063312574,0,1
9617,62,64,75.89796184501985,6205.906705217162,5,0
9618,34,50,108.56593436343312,3988.759998195166,1,1
9619,57,41,77.90748883323548,4942.515600257376,5,1
9620,69,22,42.7159571639019,777.9090996777483,6,1
9621,20,54,27.9459453172377,6116.598141702727,2,0
9622,29,5,82.69883995909716,4177.912586892491,3,0
9623,56,17,74.50483963511391,4610.497905346756,1,1
9624,29,41,87.17978965760621,5357.663026947094,6,1
9625,19,35,65.9396579137337,4051.3848629114386,8,1
9626,63,40,102.5125847333028,4221.371778503034,4,1
9627,39,22,112.0179682238633,4047.121135900734,4,1
9628,40,48,24.00044222236271,4024.858077334206,8,0
9629,47,53,94.4086536163121,6026.621875595752,7,0
9630,22,10,23.516054474684218,3474.9473647283203,0,0
9631,26,18,64.50966868725446,122.85721612422333,1,1
9632,38,49,66.160321677132,4935.299091362868,6,1
9633,28,71,89.62183975250302,7626.033551917639,2,0
9634,22,30,55.24032982009469,2129.9826632533627,5,0
9635,52,19,102.09013383182186,6547.927316260116,0,0
9636,44,55,54.28640579458624,3698.3726454363327,7,0
9637,66,60,54.25178883414874,5179.558352273674,1,0
9638,19,21,42.2760667658647,7137.902475906344,0,0
9639,41,26,88.38689978380847,6191.007541106361,1,0
9640,48,28,27.65872274170598,7088.129768690284,7,0
9641,50,39,56.305508588476755,175.20783312183033,9,1
9642,56,33,46.689074614956276,1579.7883786824734,4,1
9643,47,40,42.93356351014152,3445.605859269892,8,1
9644,63,29,26.098331717394124,6797.950199879515,2,1
9645,54,20,39.038311572480715,6723.296264170863,7,1
9646,68,20,64.62444101987015,1562.6086225941854,3,1
9647,45,12,70.37414552673566,1223.7152214561988,6,1
9648,48,25,46.95046737897934,6694.149238052605,9,1
9649,28,25,85.0243508466567,4377.330922842962,9,1
9650,40,4,53.57933376569746,5051.48107136965,7,1
9651,19,4,56.72458382496201,6492.727989858081,2,0
9652,57,9,98.26243341211074,1772.797062338578,2,1
9653,58,15,75.19667214249021,1178.2299192474463,0,0
9654,44,26,115.31748511940243,6886.4496759948315,7,1
9655,52,71,55.93012012651382,983.015436738006,1,0
9656,19,32,102.78404959944035,796.6287204990035,6,0
9657,56,52,93.8337535807765,2288.893887372011,6,1
9658,54,32,109.0188927441895,2603.105995585874,6,0
9659,38,9,115.6791372923081,2004.9692970044923,3,1
9660,22,13,20.7676518076821,5958.823852751703,6,1
9661,69,56,28.82977478675161,7789.497491064618,9,1
9662,62,44,87.43388212275086,1676.771607524611,7,1
9663,38,30,59.01998596966062,6276.632297303959,8,0
9664,46,16,101.91251017427466,449.5134611181228,6,1
9665,37,12,21.197982966607125,1039.3310173086861,5,1
9666,55,66,100.69774029964304,4169.427594133803,4,0
9667,37,18,33.52419983036523,7996.910068988581,9,0
9668,67,13,49.0249043962628,7599.98863327278,9,1
9669,42,24,116.90782002607547,984.349227363539,6,1
9670,19,12,25.159811354816814,1993.5266367625659,9,1
9671,49,60,54.90406124526739,7571.755612819297,1,0
9672,43,60,28.452877564350647,1290.7188576815895,4,0
9673,23,1,105.36044060133682,5968.032904298556,7,0
9674,58,43,90.3016122537423,108.75338492071333,5,0
9675,20,55,100.03373878157292,5090.525611133862,5,0
9676,50,40,72.72795117619728,4007.343332557511,0,0
9677,18,64,55.772001967147126,3821.0997097624436,1,1
9678,68,34,20.227361960512606,6650.614830951818,2,1
9679,22,34,47.79273120429142,737.8013274586575,6,1
9680,30,48,71.45535467661146,3080.9239368897775,9,0
9681,36,33,86.43620364760835,3623.704505289062,5,1
9682,29,68,42.89374214587567,1079.0198212920116,4,0
9683,65,30,33.890084628813426,776.7657163572536,8,0
9684,42,71,40.16148620298714,1518.9530060029506,9,1
9685,68,71,55.407605169112,2004.2770273404533,6,1
9686,52,29,34.837829120147624,7731.878561911894,8,1
9687,29,23,35.68173344211117,3857.3483188882933,2,1
9688,47,34,24.37517000067553,4131.283358112951,7,1
9689,22,15,105.67251943544528,5685.285819189813,8,1
9690,51,53,41.97586240607424,5505.707702648365,1,1
9691,39,17,102.19024390612871,4071.941476692429,3,1
9692,56,64,63.83093861372386,2784.7233140576227,1,0
9693,30,61,83.24378147136092,2715.3083793407727,6,0
9694,64,57,27.570213615819533,555.9147977271385,3,0
9695,20,37,78.35804987801848,7207.078100252162,5,1
9696,37,7,48.99954031733017,6178.2167374413775,7,1
9697,48,8,29.520995315119574,5024.411606281805,5,0
9698,22,68,110.82324961678356,3229.045771392372,3,1
9699,41,21,80.36280423494908,4701.47927214193,5,1
9700,57,61,44.1707627244019,3932.2094592519366,0,0
9701,50,29,61.9648010722407,2264.086329983184,5,1
9702,25,25,55.69001340797053,2458.7246989934715,9,0
9703,41,58,90.05796658578214,7008.3896810028355,7,0
9704,67,14,80.7433176027494,5115.7737725596335,3,0
9705,37,66,21.978217606188682,111.23762946281668,8,1
9706,33,54,39.78269896046735,2682.286944339832,5,0
9707,67,67,67.81279722408615,2785.569171330295,5,0
9708,69,30,64.54857922537906,5680.050919667766,3,0
9709,29,18,71.66748819435306,5633.581405600781,7,0
9710,30,54,91.48108333063146,3766.823338741152,4,0
9711,62,21,88.2008998498227,7612.737361210017,0,0
9712,59,53,57.28134221419914,6990.6104408997535,6,1
9713,56,16,107.75816279385951,6943.064646359269,7,0
9714,42,28,26.293257044851874,2851.2975366758606,5,1
9715,63,4,78.45098951117265,3504.898334304194,6,1
9716,49,55,114.96854925695297,3409.7992037737495,6,0
9717,41,15,74.90814378253212,3578.1083714655774,3,1
9718,65,64,65.5106300812856,7124.765280585845,3,0
9719,64,65,33.391758869642445,2068.053526601419,0,0
9720,61,16,101.01890952716113,6437.341060578654,1,0
9721,26,20,57.379489004091205,4160.91580285371,2,0
9722,57,64,90.1245909484688,2067.76506729293,4,0
9723,67,33,39.7546880407057,4265.620852990478,9,0
9724,40,69,24.186320293214905,1643.9888033249408,8,0
9725,67,69,50.54674525280006,954.6164503055759,4,1
9726,30,58,48.14138614568908,6721.601600873203,5,0
9727,49,39,107.34752535272743,5624.643985102213,6,0
9728,67,36,106.46737785847539,1719.3340226895643,3,1
9729,32,68,73.38942226013806,7544.1283690433265,7,1
9730,53,21,21.899894557219362,292.7471493958684,5,0
9731,66,63,42.832466292047606,2732.913477696433,0,0
9732,22,6,83.90125942134331,271.0590040831396,5,1
9733,39,24,30.140840143036755,1224.1509869857325,1,1
9734,33,53,90.06222647194471,1522.62707169095,3,1
9735,58,50,21.196226295874347,6501.645455071484,3,0
9736,27,12,88.25367753692704,7945.013397213738,9,0
9737,41,56,104.45392428593794,6951.830169427336,9,0
9738,35,15,66.92177196461162,5117.5506113781,4,1
9739,66,40,102.90809901100377,5811.095097453635,9,1
9740,35,41,98.15277332438696,4230.285852763413,1,0
9741,24,69,87.14191501676771,3438.0944925191357,5,0
9742,21,69,64.51492813978336,5568.13455365527,2,0
9743,43,6,47.190404440149386,7787.6218194741205,8,0
9744,22,67,106.08639621688687,328.26293461490417,5,1
9745,33,33,84.85903796629484,2581.271107559805,2,0
9746,52,43,99.80168352505763,2707.472443756252,2,1
9747,43,21,75.1966927728892,3372.5817609787864,4,0
9748,35,65,37.18664344939247,5052.447960521445,5,1
9749,46,17,117.94379395135363,4158.649983589641,3,0
9750,40,8,38.27387514576374,247.95948730375048,4,1
9751,31,64,111.12415010249033,3351.7156692444355,2,1
9752,32,28,40.813864604497404,4993.644765734096,9,1
9753,66,13,57.37494417464359,4088.1153269508245,3,0
9754,50,13,64.00834445374267,6989.288727032383,7,1
9755,42,38,112.13759895281451,3248.905798277362,7,1
9756,38,25,108.81985709130635,199.21357063260086,0,0
9757,34,62,102.3220977952436,2350.6982886805404,3,0
9758,40,23,57.66751474957343,1171.8137530550066,1,0
9759,60,21,20.449324682892016,2076.8195552773186,3,1
9760,34,54,88.15833201075193,2960.4953424913124,4,1
9761,31,63,61.09538344652039,5445.579653337127,0,0
9762,46,30,95.70581928374355,2660.9429628556204,4,1
9763,37,68,99.48520460835502,7084.462483004545,6,0
9764,47,32,63.97234029174242,2466.586484178095,4,0
9765,36,24,94.81025653169485,1181.773955917937,6,1
9766,56,7,103.99372805196774,1434.0367980202916,8,1
9767,30,1,112.84761316015,7483.180924667497,7,1
9768,35,3,78.24553324893942,3693.034323260192,0,1
9769,40,28,97.84787690598826,3284.6959376937516,9,1
9770,63,43,69.45648702096472,644.3169606783571,9,1
9771,50,46,24.166300042996205,5893.236443377156,1,0
9772,56,1,35.52214277991833,5587.754953635929,5,1
9773,57,38,32.82245092396701,3068.3503405345864,4,0
9774,35,35,37.17655901154789,5564.93204250265,0,0
9775,26,54,21.021274961284323,3002.868908055712,1,0
9776,50,24,105.87068232651525,677.9483690145302,2,0
9777,49,28,76.01493199490125,5930.985080731431,9,1
9778,34,22,58.315000301126766,7725.090217683878,4,1
9779,36,16,60.97788715769751,5221.495172575254,6,1
9780,44,13,66.33510937188696,2284.0437581934084,5,1
9781,23,62,27.388350041959256,2232.370255172736,2,0
9782,52,43,47.46654115799202,7438.923012246517,5,0
9783,54,32,105.16264370920848,2495.9934284425194,3,1
9784,51,67,94.36752362139845,6168.7186437242635,2,0
9785,37,57,76.34055382539078,5179.0283602017025,3,0
9786,42,65,68.0703984669963,4781.554308919004,7,1
9787,21,69,45.89731849908994,1530.491563076471,0,0
9788,27,49,67.12549696471055,371.8472626457443,2,1
9789,27,33,79.78552760668148,3960.549337490319,9,1
9790,41,19,91.26379514315806,7906.452997273301,7,0
9791,38,36,36.66401877523238,1646.5032434440193,9,0
9792,28,70,101.31102684707774,4341.289230069076,8,1
9793,44,15,54.58112770338225,5400.736427691951,2,1
9794,33,24,70.32580832903554,3921.053960526866,8,1
9795,43,27,80.79043165963324,4104.777072117832,9,1
9796,47,49,68.80951562210333,5323.697283761393,9,0
9797,66,23,77.1956904154119,6537.75342633928,3,0
9798,33,33,31.15234646828712,2732.9721465111984,3,0
9799,24,41,63.21554551086352,7204.274329779954,6,0
9800,33,56,48.046747093622635,3930.7168957759086,5,0
9801,52,29,28.602615388687017,5328.832030179863,9,1
9802,33,31,39.164922563199426,941.4577092512652,2,0
9803,57,65,80.24445664274583,3990.586362384746,7,1
9804,29,18,39.66864026514503,227.24092464299324,4,0
9805,52,6,38.106401011909334,3189.0954368363123,1,0
9806,66,52,75.28304323866364,530.4251844946785,9,1
9807,38,40,110.47025067069852,7186.148617479071,2,0
9808,67,65,98.86928506398297,5415.160454896982,6,1
9809,60,42,110.50891105198504,6355.823214215139,9,1
9810,53,68,78.29802022965151,3794.667927308397,8,0
9811,65,32,60.992956045860716,6829.992133721567,0,1
9812,34,10,92.96413655419434,6997.020659559754,5,0
9813,49,69,46.13640281826509,2918.864094751975,8,1
9814,58,9,27.80539580054037,3077.153776304169,6,0
9815,23,69,54.46147927311356,4115.101598630462,2,1
9816,41,61,49.92366974870174,433.7236108327611,6,0
9817,44,11,87.55389278171423,7966.569546019281,1,0
9818,37,68,75.13626788118144,2937.5317485472606,9,1
9819,42,8,33.826298405578555,3819.6621755181354,1,0
9820,19,49,110.85041797704697,6062.580917263745,0,0
9821,26,24,79.33389405048042,2450.3566573104354,2,0
9822,45,33,65.76842254237768,1692.8882460794548,0,0
9823,55,19,113.71949271186536,1106.8559557558033,7,0
9824,20,2,29.730184879790084,4271.336741742086,7,0
9825,37,55,98.95929381397178,143.4364712717684,3,0
9826,23,11,56.46655057200093,5705.213458930251,0,0
9827,56,17,89.53897509239717,3744.977053705919,1,1
9828,50,42,113.07254276476786,4301.400322619433,1,1
9829,18,61,71.77130804854173,2179.3167262495463,1,1
9830,54,3,22.263882342874734,1508.1991344096436,8,1
9831,23,35,22.884823017233796,5629.918402854533,6,0
9832,62,66,53.05608190853765,1761.160915648276,8,1
9833,51,1,98.16582193950619,6262.679071498064,9,1
9834,64,7,48.826134307358274,1709.0129041427567,9,1
9835,32,20,53.44686008862177,4940.1965141325145,1,0
9836,62,43,98.44607131975687,5186.5893061064535,4,1
9837,43,6,31.618917391928086,4094.600169069853,0,0
9838,31,55,104.68129619628856,7974.647045664305,1,0
9839,24,21,46.57925155541066,3069.159788896824,3,0
9840,63,51,25.122307102890822,7078.23704672841,9,0
9841,48,46,31.734270640368926,1436.902719472654,0,0
9842,41,35,115.25548867388235,2763.965892385069,7,1
9843,48,8,65.13239550438685,1248.4002550873874,5,1
9844,46,68,45.64381059984581,4868.633718669868,0,0
9845,59,16,72.12709501791952,5142.2326711245405,8,0
9846,49,67,88.23466533938003,3682.681477652797,0,0
9847,34,71,51.87984080440693,5789.272292250861,3,0
9848,31,64,92.5271203161024,6954.454390613141,4,1
9849,57,2,45.2252050907202,6234.8185498764715,8,1
9850,53,1,31.233723204404058,2009.1326197040341,1,0
9851,65,58,74.97082203690948,2631.1541146380814,8,0
9852,41,1,35.11186758941303,3104.18477696119,0,0
9853,62,7,114.04848786991398,1709.7534503027991,3,0
9854,44,69,20.044902813185075,2953.7662689142057,6,0
9855,42,18,95.56960999665465,1980.56084719649,3,1
9856,49,32,47.94732039569109,7966.250058123479,7,1
9857,69,45,104.60868617723669,6287.6776890684105,6,0
9858,35,33,26.015088374037525,6894.134853087741,5,0
9859,63,49,115.30005982995715,7384.96048512022,4,1
9860,35,33,30.13948838330134,5353.5078336267625,9,1
9861,54,71,98.78827550354454,1490.2148839496604,2,0
9862,43,68,71.73422136356044,6092.355948856786,7,0
9863,26,28,63.0394791877585,223.3305863547636,3,0
9864,52,53,48.01557859102716,994.5204697642052,7,0
9865,25,44,104.13695352490652,333.71722067663234,0,0
9866,37,55,39.97513975329501,1170.0164186209154,1,0
9867,59,10,92.12412749928592,6040.8334931650425,1,0
9868,39,14,64.57916510280063,7095.296491403931,5,1
9869,36,36,119.84950071472699,2302.8382156484445,4,1
9870,47,34,81.13990201697726,1041.1048530222336,9,0
9871,45,18,30.41896038237684,2256.381540385644,9,1
9872,52,16,61.952118915199954,5212.198644299738,6,1
9873,60,37,26.629898038519578,2866.604018208904,1,0
9874,28,41,48.565563438911454,7693.053590649829,8,1
9875,48,25,54.33167948811047,1134.7324918477238,1,1
9876,66,8,105.31766083396029,7923.705937975868,0,0
9877,65,18,103.79874766075358,198.36836243769898,1,1
9878,56,68,21.15572199834012,3668.3744292589527,2,0
9879,53,48,73.22786150050923,2089.313008126812,5,1
9880,47,70,42.35437556032824,4573.655206087613,6,0
9881,40,67,52.00930980455558,862.7515726504693,5,0
9882,36,18,22.16512855255352,7019.00071351933,0,0
9883,29,18,94.97458654453129,1178.5585632492466,8,1
9884,32,56,115.05897757524014,4740.375726271665,7,0
9885,48,23,41.92670403138518,363.4402181308909,1,0
9886,60,35,54.17728670478325,2556.837567409237,0,1
9887,54,6,40.643399472986424,1282.8109279862847,6,0
9888,54,26,113.00486636415286,7824.9885013857665,2,1
9889,32,61,20.935596790742675,194.96880428023073,2,0
9890,46,15,78.38622812910351,2883.9231900523914,9,0
9891,67,32,107.076396112215,2491.9310109563776,8,1
9892,60,12,38.63071741153468,5293.251373495849,1,0
9893,43,5,78.99952913620822,545.3859373016562,4,1
9894,61,64,25.06481048648849,6503.88039625037,3,0
9895,19,71,101.45851335678094,3785.5379939838435,0,0
9896,37,27,47.44291227729382,3676.903309014232,5,1
9897,32,45,118.87534171952606,1891.6400550183437,5,1
9898,69,35,112.20096204897769,3971.3694616949383,0,1
9899,21,26,93.25159699327139,2974.7582971493202,6,1
9900,39,23,69.68426413714917,2036.5778463929241,5,0
9901,67,13,96.65891118609018,1432.4688135295364,3,1
9902,55,3,33.060904754276216,5853.85098620074,6,1
9903,40,29,51.01996396141712,1222.1394894121188,2,0
9904,43,66,22.689638857685704,1427.0577695130085,9,1
9905,68,64,84.50246416097401,4658.8636433800075,5,1
9906,28,28,100.55376380815144,1886.0123078456757,5,1
9907,45,36,114.62855535131676,3729.0740090665936,9,1
9908,19,6,88.65071850502412,4468.047087170927,5,1
9909,25,11,93.20912402227293,2267.995080156465,2,0
9910,46,38,109.54557782349511,2814.078581869056,9,1
9911,28,34,113.63780288581262,1760.6339337135287,4,0
9912,54,67,69.12975498697058,3737.3534643821135,0,0
9913,35,46,30.97873897082743,7939.959283765486,5,1
9914,67,29,66.64173098721572,2965.4240168594397,6,0
9915,31,60,75.60738628722898,5261.30999602396,4,0
9916,27,54,83.1544771395544,5123.566163052719,4,0
9917,52,69,118.92845573092734,6313.206479508214,5,0
9918,26,9,111.75632152907706,5724.155654278414,6,1
9919,52,10,59.63642027457285,193.0598983789346,3,0
9920,28,68,31.345368627070982,2542.8150307790115,6,1
9921,61,58,41.4791598222671,6974.844475235572,4,0
9922,29,52,37.37996228334205,4362.446726759285,6,0
9923,20,34,55.60127271489966,923.3702808903901,0,0
9924,56,35,107.64892839452321,2281.481412625619,9,1
9925,31,33,63.79685061487193,2338.7503108113956,1,1
9926,45,32,76.72773713978572,6998.101099689609,1,0
9927,28,55,37.916687483871485,4471.870041457641,6,1
9928,56,8,69.28482809843965,4905.756604678657,8,0
9929,42,46,107.3627721400292,2999.8110557403284,6,1
9930,38,14,97.34632635180768,576.4520337927506,5,1
9931,27,8,28.119071579902158,694.4614356745506,2,0
9932,60,71,106.20722687501151,3421.02207885931,4,0
9933,32,54,47.38280974199265,1502.2016394358054,9,1
9934,36,21,86.57162493399673,923.6742203217241,1,1
9935,65,14,34.63829051427313,2171.7240041663163,8,1
9936,39,2,87.46443700858022,5962.166248745345,5,0
9937,38,61,23.570142885716333,676.8446047373224,8,0
9938,69,17,80.06447010702178,3640.9846829789835,8,1
9939,61,48,84.59401707613442,6626.088560555826,6,0
9940,49,8,44.449671405906415,2216.6060396101775,4,1
9941,67,56,113.697608971048,2484.8063003202583,3,0
9942,40,17,24.597238720047947,7085.237500971624,0,1
9943,30,69,109.17093267849388,5235.028284083701,8,1
9944,22,12,58.189748764253096,6401.925551557128,5,1
9945,21,38,91.39147417025059,2384.7133106963015,1,0
9946,45,18,85.15484273479355,7974.558241253942,6,1
9947,31,26,36.82462160279955,1213.081322288821,5,1
9948,25,37,51.89992755898587,7699.302992073854,3,0
9949,26,70,72.96734809125338,7226.583041298323,5,0
9950,68,41,104.65102703846068,4459.967727931151,5,1
9951,52,42,115.48600759354687,4723.842191661463,4,0
9952,54,41,22.058663333724176,6222.878239970508,0,1
9953,38,47,55.25582554710086,2523.5786389172777,2,0
9954,35,14,86.81439245824626,4267.011278230675,6,1
9955,50,1,72.7729433242667,7228.768770463086,1,0
9956,25,17,114.3022115856759,639.1673941554026,9,0
9957,68,55,21.69694345359478,7253.676487922034,9,1
9958,66,53,63.77393986176359,5857.345720385054,0,0
9959,34,31,86.88038478046222,6181.774148621793,7,0
9960,60,62,41.758371386795595,611.2730139667515,6,0
9961,48,8,92.58713861149484,1583.277684349319,5,1
9962,51,30,28.12286282213085,7409.568214726025,9,0
9963,23,66,65.10385294813155,1080.0064429377533,4,0
9964,39,45,87.62349561907047,5086.344559068854,5,0
9965,31,18,46.67571282404816,6283.27114257105,0,1
9966,20,45,27.38464176752628,1927.1279935861778,8,1
9967,29,19,115.70216097994428,5620.44266914974,0,0
9968,53,68,111.38230287952626,618.0544550324043,3,0
9969,29,50,112.63699116117328,4040.270384036878,2,1
9970,62,25,117.8502383297728,2742.021630222562,3,1
9971,19,38,38.469805441137154,5201.3619371336945,0,1
9972,19,36,35.777599779244525,7123.138283961658,9,1
9973,32,68,23.4214586207677,1091.3782531742404,3,0
9974,40,56,109.18227876177825,3657.4304545306,3,1
9975,46,39,95.27628411359521,3443.231071377754,2,0
9976,34,63,83.32624111184941,2657.9823833119794,7,0
9977,49,7,112.76761591861373,3893.317447455526,6,0
9978,24,58,77.50766144924971,7057.754975006835,8,0
9979,47,59,32.9730752725548,7791.929276750209,1,1
9980,45,48,37.68644749350079,122.45881033241737,9,0
9981,31,5,33.21839303380965,5938.349190593696,2,0
9982,61,36,50.76580127230325,4959.1414824728645,5,1
9983,47,25,57.94968331136138,7956.645962772127,1,0
9984,34,45,99.68390646846875,810.4580275204898,1,0
9985,49,19,39.12539114453434,6509.635782463854,9,0
9986,63,7,92.53651528437021,7478.032617696864,1,1
9987,23,58,69.12285021145077,7305.713492190256,1,0
9988,68,66,119.96599211282728,4528.52436332074,4,1
9989,41,39,97.6582461044869,2687.693545632069,0,1
9990,23,18,116.89529886532927,5155.240312543982,6,1
9991,44,1,54.235150163532836,2517.968762263547,0,1
9992,35,63,32.30501931662579,3356.9271484731576,0,0
9993,41,3,70.58958051452059,3621.2273798556903,4,1
9994,54,21,32.4239473863474,2485.4063936753146,6,0
9995,41,30,69.24517048620648,2800.436181477794,2,1
9996,55,11,46.99410261753804,157.77363984075805,6,1
9997,51,22,69.10472124280867,2446.9230237170186,8,1
9998,57,57,114.9636203621966,3831.212455864066,3,1
9999,64,3,48.90340642234972,1466.7582247171495,4,0
10000,32,30,119.34340493695612,6464.1181571387115,7,1
